id,name,aliases,locality,lga,state,category,lat,lng,precision,verified,sources,licenses,notes
gn-gboko-adi-ppl-2352437,Adi,,Gboko,Gboko,Benue,village,7.01111,8.9815,exact,false,geonames,CC-BY-4.0,GeoNames feature P.PPL
gn-gboko-aer-ppl-9638320,Aer,,Gboko,Gboko,Benue,village,7.02574,9.10404,exact,false,geonames,CC-BY-4.0,GeoNames feature P.PPL
wd-Q109920637,Agaga,,Gboko,Gboko,Benue,settlement,7.027063,8.94627,exact,false,wikidata,,Wikidata Q109920637; instance-of: human settlement
wd-Q109919175,Ageva,,Gboko,Gboko,Benue,settlement,7.019513,8.958692,exact,false,geonames|wikidata,CC-BY-4.0,Wikidata Q109919175; instance-of: human settlement; GeoNames feature P.PPL
gn-gboko-agule-ppl-2351744,Agule,,Gboko,Gboko,Benue,village,7.01701,8.91178,exact,false,geonames,CC-BY-4.0,GeoNames feature P.PPL
gn-gboko-agule-ppl-2351745,Agule,,Gboko,Gboko,Benue,village,7.01316,8.881,exact,false,geonames,CC-BY-4.0,GeoNames feature P.PPL
wd-Q109923230,Agule,,Gboko,Gboko,Benue,settlement,6.995018,8.883495,exact,false,wikidata,,Wikidata Q109923230; instance-of: human settlement
gn-gboko-akaahan-usadoo-toren-ppl-2351262,Akaahan Usadoo Toren,,Gboko,Gboko,Benue,village,7.0137,8.92238,exact,false,geonames,CC-BY-4.0,GeoNames feature P.PPL
wd-Q109920507,Akaahan Usadoo Toren,,Gboko,Gboko,Benue,settlement,7.014271,8.913281,exact,false,wikidata,,Wikidata Q109920507; instance-of: human settlement
wd-Q109920948,Akenyo,,Gboko,Gboko,Benue,settlement,6.997782,8.982853,exact,false,geonames|wikidata,CC-BY-4.0,Wikidata Q109920948; instance-of: human settlement; GeoNames feature P.PPL
gn-gboko-akpensongon-ppl-9638095,Akpensongon,,Gboko,Gboko,Benue,village,7.00387,9.08934,exact,false,geonames,CC-BY-4.0,GeoNames feature P.PPL
gn-gboko-alabar-ppl-9638041,Alabar,,Gboko,Gboko,Benue,village,7.00738,9.04133,exact,false,geonames,CC-BY-4.0,GeoNames feature P.PPL
gn-gboko-anyo-ppl-9638044,Anyo,,Gboko,Gboko,Benue,village,7.01722,9.04285,exact,false,geonames,CC-BY-4.0,GeoNames feature P.PPL
gn-gboko-asua-ppl-9638038,Asua,,Gboko,Gboko,Benue,village,7.02695,9.03471,exact,false,geonames,CC-BY-4.0,GeoNames feature P.PPL
gn-gboko-azabo-ppl-2348612,Azabo,,Gboko,Gboko,Benue,village,7.01924,8.9266,exact,false,geonames,CC-BY-4.0,GeoNames feature P.PPL
wd-Q109920401,Azabo,,Gboko,Gboko,Benue,settlement,7.021603,8.936264,exact,false,wikidata,,Wikidata Q109920401; instance-of: human settlement
gn-gboko-bunde-ppl-9638045,Bunde,,Gboko,Gboko,Benue,village,7.0204,9.04001,exact,false,geonames,CC-BY-4.0,GeoNames feature P.PPL
ov-6b4dc132-2372-4fe3-b0b6-3f0249ad11ac,Catholic Church,,Gboko,Gboko,Benue,christian-place-of-worship,6.869818,8.959818,exact,false,overture,CDLA-Permissive-2.0,Overture 6b4dc132-2372-4fe3-b0b6-3f0249ad11ac; confidence 0.24345140159130096; address locality: Vandeikya
wd-Q109920269,Damkor,,Gboko,Gboko,Benue,settlement,7.013253,8.973188,exact,false,geonames|wikidata,CC-BY-4.0,Wikidata Q109920269; instance-of: human settlement; GeoNames feature P.PPL
ov-3ca7f1a8-19cb-4170-8ca9-f98d2477ed0f,DAN VTU ,,Gboko,Gboko,Benue,corporate-or-business-office,6.796273,9.056614,exact,false,overture,CDLA-Permissive-2.0,Overture 3ca7f1a8-19cb-4170-8ca9-f98d2477ed0f; confidence 0.5487775206565857; address locality: Vandeikya
ov-d8733baa-b875-4677-bf72-21947dc371a5,DJ Skiller Entertainment,,Gboko,Gboko,Benue,place,6.913553,8.913396,exact,false,overture,CDLA-Permissive-2.0,Overture d8733baa-b875-4677-bf72-21947dc371a5; confidence 0.3038574159145355
gn-gboko-etandere-ppl-2343080,Etandere,Atandere,Gboko,Gboko,Benue,village,6.79178,8.88151,exact,false,geonames,CC-BY-4.0,GeoNames feature P.PPL
wd-Q108046054,"Federal Government College, Vandeikya",Federal Government College Vandeikya,Gboko,Gboko,Benue,school,6.796424,9.058936,exact,false,overture|wikidata,CDLA-Permissive-2.0,Wikidata Q108046054; instance-of: secondary school; Wikidata Q108046054; instance-of: secondary school; Overture 877c73c2-8fc0-4803-8f4f-24d806b6c2fd; confidence 0.6461544036865234; address locality: Vandeikya
ng-benue-gboko-general-hospital,Gboko General Hospital,Gboko Hospital,Gboko,Gboko,Benue,hospital,6.906,8.998,approximate,false,curated,project-owned,Draft - existence/placement unconfirmed; verify before shipping
ng-benue-gboko-lga-secretariat,Gboko LGA Secretariat,Gboko LGA Headquarters|Gboko Council Secretariat,Gboko,Gboko,Benue,government,6.909,8.997,approximate,false,curated,project-owned,Draft; coords approximate - verify
ng-benue-gboko-main-market,Gboko Main Market,Gboko Market|Gboko Central Market,Gboko,Gboko,Benue,market,6.907,8.995,approximate,false,curated,project-owned,Draft; coords approximate - verify
ng-benue-gboko-town-centre,Gboko Town Centre,Gboko town|Gboko centre,Gboko,Gboko,Benue,district,6.9081,8.9964,approximate,false,curated,project-owned,Draft; town centre coords - verify
gn-gboko-goon-ppl-9638039,Goon,,Gboko,Gboko,Benue,village,7.02389,9.01858,exact,false,geonames,CC-BY-4.0,GeoNames feature P.PPL
wd-Q109920408,Hege,,Gboko,Gboko,Benue,settlement,7.017141,8.917463,exact,false,geonames|wikidata,CC-BY-4.0,Wikidata Q109920408; instance-of: human settlement; GeoNames feature P.PPL
ov-9bd85db0-9ba9-4672-a75d-ddfdd8f26514,"House of Torrential Grace, Abuja",,Gboko,Gboko,Benue,religious-organization,7.010878,8.961454,exact,false,overture,CDLA-Permissive-2.0,Overture 9bd85db0-9ba9-4672-a75d-ddfdd8f26514; confidence 0.8551338911056519; address locality: Abuja
wd-Q109922971,Ihange,,Gboko,Gboko,Benue,settlement,7.01685,8.897805,exact,false,geonames|wikidata,CC-BY-4.0,Wikidata Q109922971; instance-of: human settlement; GeoNames feature P.PPL
gn-gboko-ihanme-ppl-2338508,Ihanme,,Gboko,Gboko,Benue,village,7.00989,8.98716,exact,false,geonames,CC-BY-4.0,GeoNames feature P.PPL
wd-Q109919945,Ihanme,,Gboko,Gboko,Benue,settlement,7.014159,8.995282,exact,false,wikidata,,Wikidata Q109919945; instance-of: human settlement
gn-gboko-ihugh-ppl-2338474,Ihugh,,Gboko,Gboko,Benue,village,7.01307,9.02615,exact,false,geonames,CC-BY-4.0,GeoNames feature P.PPL
gn-gboko-ihugh-forest-reserve-resf-2338473,Ihugh Forest Reserve,Tiv Native Area Number 2,Gboko,Gboko,Benue,reserve,6.9936,9.0404,exact,false,geonames,CC-BY-4.0,GeoNames feature L.RESF
wd-Q109910550,Ihugh Forest Reserve,,Gboko,Gboko,Benue,settlement,7.015657,9.028942,exact,false,wikidata,,Wikidata Q109910550; instance-of: human settlement
gn-gboko-ijembe-ppl-9638321,Ijembe,,Gboko,Gboko,Benue,village,7.02395,9.10726,exact,false,geonames,CC-BY-4.0,GeoNames feature P.PPL
gn-gboko-iwarev-ppll-9276801,Iwarev,,Gboko,Gboko,Benue,village,6.88339,8.89718,exact,false,geonames,CC-BY-4.0,GeoNames feature P.PPLL
gn-gboko-iyarmade-ppl-2336822,Iyarmade,,Gboko,Gboko,Benue,village,7.01388,8.98193,exact,false,geonames,CC-BY-4.0,GeoNames feature P.PPL
gn-gboko-izugu-ppl-9638040,Izugu,,Gboko,Gboko,Benue,village,7.01326,9.01471,exact,false,geonames,CC-BY-4.0,GeoNames feature P.PPL
ov-d3cb7304-8867-4276-a9d0-3da3c750a45a,Jechira Hotel,,Gboko,Gboko,Benue,hotel,6.81268,9.045521,exact,false,overture,CDLA-Permissive-2.0,Overture d3cb7304-8867-4276-a9d0-3da3c750a45a; confidence 0.4336714744567871; address locality: Vandeikya
wd-Q109920799,Jingba Nege,,Gboko,Gboko,Benue,settlement,6.999332,8.901426,exact,false,wikidata,,Wikidata Q109920799; instance-of: human settlement
gn-gboko-jingba-nege-ppl-2336037,Jingba-Nege,,Gboko,Gboko,Benue,village,7.01164,8.89246,exact,false,geonames,CC-BY-4.0,GeoNames feature P.PPL
gn-gboko-kase-ppl-9638043,Kase,,Gboko,Gboko,Benue,village,7.01495,9.03772,exact,false,geonames,CC-BY-4.0,GeoNames feature P.PPL
gn-gboko-koinya-ppl-2333947,Koinya,Koinyao|Kornya,Gboko,Gboko,Benue,village,6.91481,8.92074,exact,false,geonames,CC-BY-4.0,GeoNames feature P.PPL
wd-Q109920162,Kondu,,Gboko,Gboko,Benue,settlement,7.025249,8.954206,exact,false,geonames|wikidata,CC-BY-4.0,Wikidata Q109920162; instance-of: human settlement; GeoNames feature P.PPL
wd-Q110058072,Kpalevzua,,Gboko,Gboko,Benue,settlement,7.0278,8.877031,exact,false,wikidata,,Wikidata Q110058072; instance-of: human settlement
ov-f18e1437-48aa-4b8a-99c1-8bb76a812f55,Lemuel's pharmacy of Nigeria,,Gboko,Gboko,Benue,health-care,6.796273,9.056614,exact,false,overture,CDLA-Permissive-2.0,Overture f18e1437-48aa-4b8a-99c1-8bb76a812f55; confidence 0.532737135887146; address locality: Vandeikya
wd-Q6748884,Mangel,,Gboko,Gboko,Benue,settlement,7.016667,8.933333,exact,false,geonames|wikidata,CC-BY-4.0,Wikidata Q6748884; instance-of: human settlement; GeoNames feature P.PPL
wd-Q109923188,Mangel,,Gboko,Gboko,Benue,settlement,7.005258,8.939369,exact,false,wikidata,,Wikidata Q109923188; instance-of: human settlement
wd-Q131152626,Mbadede,,Gboko,Gboko,Benue,place,7.0131,9.0262,exact,false,wikidata,,Wikidata Q131152626; instance-of: ward of nigeria
wd-Q109908959,Mbara,Mode,Gboko,Gboko,Benue,settlement,6.906597,9.07425,exact,false,geonames|wikidata,CC-BY-4.0,Wikidata Q109908959; instance-of: human settlement; GeoNames feature P.PPL
wd-Q109909199,Mode,,Gboko,Gboko,Benue,settlement,6.917618,9.077498,exact,false,wikidata,,Wikidata Q109909199; instance-of: human settlement
gn-gboko-mtema-stm-9638538,Mtema,River Mtema,Gboko,Gboko,Benue,river,7.01955,8.9961,exact,false,geonames,CC-BY-4.0,GeoNames feature H.STM
wd-Q109920285,Naasor,,Gboko,Gboko,Benue,settlement,6.99921,8.942819,exact,false,geonames|wikidata,CC-BY-4.0,Wikidata Q109920285; instance-of: human settlement; GeoNames feature P.PPL
gn-gboko-nyoto-ppl-9638322,Nyoto,,Gboko,Gboko,Benue,village,7.01286,9.10075,exact,false,geonames,CC-BY-4.0,GeoNames feature P.PPL
gn-gboko-ochongo-ppl-6914605,Ochongo,,Gboko,Gboko,Benue,village,6.80883,8.93053,exact,false,geonames,CC-BY-4.0,GeoNames feature P.PPL
gn-gboko-orfo-ppl-2325798,Orfo,,Gboko,Gboko,Benue,village,7.01977,8.98328,exact,false,geonames,CC-BY-4.0,GeoNames feature P.PPL
wd-Q109920153,Orfo,,Gboko,Gboko,Benue,settlement,7.006633,8.971808,exact,false,wikidata,,Wikidata Q109920153; instance-of: human settlement
gn-gboko-oroun-ppl-9638323,Oroun,,Gboko,Gboko,Benue,village,7.00557,9.09864,exact,false,geonames,CC-BY-4.0,GeoNames feature P.PPL
ov-b98dd435-e7df-4992-84e0-ed4ecebe9734,"Our Lady Of Appostle Secondary School Vandelkya Benue State, Nigeria",,Gboko,Gboko,Benue,place-of-learning,6.796273,9.056614,exact,false,overture,CDLA-Permissive-2.0,Overture b98dd435-e7df-4992-84e0-ed4ecebe9734; confidence 0.6765657663345337; address locality: Vandeikya
ov-09789a1f-acf3-4535-9abd-78b8f16f2d92,Ray of Hope Academy Mbausu ,,Gboko,Gboko,Benue,place-of-learning,6.796273,9.056614,exact,false,overture,CDLA-Permissive-2.0,Overture 09789a1f-acf3-4535-9abd-78b8f16f2d92; confidence 0.8403456807136536; address locality: Vandeikya
gn-gboko-river-aker-stm-9277814,River Aker,,Gboko,Gboko,Benue,river,6.99871,8.89622,exact,false,geonames,CC-BY-4.0,GeoNames feature H.STM
gn-gboko-river-ndoghur-stm-9638542,River Ndoghur,,Gboko,Gboko,Benue,river,7.00423,9.06201,exact,false,geonames,CC-BY-4.0,GeoNames feature H.STM
gn-gboko-river-udniel-stm-2320306,River Udniel,River Undiel,Gboko,Gboko,Benue,river,7.01301,8.93744,exact,false,geonames,CC-BY-4.0,GeoNames feature H.STM
gn-gboko-river-uire-stm-6852172,River Uire,Uire,Gboko,Gboko,Benue,river,7.00601,8.91111,exact,false,geonames,CC-BY-4.0,GeoNames feature H.STM
gn-gboko-river-uswange-stm-9638549,River Uswange,,Gboko,Gboko,Benue,river,7.01643,9.08332,exact,false,geonames,CC-BY-4.0,GeoNames feature H.STM
ov-f3175042-5609-4131-b732-cb7f51209f86,Saint Ritas Secondary school vandeikya,,Gboko,Gboko,Benue,place-of-learning,6.796273,9.056614,exact,false,overture,CDLA-Permissive-2.0,Overture f3175042-5609-4131-b732-cb7f51209f86; confidence 0.6616310477256775; address locality: Vandeikya
gn-gboko-sender-ppl-2323499,Sender,,Gboko,Gboko,Benue,village,7.0192,8.8835,exact,false,geonames,CC-BY-4.0,GeoNames feature P.PPL
wd-Q109920176,Sendeye,,Gboko,Gboko,Benue,settlement,7.008012,8.899357,exact,false,geonames|wikidata,CC-BY-4.0,Wikidata Q109920176; instance-of: human settlement; GeoNames feature P.PPL
gn-gboko-shima-ppl-2323180,Shima,,Gboko,Gboko,Benue,village,7.0163,8.9516,exact,false,geonames,CC-BY-4.0,GeoNames feature P.PPL
ov-81352197-65fa-4991-a975-e5b8e282e0c1,Tersen Henry Bem,,Gboko,Gboko,Benue,b2b-office-and-professional-service,6.796273,9.056614,exact,false,overture,CDLA-Permissive-2.0,Overture 81352197-65fa-4991-a975-e5b8e282e0c1; confidence 0.2392294704914093; address locality: Vandeikya
wd-Q126118385,Tesem Talent Academy,,Gboko,Gboko,Benue,school,6.820334,9.062457,exact,false,wikidata,,Wikidata Q126118385; instance-of: school
gn-gboko-tiav-ppl-2322184,Tiav,,Gboko,Gboko,Benue,village,7.02608,8.98842,exact,false,geonames,CC-BY-4.0,GeoNames feature P.PPL
gn-gboko-tilan-ppl-9638096,Tilan,,Gboko,Gboko,Benue,village,7.00237,9.09882,exact,false,geonames,CC-BY-4.0,GeoNames feature P.PPL
gn-gboko-tilan-ppl-9640489,Tilan,,Gboko,Gboko,Benue,village,7.00107,9.074,exact,false,geonames,CC-BY-4.0,GeoNames feature P.PPL
ng-benue-gboko-tor-tiv-palace,Tor Tiv's Palace,Tor Tiv Palace|Gboko Tor Tiv Palace,Gboko,Gboko,Benue,landmark,6.91,9.0,approximate,false,curated,project-owned,Draft; coords approximate - verify placement
wd-Q109919521,Torzape,,Gboko,Gboko,Benue,settlement,7.02575,8.927984,exact,false,geonames|wikidata,CC-BY-4.0,Wikidata Q109919521; instance-of: human settlement; GeoNames feature P.PPL
wd-Q109919971,Torzape Mange,,Gboko,Gboko,Benue,settlement,7.017851,8.923844,exact,false,geonames|wikidata,CC-BY-4.0,Wikidata Q109919971; instance-of: human settlement; GeoNames feature P.PPL
gn-gboko-tseagur-ppl-9638064,Tseagur,,Gboko,Gboko,Benue,village,7.02596,9.06682,exact,false,geonames,CC-BY-4.0,GeoNames feature P.PPL
gn-gboko-tseakooshi-ppl-9638324,Tseakooshi,,Gboko,Gboko,Benue,village,7.00289,9.10952,exact,false,geonames,CC-BY-4.0,GeoNames feature P.PPL
gn-gboko-tsokar-ppl-2321731,Tsokar,,Gboko,Gboko,Benue,village,7.01581,8.88781,exact,false,geonames,CC-BY-4.0,GeoNames feature P.PPL
gn-gboko-tyagher-ppl-9638046,Tyagher,,Gboko,Gboko,Benue,village,7.0275,9.03747,exact,false,geonames,CC-BY-4.0,GeoNames feature P.PPL
gn-gboko-tyozua-ppl-2321088,Tyozua,,Gboko,Gboko,Benue,village,7.01964,8.91953,exact,false,geonames,CC-BY-4.0,GeoNames feature P.PPL
wd-Q109920205,Tyozua,,Gboko,Gboko,Benue,settlement,7.000698,8.925742,exact,false,wikidata,,Wikidata Q109920205; instance-of: human settlement
gn-gboko-uanto-ppl-2321068,Uanto,,Gboko,Gboko,Benue,village,7.0244,8.99249,exact,false,geonames,CC-BY-4.0,GeoNames feature P.PPL
gn-gboko-ukwa-ppl-9638042,Ukwa,,Gboko,Gboko,Benue,village,7.00105,9.04402,exact,false,geonames,CC-BY-4.0,GeoNames feature P.PPL
gn-gboko-ula-stm-9277869,Ula,,Gboko,Gboko,Benue,river,6.79201,8.97782,exact,false,geonames,CC-BY-4.0,GeoNames feature H.STM
gn-gboko-vandeikya-adm2-7729908,Vandeikya,Agbegbe Ijoba Ibile Vandeikya|Agbègbè Ìjọba Ìbílẹ̀ Vandeikya|fandykya|wndykya|فانديكيا,Gboko,Gboko,Benue,lga_seat,6.82814,9.05904,exact,false,geonames,CC-BY-4.0,GeoNames feature A.ADM2
ov-b2e4fe69-4fa2-4b41-ae66-2f79bdacf3d1,Vandeikya,,Gboko,Gboko,Benue,professional-service,6.796273,9.056614,exact,false,overture,CDLA-Permissive-2.0,Overture b2e4fe69-4fa2-4b41-ae66-2f79bdacf3d1; confidence 0.30026355385780334; address locality: Vandeikya
gn-gboko-velegh-ppl-2319437,Velegh,,Gboko,Gboko,Benue,village,7.02205,8.94572,exact,false,geonames,CC-BY-4.0,GeoNames feature P.PPL
wd-Q109920214,Velegh,,Gboko,Gboko,Benue,settlement,7.008851,8.960073,exact,false,wikidata,,Wikidata Q109920214; instance-of: human settlement
gn-gboko-vinienger-stm-2319413,Vinienger,River Vinienger,Gboko,Gboko,Benue,river,7.01159,8.92705,exact,false,geonames,CC-BY-4.0,GeoNames feature H.STM
wd-Q109920146,"Vinienger, River",,Gboko,Gboko,Benue,settlement,7.022349,8.914531,exact,false,wikidata,,Wikidata Q109920146; instance-of: human settlement
gn-katsina-ala-abakpa-ppl-9638450,Abakpa,,Katsina-Ala,Katsina-Ala,Benue,village,7.15556,9.23433,exact,false,geonames,CC-BY-4.0,GeoNames feature P.PPL
gn-katsina-ala-aben-ppl-9639650,Aben,,Katsina-Ala,Katsina-Ala,Benue,village,7.16959,9.34086,exact,false,geonames,CC-BY-4.0,GeoNames feature P.PPL
gn-katsina-ala-aboor-ppl-9639687,Aboor,,Katsina-Ala,Katsina-Ala,Benue,village,7.11564,9.31951,exact,false,geonames,CC-BY-4.0,GeoNames feature P.PPL
gn-katsina-ala-abua-ppl-9639661,Abua,,Katsina-Ala,Katsina-Ala,Benue,village,7.13793,9.33444,exact,false,geonames,CC-BY-4.0,GeoNames feature P.PPL
ov-3d4447c1-4b9a-4c29-a975-983d85a6b728,Aburi Guest House,,Katsina-Ala,Katsina-Ala,Benue,lodging,7.173331,9.284531,exact,false,overture,CDLA-Permissive-2.0,Overture 3d4447c1-4b9a-4c29-a975-983d85a6b728; confidence 0.19387187063694
gn-katsina-ala-abwa-ppl-9638379,Abwa,,Katsina-Ala,Katsina-Ala,Benue,village,7.20392,9.21411,exact,false,geonames,CC-BY-4.0,GeoNames feature P.PPL
gn-katsina-ala-adaa-ppl-9638415,Adaa,,Katsina-Ala,Katsina-Ala,Benue,village,7.18498,9.20591,exact,false,geonames,CC-BY-4.0,GeoNames feature P.PPL
gn-katsina-ala-adaaku-ppl-9638364,Adaaku,,Katsina-Ala,Katsina-Ala,Benue,village,7.221,9.18995,exact,false,geonames,CC-BY-4.0,GeoNames feature P.PPL
ov-b52efb71-bb5c-4738-9d0b-973f4527d18c,Adam Tony,,Katsina-Ala,Katsina-Ala,Benue,gas-station,7.157001,9.28968,exact,false,overture,CDLA-Permissive-2.0,Overture b52efb71-bb5c-4738-9d0b-973f4527d18c; confidence 0.19670942425727844; address locality: Ushongo
gn-katsina-ala-adamgbe-ppl-9638373,Adamgbe,,Katsina-Ala,Katsina-Ala,Benue,village,7.20375,9.20082,exact,false,geonames,CC-BY-4.0,GeoNames feature P.PPL
gn-katsina-ala-adamho-ppl-9634326,Adamho,,Katsina-Ala,Katsina-Ala,Benue,village,7.26434,9.21808,exact,false,geonames,CC-BY-4.0,GeoNames feature P.PPL
gn-katsina-ala-adanger-ppl-9638387,Adanger,,Katsina-Ala,Katsina-Ala,Benue,village,7.22929,9.23407,exact,false,geonames,CC-BY-4.0,GeoNames feature P.PPL
gn-katsina-ala-adeime-ppl-9639641,Adeime,,Katsina-Ala,Katsina-Ala,Benue,village,7.16264,9.31353,exact,false,geonames,CC-BY-4.0,GeoNames feature P.PPL
gn-katsina-ala-adi-ppl-9638406,Adi,,Katsina-Ala,Katsina-Ala,Benue,village,7.18581,9.2333,exact,false,geonames,CC-BY-4.0,GeoNames feature P.PPL
wd-Q109920891,Adi,,Katsina-Ala,Katsina-Ala,Benue,settlement,7.193942,9.241839,exact,false,wikidata,,Wikidata Q109920891; instance-of: human settlement
gn-katsina-ala-adichombu-stm-9640118,Adichombu,River Adichombu,Katsina-Ala,Katsina-Ala,Benue,river,7.17911,9.35539,exact,false,geonames,CC-BY-4.0,GeoNames feature H.STM
gn-katsina-ala-adikpo-ppl-9638385,Adikpo,,Katsina-Ala,Katsina-Ala,Benue,village,7.23527,9.23215,exact,false,geonames,CC-BY-4.0,GeoNames feature P.PPL
gn-katsina-ala-adom-ppl-9639502,Adom,,Katsina-Ala,Katsina-Ala,Benue,village,7.10709,9.26423,exact,false,geonames,CC-BY-4.0,GeoNames feature P.PPL
gn-katsina-ala-aer-ppl-9639831,Aer,,Katsina-Ala,Katsina-Ala,Benue,village,7.10569,9.37624,exact,false,geonames,CC-BY-4.0,GeoNames feature P.PPL
gn-katsina-ala-agber-ppl-9638444,Agber,,Katsina-Ala,Katsina-Ala,Benue,village,7.14945,9.22677,exact,false,geonames,CC-BY-4.0,GeoNames feature P.PPL
gn-katsina-ala-agbo-ppl-9638367,Agbo,,Katsina-Ala,Katsina-Ala,Benue,village,7.2148,9.19228,exact,false,geonames,CC-BY-4.0,GeoNames feature P.PPL
gn-katsina-ala-agboian-ppl-9638344,Agboian,,Katsina-Ala,Katsina-Ala,Benue,village,7.24915,9.18577,exact,false,geonames,CC-BY-4.0,GeoNames feature P.PPL
gn-katsina-ala-agir-ppl-9634306,Agir,,Katsina-Ala,Katsina-Ala,Benue,village,7.26757,9.23613,exact,false,geonames,CC-BY-4.0,GeoNames feature P.PPL
gn-katsina-ala-agishi-ppl-9638423,Agishi,,Katsina-Ala,Katsina-Ala,Benue,village,7.17914,9.22391,exact,false,geonames,CC-BY-4.0,GeoNames feature P.PPL
gn-katsina-ala-ahambe-ppl-9639588,Ahambe,,Katsina-Ala,Katsina-Ala,Benue,village,7.21185,9.28698,exact,false,geonames,CC-BY-4.0,GeoNames feature P.PPL
gn-katsina-ala-ahee-ppl-9639566,Ahee,,Katsina-Ala,Katsina-Ala,Benue,village,7.24746,9.35268,exact,false,geonames,CC-BY-4.0,GeoNames feature P.PPL
gn-katsina-ala-ahilenyaze-ppl-9639605,Ahilenyaze,,Katsina-Ala,Katsina-Ala,Benue,village,7.18589,9.34321,exact,false,geonames,CC-BY-4.0,GeoNames feature P.PPL
gn-katsina-ala-ahuwa-ppl-9639567,Ahuwa,,Katsina-Ala,Katsina-Ala,Benue,village,7.24139,9.34993,exact,false,geonames,CC-BY-4.0,GeoNames feature P.PPL
gn-katsina-ala-ajia-ppl-9639745,Ajia,,Katsina-Ala,Katsina-Ala,Benue,village,7.23141,9.37312,exact,false,geonames,CC-BY-4.0,GeoNames feature P.PPL
gn-katsina-ala-ajim-ppl-9638446,Ajim,,Katsina-Ala,Katsina-Ala,Benue,village,7.15761,9.22752,exact,false,geonames,CC-BY-4.0,GeoNames feature P.PPL
gn-katsina-ala-ajo-ppl-9638405,Ajo,,Katsina-Ala,Katsina-Ala,Benue,village,7.19159,9.23514,exact,false,geonames,CC-BY-4.0,GeoNames feature P.PPL
gn-katsina-ala-aka-ppl-9639644,Aka,,Katsina-Ala,Katsina-Ala,Benue,village,7.15887,9.32324,exact,false,geonames,CC-BY-4.0,GeoNames feature P.PPL
gn-katsina-ala-akaa-ppl-9634330,Akaa,,Katsina-Ala,Katsina-Ala,Benue,village,7.25889,9.2299,exact,false,geonames,CC-BY-4.0,GeoNames feature P.PPL
gn-katsina-ala-akaahan-ppl-9638382,Akaahan,,Katsina-Ala,Katsina-Ala,Benue,village,7.23143,9.20903,exact,false,geonames,CC-BY-4.0,GeoNames feature P.PPL
gn-katsina-ala-akaakase-ppl-9638357,Akaakase,,Katsina-Ala,Katsina-Ala,Benue,village,7.23465,9.19877,exact,false,geonames,CC-BY-4.0,GeoNames feature P.PPL
gn-katsina-ala-akaater-ppl-9638416,Akaater,,Katsina-Ala,Katsina-Ala,Benue,village,7.18267,9.20025,exact,false,geonames,CC-BY-4.0,GeoNames feature P.PPL
gn-katsina-ala-akaayar-ppl-9639684,Akaayar,,Katsina-Ala,Katsina-Ala,Benue,village,7.06964,9.28655,exact,false,geonames,CC-BY-4.0,GeoNames feature P.PPL
gn-katsina-ala-akai-ppl-9639507,Akai,,Katsina-Ala,Katsina-Ala,Benue,village,7.09406,9.25573,exact,false,geonames,CC-BY-4.0,GeoNames feature P.PPL
wd-Q136766173,"Akar Siddeeq  Academy Kastina Ala, Benue State",,Katsina-Ala,Katsina-Ala,Benue,school,7.181179,9.287135,exact,false,wikidata,,Wikidata Q136766173; instance-of: school
gn-katsina-ala-akegh-ppl-9639646,Akegh,,Katsina-Ala,Katsina-Ala,Benue,village,7.16071,9.33141,exact,false,geonames,CC-BY-4.0,GeoNames feature P.PPL
gn-katsina-ala-ako-ppl-9639645,Ako,,Katsina-Ala,Katsina-Ala,Benue,village,7.16069,9.32824,exact,false,geonames,CC-BY-4.0,GeoNames feature P.PPL
gn-katsina-ala-akoo-ppl-9639751,Akoo,,Katsina-Ala,Katsina-Ala,Benue,village,7.21486,9.38337,exact,false,geonames,CC-BY-4.0,GeoNames feature P.PPL
gn-katsina-ala-akpe-ppl-9639654,Akpe,,Katsina-Ala,Katsina-Ala,Benue,village,7.15958,9.34619,exact,false,geonames,CC-BY-4.0,GeoNames feature P.PPL
gn-katsina-ala-akua-ppl-9639591,Akua,,Katsina-Ala,Katsina-Ala,Benue,village,7.20913,9.30303,exact,false,geonames,CC-BY-4.0,GeoNames feature P.PPL
gn-katsina-ala-akuve-ppl-9639830,Akuve,,Katsina-Ala,Katsina-Ala,Benue,village,7.10954,9.38069,exact,false,geonames,CC-BY-4.0,GeoNames feature P.PPL
ov-6a6f7046-c1c0-4e41-9421-9091db4495fb,Alyalwa,,Katsina-Ala,Katsina-Ala,Benue,college-university,7.168988,9.284317,exact,false,overture,CDLA-Permissive-2.0,Overture 6a6f7046-c1c0-4e41-9421-9091db4495fb; confidence 0.3394218683242798
gn-katsina-ala-amire-kiriki-stm-2350079,Amire-Kiriki,River Amire u Kiriki|River Amire-Kiriki|Sonkwala,Katsina-Ala,Katsina-Ala,Benue,river,7.09903,9.31191,exact,false,geonames,CC-BY-4.0,GeoNames feature H.STM
gn-katsina-ala-amo-ppl-9638378,Amo,,Katsina-Ala,Katsina-Ala,Benue,village,7.20091,9.20967,exact,false,geonames,CC-BY-4.0,GeoNames feature P.PPL
gn-katsina-ala-amokaha-ppl-9636850,Amokaha,,Katsina-Ala,Katsina-Ala,Benue,village,7.26919,9.27626,exact,false,geonames,CC-BY-4.0,GeoNames feature P.PPL
gn-katsina-ala-amoshi-ppl-9639651,Amoshi,,Katsina-Ala,Katsina-Ala,Benue,village,7.17236,9.34195,exact,false,geonames,CC-BY-4.0,GeoNames feature P.PPL
gn-katsina-ala-anajime-ppl-9638431,Anajime,,Katsina-Ala,Katsina-Ala,Benue,village,7.17537,9.23358,exact,false,geonames,CC-BY-4.0,GeoNames feature P.PPL
gn-katsina-ala-anber-ppl-9639723,Anber,,Katsina-Ala,Katsina-Ala,Benue,village,7.24083,9.36942,exact,false,geonames,CC-BY-4.0,GeoNames feature P.PPL
gn-katsina-ala-anber-tseshagba-ppl-9639744,Anber Tseshagba,,Katsina-Ala,Katsina-Ala,Benue,village,7.23355,9.37104,exact,false,geonames,CC-BY-4.0,GeoNames feature P.PPL
gn-katsina-ala-andzur-ppl-9638403,Andzur,,Katsina-Ala,Katsina-Ala,Benue,village,7.19927,9.2446,exact,false,geonames,CC-BY-4.0,GeoNames feature P.PPL
gn-katsina-ala-anem-ppl-9634320,Anem,,Katsina-Ala,Katsina-Ala,Benue,village,7.25412,9.20654,exact,false,geonames,CC-BY-4.0,GeoNames feature P.PPL
gn-katsina-ala-ango-ppl-9634327,Ango,,Katsina-Ala,Katsina-Ala,Benue,village,7.26338,9.21982,exact,false,geonames,CC-BY-4.0,GeoNames feature P.PPL
gn-katsina-ala-aniho-ppl-9639584,Aniho,,Katsina-Ala,Katsina-Ala,Benue,village,7.2205,9.34438,exact,false,geonames,CC-BY-4.0,GeoNames feature P.PPL
wd-Q136502945,ANIMCO PHARMACY LTD,,Katsina-Ala,Katsina-Ala,Benue,place,7.169586,9.290459,exact,false,wikidata,,Wikidata Q136502945; instance-of: pharmacy
gn-katsina-ala-anti-ppl-9638408,Anti,,Katsina-Ala,Katsina-Ala,Benue,village,7.19038,9.21831,exact,false,geonames,CC-BY-4.0,GeoNames feature P.PPL
gn-katsina-ala-anure-ppl-9639627,Anure,,Katsina-Ala,Katsina-Ala,Benue,village,7.16877,9.29378,exact,false,geonames,CC-BY-4.0,GeoNames feature P.PPL
gn-katsina-ala-anyagwo-ppl-9634168,Anyagwo,,Katsina-Ala,Katsina-Ala,Benue,village,7.26323,9.18526,exact,false,geonames,CC-BY-4.0,GeoNames feature P.PPL
gn-katsina-ala-anyebe-ppl-9639750,Anyebe,,Katsina-Ala,Katsina-Ala,Benue,village,7.21606,9.37481,exact,false,geonames,CC-BY-4.0,GeoNames feature P.PPL
gn-katsina-ala-anyiin-ppl-9639652,Anyiin,,Katsina-Ala,Katsina-Ala,Benue,village,7.16403,9.34136,exact,false,geonames,CC-BY-4.0,GeoNames feature P.PPL
gn-katsina-ala-anyiman-ppl-9639634,Anyiman,,Katsina-Ala,Katsina-Ala,Benue,village,7.17599,9.35921,exact,false,geonames,CC-BY-4.0,GeoNames feature P.PPL
gn-katsina-ala-aondokaa-ppl-9639587,Aondokaa,,Katsina-Ala,Katsina-Ala,Benue,village,7.21621,9.29901,exact,false,geonames,CC-BY-4.0,GeoNames feature P.PPL
gn-katsina-ala-araghga-ppl-9638445,Araghga,,Katsina-Ala,Katsina-Ala,Benue,village,7.15797,9.22326,exact,false,geonames,CC-BY-4.0,GeoNames feature P.PPL
ov-63008c0c-1a8c-4299-9abc-80fb98de95d4,Arsenal club,,Katsina-Ala,Katsina-Ala,Benue,stadium-arena,7.168988,9.284317,exact,false,overture,CDLA-Permissive-2.0,Overture 63008c0c-1a8c-4299-9abc-80fb98de95d4; confidence 0.39714381098747253
gn-katsina-ala-asember-ppl-9638388,Asember,,Katsina-Ala,Katsina-Ala,Benue,village,7.22482,9.23259,exact,false,geonames,CC-BY-4.0,GeoNames feature P.PPL
gn-katsina-ala-ashamina-ppl-9638352,Ashamina,,Katsina-Ala,Katsina-Ala,Benue,village,7.24619,9.22719,exact,false,geonames,CC-BY-4.0,GeoNames feature P.PPL
gn-katsina-ala-ashir-ppl-9638442,Ashir,,Katsina-Ala,Katsina-Ala,Benue,village,7.14524,9.21193,exact,false,geonames,CC-BY-4.0,GeoNames feature P.PPL
gn-katsina-ala-ashwe-ppl-9634319,Ashwe,,Katsina-Ala,Katsina-Ala,Benue,village,7.25152,9.2025,exact,false,geonames,CC-BY-4.0,GeoNames feature P.PPL
gn-katsina-ala-asuda-ppl-9639675,Asuda,,Katsina-Ala,Katsina-Ala,Benue,village,7.10277,9.2881,exact,false,geonames,CC-BY-4.0,GeoNames feature P.PPL
gn-katsina-ala-asuwa-ppl-9634310,Asuwa,,Katsina-Ala,Katsina-Ala,Benue,village,7.26124,9.24217,exact,false,geonames,CC-BY-4.0,GeoNames feature P.PPL
gn-katsina-ala-atagh-ppl-9638359,Atagh,,Katsina-Ala,Katsina-Ala,Benue,village,7.2306,9.20038,exact,false,geonames,CC-BY-4.0,GeoNames feature P.PPL
gn-katsina-ala-atagher-ppl-9639467,Atagher,,Katsina-Ala,Katsina-Ala,Benue,village,7.23725,9.27249,exact,false,geonames,CC-BY-4.0,GeoNames feature P.PPL
gn-katsina-ala-atimber-ppl-9639596,Atimber,,Katsina-Ala,Katsina-Ala,Benue,village,7.20523,9.34597,exact,false,geonames,CC-BY-4.0,GeoNames feature P.PPL
gn-katsina-ala-atiniugbe-ppl-9638434,Atiniugbe,,Katsina-Ala,Katsina-Ala,Benue,village,7.169,9.23591,exact,false,geonames,CC-BY-4.0,GeoNames feature P.PPL
gn-katsina-ala-atsage-ppl-9638425,Atsage,,Katsina-Ala,Katsina-Ala,Benue,village,7.17506,9.22572,exact,false,geonames,CC-BY-4.0,GeoNames feature P.PPL
gn-katsina-ala-atsuku-ppl-9639589,Atsuku,,Katsina-Ala,Katsina-Ala,Benue,village,7.2081,9.28567,exact,false,geonames,CC-BY-4.0,GeoNames feature P.PPL
gn-katsina-ala-atsuwa-ppl-9639655,Atsuwa,,Katsina-Ala,Katsina-Ala,Benue,village,7.16485,9.35896,exact,false,geonames,CC-BY-4.0,GeoNames feature P.PPL
gn-katsina-ala-atswan-ppl-9636856,Atswan,,Katsina-Ala,Katsina-Ala,Benue,village,7.25381,9.32216,exact,false,geonames,CC-BY-4.0,GeoNames feature P.PPL
gn-katsina-ala-avar-ppl-9639592,Avar,,Katsina-Ala,Katsina-Ala,Benue,village,7.21191,9.30682,exact,false,geonames,CC-BY-4.0,GeoNames feature P.PPL
gn-katsina-ala-avve-ppl-9638397,Avve,,Katsina-Ala,Katsina-Ala,Benue,village,7.20882,9.22554,exact,false,geonames,CC-BY-4.0,GeoNames feature P.PPL
gn-katsina-ala-awua-ppl-9639635,Awua,,Katsina-Ala,Katsina-Ala,Benue,village,7.17177,9.364,exact,false,geonames,CC-BY-4.0,GeoNames feature P.PPL
gn-katsina-ala-awua-ppl-9639680,Awua,,Katsina-Ala,Katsina-Ala,Benue,village,7.0864,9.31133,exact,false,geonames,CC-BY-4.0,GeoNames feature P.PPL
gn-katsina-ala-aya-ppl-9639656,Aya,,Katsina-Ala,Katsina-Ala,Benue,village,7.16368,9.36234,exact,false,geonames,CC-BY-4.0,GeoNames feature P.PPL
wd-Q140264059,Aya River Otukpo.,,Katsina-Ala,Katsina-Ala,Benue,river,7.16368,9.36234,exact,false,wikidata,,Wikidata Q140264059; instance-of: river
gn-katsina-ala-ayauga-ppl-9638369,Ayauga,,Katsina-Ala,Katsina-Ala,Benue,village,7.21145,9.18965,exact,false,geonames,CC-BY-4.0,GeoNames feature P.PPL
gn-katsina-ala-aye-ppl-9638374,Aye,,Katsina-Ala,Katsina-Ala,Benue,village,7.19979,9.20267,exact,false,geonames,CC-BY-4.0,GeoNames feature P.PPL
gn-katsina-ala-ayugh-ppl-9639569,Ayugh,,Katsina-Ala,Katsina-Ala,Benue,village,7.23637,9.34536,exact,false,geonames,CC-BY-4.0,GeoNames feature P.PPL
gn-katsina-ala-azege-ppl-9639620,Azege,,Katsina-Ala,Katsina-Ala,Benue,village,7.17961,9.28695,exact,false,geonames,CC-BY-4.0,GeoNames feature P.PPL
ov-c7646353-b3ad-46e6-9dad-2086e3ff7351,Badman Recordz,,Katsina-Ala,Katsina-Ala,Benue,media-service,7.161872,9.287395,exact,false,overture,CDLA-Permissive-2.0,Overture c7646353-b3ad-46e6-9dad-2086e3ff7351; confidence 0.6038818359375
gn-katsina-ala-baura-ppl-9639823,Baura,,Katsina-Ala,Katsina-Ala,Benue,village,7.12025,9.37272,exact,false,geonames,CC-BY-4.0,GeoNames feature P.PPL
gn-katsina-ala-bendega-ppl-9639585,Bendega,,Katsina-Ala,Katsina-Ala,Benue,village,7.2228,9.29217,exact,false,geonames,CC-BY-4.0,GeoNames feature P.PPL
gn-katsina-ala-benga-ppl-9637021,Benga,,Katsina-Ala,Katsina-Ala,Benue,village,7.2514,9.37373,exact,false,geonames,CC-BY-4.0,GeoNames feature P.PPL
ov-a956d579-c03a-448f-9ab6-5aaa7a006660,"Benue State College of Education, Katsina-Ala,",,Katsina-Ala,Katsina-Ala,Benue,college-university,7.216683,9.212673,exact,false,overture,CDLA-Permissive-2.0,Overture a956d579-c03a-448f-9ab6-5aaa7a006660; confidence 0.7112117409706116
gn-katsina-ala-boager-ppl-9638475,Boager,,Katsina-Ala,Katsina-Ala,Benue,village,7.07417,9.20892,exact,false,geonames,CC-BY-4.0,GeoNames feature P.PPL
gn-katsina-ala-boagundu-ppl-9638398,Boagundu,,Katsina-Ala,Katsina-Ala,Benue,village,7.20987,9.21943,exact,false,geonames,CC-BY-4.0,GeoNames feature P.PPL
gn-katsina-ala-bojime-ppl-9638400,Bojime,,Katsina-Ala,Katsina-Ala,Benue,village,7.20914,9.2135,exact,false,geonames,CC-BY-4.0,GeoNames feature P.PPL
gn-katsina-ala-buku-ppl-9639726,Buku,,Katsina-Ala,Katsina-Ala,Benue,village,7.23993,9.38058,exact,false,geonames,CC-BY-4.0,GeoNames feature P.PPL
gn-katsina-ala-bulun-ppl-9638447,Bulun,,Katsina-Ala,Katsina-Ala,Benue,village,7.16308,9.21768,exact,false,geonames,CC-BY-4.0,GeoNames feature P.PPL
ov-162abbd9-0a92-460c-a1cf-dab622fd31e0,Catholic Diocese of Katsina-Ala,,Katsina-Ala,Katsina-Ala,Benue,place,7.168988,9.284317,exact,false,overture,CDLA-Permissive-2.0,Overture 162abbd9-0a92-460c-a1cf-dab622fd31e0; confidence 0.6223320364952087
gn-katsina-ala-chir-ppl-9639499,Chir,,Katsina-Ala,Katsina-Ala,Benue,village,7.1098,9.26081,exact,false,geonames,CC-BY-4.0,GeoNames feature P.PPL
gn-katsina-ala-chire-ppl-9636700,Chire,,Katsina-Ala,Katsina-Ala,Benue,village,7.25316,9.25616,exact,false,geonames,CC-BY-4.0,GeoNames feature P.PPL
ov-bb7ae80e-b478-4f22-a6c3-82f54bad80cc,Christ Empire Church Of God Internationa,,Katsina-Ala,Katsina-Ala,Benue,religious-organization,7.168988,9.284317,exact,false,overture,CDLA-Permissive-2.0,Overture bb7ae80e-b478-4f22-a6c3-82f54bad80cc; confidence 0.8061698079109192
ov-4b0db6cc-727c-40b6-86fb-8c756c199917,"Christ the King Catholic Church, Vandeikya.",,Katsina-Ala,Katsina-Ala,Benue,christian-place-of-worship,7.178333,9.278672,exact,false,overture,CDLA-Permissive-2.0,Overture 4b0db6cc-727c-40b6-86fb-8c756c199917; confidence 0.7439737915992737; address locality: Vande Ikya
gn-katsina-ala-cihikwagh-ppl-9639504,Cihikwagh,,Katsina-Ala,Katsina-Ala,Benue,village,7.10223,9.26011,exact,false,geonames,CC-BY-4.0,GeoNames feature P.PPL
wd-Q107477966,"College of Education, katsina-Ala",,Katsina-Ala,Katsina-Ala,Benue,school,7.177865,9.279454,exact,false,wikidata,,Wikidata Q107477966; instance-of: school of education
gn-katsina-ala-dem-ppl-9639746,Dem,,Katsina-Ala,Katsina-Ala,Benue,village,7.22614,9.37113,exact,false,geonames,CC-BY-4.0,GeoNames feature P.PPL
gn-katsina-ala-diaka-ppl-9638372,Diaka,,Katsina-Ala,Katsina-Ala,Benue,village,7.20313,9.19355,exact,false,geonames,CC-BY-4.0,GeoNames feature P.PPL
gn-katsina-ala-dodo-ppl-9639475,Dodo,,Katsina-Ala,Katsina-Ala,Benue,village,7.12353,9.25231,exact,false,geonames,CC-BY-4.0,GeoNames feature P.PPL
gn-katsina-ala-dodo-ppl-9639601,Dodo,,Katsina-Ala,Katsina-Ala,Benue,village,7.19167,9.33042,exact,false,geonames,CC-BY-4.0,GeoNames feature P.PPL
gn-katsina-ala-dzever-ppl-9638381,Dzever,,Katsina-Ala,Katsina-Ala,Benue,village,7.23255,9.21233,exact,false,geonames,CC-BY-4.0,GeoNames feature P.PPL
gn-katsina-ala-ebe-ppl-9638407,Ebe,,Katsina-Ala,Katsina-Ala,Benue,village,7.18726,9.22854,exact,false,geonames,CC-BY-4.0,GeoNames feature P.PPL
gn-katsina-ala-ede-ppl-9638430,Ede,,Katsina-Ala,Katsina-Ala,Benue,village,7.17371,9.23494,exact,false,geonames,CC-BY-4.0,GeoNames feature P.PPL
gn-katsina-ala-eka-ppl-9638433,Eka,,Katsina-Ala,Katsina-Ala,Benue,village,7.17112,9.23733,exact,false,geonames,CC-BY-4.0,GeoNames feature P.PPL
ov-8b29afc3-dcc1-421a-99bc-00d2c0d40894,"Fidei international Special Science Schools, Katsina-Ala, Benue State",,Katsina-Ala,Katsina-Ala,Benue,place-of-learning,7.166245,9.283619,exact,false,overture,CDLA-Permissive-2.0,Overture 8b29afc3-dcc1-421a-99bc-00d2c0d40894; confidence 0.7537209987640381
ov-c4ce108e-2f72-4f89-b68f-43ca971ce6cd,FWC Katsina Ala,,Katsina-Ala,Katsina-Ala,Benue,christian-place-of-worship,7.168988,9.284317,exact,false,overture,CDLA-Permissive-2.0,Overture c4ce108e-2f72-4f89-b68f-43ca971ce6cd; confidence 0.5431759357452393
wd-Q136766169,"G Grace Secondary School Kastina Ala, Benue State",,Katsina-Ala,Katsina-Ala,Benue,school,7.173611,9.312723,exact,false,wikidata,,Wikidata Q136766169; instance-of: school
gn-katsina-ala-gabia-ppl-9638394,Gabia,,Katsina-Ala,Katsina-Ala,Benue,village,7.21401,9.22762,exact,false,geonames,CC-BY-4.0,GeoNames feature P.PPL
gn-katsina-ala-gabor-ppl-9639597,Gabor,,Katsina-Ala,Katsina-Ala,Benue,village,7.19891,9.32818,exact,false,geonames,CC-BY-4.0,GeoNames feature P.PPL
gn-katsina-ala-garagbogho-ppl-9634314,Garagbogho,,Katsina-Ala,Katsina-Ala,Benue,village,7.26804,9.18821,exact,false,geonames,CC-BY-4.0,GeoNames feature P.PPL
gn-katsina-ala-gasima-stm-9640122,Gasima,River Gasima,Katsina-Ala,Katsina-Ala,Benue,river,7.18917,9.30974,exact,false,geonames,CC-BY-4.0,GeoNames feature H.STM
gn-katsina-ala-gbabe-ppl-9638353,Gbabe,,Katsina-Ala,Katsina-Ala,Benue,village,7.24127,9.23478,exact,false,geonames,CC-BY-4.0,GeoNames feature P.PPL
gn-katsina-ala-gbajumbu-ppl-9638362,Gbajumbu,,Katsina-Ala,Katsina-Ala,Benue,village,7.22522,9.19485,exact,false,geonames,CC-BY-4.0,GeoNames feature P.PPL
gn-katsina-ala-gbaka-ppl-9636853,Gbaka,,Katsina-Ala,Katsina-Ala,Benue,village,7.25069,9.29501,exact,false,geonames,CC-BY-4.0,GeoNames feature P.PPL
gn-katsina-ala-gbaka-ppl-9639679,Gbaka,,Katsina-Ala,Katsina-Ala,Benue,village,7.09179,9.30363,exact,false,geonames,CC-BY-4.0,GeoNames feature P.PPL
gn-katsina-ala-gbande-ppl-9639658,Gbande,,Katsina-Ala,Katsina-Ala,Benue,village,7.15512,9.3679,exact,false,geonames,CC-BY-4.0,GeoNames feature P.PPL
gn-katsina-ala-gberahembe-ppl-9639595,Gberahembe,,Katsina-Ala,Katsina-Ala,Benue,village,7.20913,9.33588,exact,false,geonames,CC-BY-4.0,GeoNames feature P.PPL
gn-katsina-ala-gberave-ppl-9639673,Gberave,,Katsina-Ala,Katsina-Ala,Benue,village,7.1283,9.29152,exact,false,geonames,CC-BY-4.0,GeoNames feature P.PPL
gn-katsina-ala-gbershi-ppl-9638347,Gbershi,,Katsina-Ala,Katsina-Ala,Benue,village,7.24527,9.19208,exact,false,geonames,CC-BY-4.0,GeoNames feature P.PPL
gn-katsina-ala-gbev-ppl-9639503,Gbev,,Katsina-Ala,Katsina-Ala,Benue,village,7.10248,9.2564,exact,false,geonames,CC-BY-4.0,GeoNames feature P.PPL
gn-katsina-ala-gbireve-ppl-9638384,Gbireve,,Katsina-Ala,Katsina-Ala,Benue,village,7.23592,9.22731,exact,false,geonames,CC-BY-4.0,GeoNames feature P.PPL
gn-katsina-ala-gbudu-ppl-9638419,Gbudu,,Katsina-Ala,Katsina-Ala,Benue,village,7.17302,9.19813,exact,false,geonames,CC-BY-4.0,GeoNames feature P.PPL
gn-katsina-ala-gbuusu-ppl-9639622,Gbuusu,,Katsina-Ala,Katsina-Ala,Benue,village,7.17438,9.28239,exact,false,geonames,CC-BY-4.0,GeoNames feature P.PPL
ov-99534829-c8ff-41b6-a216-b0983c321359,God's Hour Fire Assembly.,,Katsina-Ala,Katsina-Ala,Benue,religious-organization,7.12107,9.257979,exact,false,overture,CDLA-Permissive-2.0,Overture 99534829-c8ff-41b6-a216-b0983c321359; confidence 0.8924505710601807; address locality: Makurdi
ov-98badbeb-3ed7-4a31-9c70-7e5db3c79950,Government College Katsina/ala,,Katsina-Ala,Katsina-Ala,Benue,place-of-learning,7.16667,9.28333,exact,false,overture,CDLA-Permissive-2.0,Overture 98badbeb-3ed7-4a31-9c70-7e5db3c79950; confidence 0.8236197829246521
gn-katsina-ala-gum-ppl-9638470,Gum,,Katsina-Ala,Katsina-Ala,Benue,village,7.09,9.19274,exact,false,geonames,CC-BY-4.0,GeoNames feature P.PPL
gn-katsina-ala-gwa-ppl-9638414,Gwa,,Katsina-Ala,Katsina-Ala,Benue,village,7.18457,9.18681,exact,false,geonames,CC-BY-4.0,GeoNames feature P.PPL
gn-katsina-ala-hange-ppl-9639614,Hange,,Katsina-Ala,Katsina-Ala,Benue,village,7.18057,9.30482,exact,false,geonames,CC-BY-4.0,GeoNames feature P.PPL
gn-katsina-ala-hange-ppl-9639615,Hange,,Katsina-Ala,Katsina-Ala,Benue,village,7.19396,9.28519,exact,false,geonames,CC-BY-4.0,GeoNames feature P.PPL
gn-katsina-ala-have-ppl-9639611,Have,,Katsina-Ala,Katsina-Ala,Benue,village,7.17955,9.31043,exact,false,geonames,CC-BY-4.0,GeoNames feature P.PPL
gn-katsina-ala-homgor-ppl-9637022,Homgor,,Katsina-Ala,Katsina-Ala,Benue,village,7.25085,9.36996,exact,false,geonames,CC-BY-4.0,GeoNames feature P.PPL
gn-katsina-ala-human-ppl-9639657,Human,,Katsina-Ala,Katsina-Ala,Benue,village,7.15097,9.36347,exact,false,geonames,CC-BY-4.0,GeoNames feature P.PPL
gn-katsina-ala-hungityo-ppl-9636847,Hungityo,,Katsina-Ala,Katsina-Ala,Benue,village,7.26938,9.31173,exact,false,geonames,CC-BY-4.0,GeoNames feature P.PPL
gn-katsina-ala-hungwamin-ppl-9638420,Hungwamin,,Katsina-Ala,Katsina-Ala,Benue,village,7.17619,9.20701,exact,false,geonames,CC-BY-4.0,GeoNames feature P.PPL
gn-katsina-ala-ichaver-ppl-9639557,Ichaver,,Katsina-Ala,Katsina-Ala,Benue,village,7.24134,9.28218,exact,false,geonames,CC-BY-4.0,GeoNames feature P.PPL
gn-katsina-ala-idye-ppl-9638424,Idye,,Katsina-Ala,Katsina-Ala,Benue,village,7.17187,9.22365,exact,false,geonames,CC-BY-4.0,GeoNames feature P.PPL
gn-katsina-ala-igba-ppl-9639834,Igba,,Katsina-Ala,Katsina-Ala,Benue,village,7.09117,9.37622,exact,false,geonames,CC-BY-4.0,GeoNames feature P.PPL
gn-katsina-ala-igbakua-ppl-9638375,Igbakua,,Katsina-Ala,Katsina-Ala,Benue,village,7.19805,9.20024,exact,false,geonames,CC-BY-4.0,GeoNames feature P.PPL
gn-katsina-ala-igbenor-stm-9637175,Igbenor,River Igbenor,Katsina-Ala,Katsina-Ala,Benue,river,7.26719,9.35928,exact,false,geonames,CC-BY-4.0,GeoNames feature H.STM
gn-katsina-ala-igber-ppl-9638365,Igber,,Katsina-Ala,Katsina-Ala,Benue,village,7.21732,9.18785,exact,false,geonames,CC-BY-4.0,GeoNames feature P.PPL
gn-katsina-ala-igbur-ppl-9638399,Igbur,,Katsina-Ala,Katsina-Ala,Benue,village,7.20566,9.22785,exact,false,geonames,CC-BY-4.0,GeoNames feature P.PPL
gn-katsina-ala-igeige-ppl-9636862,Igeige,,Katsina-Ala,Katsina-Ala,Benue,village,7.25023,9.36364,exact,false,geonames,CC-BY-4.0,GeoNames feature P.PPL; GeoNames feature P.PPL
gn-katsina-ala-igira-ppl-9638396,Igira,,Katsina-Ala,Katsina-Ala,Benue,village,7.21096,9.2296,exact,false,geonames,CC-BY-4.0,GeoNames feature P.PPL
gn-katsina-ala-igyovur-ppl-9634318,Igyovur,,Katsina-Ala,Katsina-Ala,Benue,village,7.25441,9.19455,exact,false,geonames,CC-BY-4.0,GeoNames feature P.PPL
gn-katsina-ala-ihamber-ppl-9634323,Ihamber,,Katsina-Ala,Katsina-Ala,Benue,village,7.25231,9.21367,exact,false,geonames,CC-BY-4.0,GeoNames feature P.PPL
gn-katsina-ala-ihom-ppl-9639647,Ihom,,Katsina-Ala,Katsina-Ala,Benue,village,7.16359,9.33458,exact,false,geonames,CC-BY-4.0,GeoNames feature P.PPL
gn-katsina-ala-ikponko-ppl-9638457,Ikponko,,Katsina-Ala,Katsina-Ala,Benue,village,7.14123,9.22296,exact,false,geonames,CC-BY-4.0,GeoNames feature P.PPL
gn-katsina-ala-ikputu-ppl-9638366,Ikputu,,Katsina-Ala,Katsina-Ala,Benue,village,7.21385,9.18752,exact,false,geonames,CC-BY-4.0,GeoNames feature P.PPL
wd-Q125759182,Ikurav Tiev I,,Katsina-Ala,Katsina-Ala,Benue,place,7.2651,9.3784,exact,false,wikidata,,Wikidata Q125759182; instance-of: ward of nigeria
gn-katsina-ala-ikuray-ppll-9639604,Ikuray,,Katsina-Ala,Katsina-Ala,Benue,village,7.18729,9.33608,exact,false,geonames,CC-BY-4.0,GeoNames feature P.PPLL
gn-katsina-ala-ikyaa-ppl-9639572,Ikyaa,,Katsina-Ala,Katsina-Ala,Benue,village,7.2277,9.33941,exact,false,geonames,CC-BY-4.0,GeoNames feature P.PPL
gn-katsina-ala-ikyaanya-ppl-9639671,Ikyaanya,,Katsina-Ala,Katsina-Ala,Benue,village,7.13289,9.27662,exact,false,geonames,CC-BY-4.0,GeoNames feature P.PPL
gn-katsina-ala-ikyota-ppl-9639501,Ikyota,,Katsina-Ala,Katsina-Ala,Benue,village,7.11095,9.27212,exact,false,geonames,CC-BY-4.0,GeoNames feature P.PPL
gn-katsina-ala-iliam-ppl-9639602,Iliam,,Katsina-Ala,Katsina-Ala,Benue,village,7.18881,9.32827,exact,false,geonames,CC-BY-4.0,GeoNames feature P.PPL
gn-katsina-ala-imongu-ppl-9636860,Imongu,,Katsina-Ala,Katsina-Ala,Benue,village,7.26162,9.35273,exact,false,geonames,CC-BY-4.0,GeoNames feature P.PPL
gn-katsina-ala-imor-ppl-9638395,Imor,,Katsina-Ala,Katsina-Ala,Benue,village,7.21277,9.24044,exact,false,geonames,CC-BY-4.0,GeoNames feature P.PPL
gn-katsina-ala-imotse-ppl-9639626,Imotse,,Katsina-Ala,Katsina-Ala,Benue,village,7.17148,9.29753,exact,false,geonames,CC-BY-4.0,GeoNames feature P.PPL
gn-katsina-ala-imu-ppl-9639668,Imu,,Katsina-Ala,Katsina-Ala,Benue,village,7.12456,9.31715,exact,false,geonames,CC-BY-4.0,GeoNames feature P.PPL
gn-katsina-ala-ingba-ppl-9639598,Ingba,,Katsina-Ala,Katsina-Ala,Benue,village,7.19525,9.33026,exact,false,geonames,CC-BY-4.0,GeoNames feature P.PPL
gn-katsina-ala-ingbar-ppl-9639600,Ingbar,,Katsina-Ala,Katsina-Ala,Benue,village,7.19191,9.31948,exact,false,geonames,CC-BY-4.0,GeoNames feature P.PPL
gn-katsina-ala-ingboko-ppl-9638462,Ingboko,,Katsina-Ala,Katsina-Ala,Benue,village,7.10774,9.24285,exact,false,geonames,CC-BY-4.0,GeoNames feature P.PPL
gn-katsina-ala-ionguze-ppl-9638463,Ionguze,,Katsina-Ala,Katsina-Ala,Benue,village,7.10609,9.21016,exact,false,geonames,CC-BY-4.0,GeoNames feature P.PPL
ov-db71fee1-29b2-4ea6-881f-c93349bee054,Iorbume Memorial Nursery And Primary School Abako,,Katsina-Ala,Katsina-Ala,Benue,place-of-learning,7.168988,9.284317,exact,false,overture,CDLA-Permissive-2.0,Overture db71fee1-29b2-4ea6-881f-c93349bee054; confidence 0.7114848494529724
gn-katsina-ala-iorchia-ppl-9638404,Iorchia,,Katsina-Ala,Katsina-Ala,Benue,village,7.19342,9.24453,exact,false,geonames,CC-BY-4.0,GeoNames feature P.PPL
gn-katsina-ala-iorlaha-ppl-9638409,Iorlaha,,Katsina-Ala,Katsina-Ala,Benue,village,7.19317,9.2119,exact,false,geonames,CC-BY-4.0,GeoNames feature P.PPL
gn-katsina-ala-iorliam-ppl-9639663,Iorliam,,Katsina-Ala,Katsina-Ala,Benue,village,7.13849,9.30332,exact,false,geonames,CC-BY-4.0,GeoNames feature P.PPL
gn-katsina-ala-iorlyam-ppl-9639568,Iorlyam,,Katsina-Ala,Katsina-Ala,Benue,village,7.23984,9.34321,exact,false,geonames,CC-BY-4.0,GeoNames feature P.PPL
gn-katsina-ala-iorngulum-ppl-9638368,Iorngulum,,Katsina-Ala,Katsina-Ala,Benue,village,7.21412,9.19633,exact,false,geonames,CC-BY-4.0,GeoNames feature P.PPL
gn-katsina-ala-iornyagh-ppl-9639772,Iornyagh,,Katsina-Ala,Katsina-Ala,Benue,village,7.1975,9.37001,exact,false,geonames,CC-BY-4.0,GeoNames feature P.PPL
gn-katsina-ala-ioropur-ppl-9638358,Ioropur,,Katsina-Ala,Katsina-Ala,Benue,village,7.23291,9.20045,exact,false,geonames,CC-BY-4.0,GeoNames feature P.PPL
gn-katsina-ala-iorver-ppl-9639560,Iorver,,Katsina-Ala,Katsina-Ala,Benue,village,7.2364,9.29593,exact,false,geonames,CC-BY-4.0,GeoNames feature P.PPL
gn-katsina-ala-iorya-ppl-9639594,Iorya,,Katsina-Ala,Katsina-Ala,Benue,village,7.21228,9.35296,exact,false,geonames,CC-BY-4.0,GeoNames feature P.PPL
gn-katsina-ala-ioryina-ppl-9639616,Ioryina,Iorvina,Katsina-Ala,Katsina-Ala,Benue,village,7.19274,9.29203,exact,false,geonames,CC-BY-4.0,GeoNames feature P.PPL
gn-katsina-ala-ipirakaa-ppl-9638380,Ipirakaa,,Katsina-Ala,Katsina-Ala,Benue,village,7.23394,9.20862,exact,false,geonames,CC-BY-4.0,GeoNames feature P.PPL
gn-katsina-ala-ishan-ppl-9639473,Ishan,,Katsina-Ala,Katsina-Ala,Benue,village,7.13058,9.27072,exact,false,geonames,CC-BY-4.0,GeoNames feature P.PPL
gn-katsina-ala-ishar-ppl-9638345,Ishar,,Katsina-Ala,Katsina-Ala,Benue,village,7.24651,9.1879,exact,false,geonames,CC-BY-4.0,GeoNames feature P.PPL
gn-katsina-ala-iswenga-ppl-9638458,Iswenga,,Katsina-Ala,Katsina-Ala,Benue,village,7.11935,9.23324,exact,false,geonames,CC-BY-4.0,GeoNames feature P.PPL
gn-katsina-ala-ityav-ppl-9636854,Ityav,,Katsina-Ala,Katsina-Ala,Benue,village,7.25321,9.31412,exact,false,geonames,CC-BY-4.0,GeoNames feature P.PPL; GeoNames feature P.PPL
gn-katsina-ala-ityohuna-ppl-9639470,Ityohuna,,Katsina-Ala,Katsina-Ala,Benue,village,7.21295,9.25375,exact,false,geonames,CC-BY-4.0,GeoNames feature P.PPL
gn-katsina-ala-ityowanye-ppl-9638348,Ityowanye,,Katsina-Ala,Katsina-Ala,Benue,village,7.24772,9.20103,exact,false,geonames,CC-BY-4.0,GeoNames feature P.PPL
gn-katsina-ala-ivande-ppl-9638411,Ivande,,Katsina-Ala,Katsina-Ala,Benue,village,7.18729,9.20541,exact,false,geonames,CC-BY-4.0,GeoNames feature P.PPL
gn-katsina-ala-iwo-ppl-9639505,Iwo,,Katsina-Ala,Katsina-Ala,Benue,village,7.09885,9.25209,exact,false,geonames,CC-BY-4.0,GeoNames feature P.PPL
gn-katsina-ala-iwokwagh-ppl-9639725,Iwokwagh,,Katsina-Ala,Katsina-Ala,Benue,village,7.24044,9.37772,exact,false,geonames,CC-BY-4.0,GeoNames feature P.PPL
gn-katsina-ala-iyongo-ppl-9639574,Iyongo,,Katsina-Ala,Katsina-Ala,Benue,village,7.22568,9.33943,exact,false,geonames,CC-BY-4.0,GeoNames feature P.PPL
gn-katsina-ala-jika-ppl-9639666,Jika,,Katsina-Ala,Katsina-Ala,Benue,village,7.13112,9.30269,exact,false,geonames,CC-BY-4.0,GeoNames feature P.PPL
gn-katsina-ala-jila-ppl-9639682,Jila,,Katsina-Ala,Katsina-Ala,Benue,village,7.07634,9.2757,exact,false,geonames,CC-BY-4.0,GeoNames feature P.PPL
gn-katsina-ala-joriv-ppl-9639562,Joriv,,Katsina-Ala,Katsina-Ala,Benue,village,7.24732,9.31679,exact,false,geonames,CC-BY-4.0,GeoNames feature P.PPL
gn-katsina-ala-jorpo-ppl-9638346,Jorpo,,Katsina-Ala,Katsina-Ala,Benue,village,7.24405,9.18699,exact,false,geonames,CC-BY-4.0,GeoNames feature P.PPL
ov-efeb04f8-11b9-4183-9b9b-dbf6a1b635d9,Jotsaa Nigeria Enterprises,,Katsina-Ala,Katsina-Ala,Benue,food-and-drink,7.226136,9.208986,exact,false,overture,CDLA-Permissive-2.0,Overture efeb04f8-11b9-4183-9b9b-dbf6a1b635d9; confidence 0.8553419709205627; address locality: Buruku
gn-katsina-ala-kaainjo-ppl-9636699,Kaainjo,,Katsina-Ala,Katsina-Ala,Benue,village,7.25799,9.2683,exact,false,geonames,CC-BY-4.0,GeoNames feature P.PPL
gn-katsina-ala-kaakyenge-ppl-9639814,Kaakyenge,,Katsina-Ala,Katsina-Ala,Benue,village,7.13425,9.36946,exact,false,geonames,CC-BY-4.0,GeoNames feature P.PPL
gn-katsina-ala-kaanjo-ppl-9639672,Kaanjo,,Katsina-Ala,Katsina-Ala,Benue,village,7.1303,9.27333,exact,false,geonames,CC-BY-4.0,GeoNames feature P.PPL
gn-katsina-ala-kakposo-ppl-9639472,Kakposo,,Katsina-Ala,Katsina-Ala,Benue,village,7.18529,9.27662,exact,false,geonames,CC-BY-4.0,GeoNames feature P.PPL
ov-d40310bb-95b5-4e45-9e20-ceac401d1275,Katsina Ala Local Government Area,,Katsina-Ala,Katsina-Ala,Benue,media-service,7.168988,9.284317,exact,false,overture,CDLA-Permissive-2.0,Overture d40310bb-95b5-4e45-9e20-ceac401d1275; confidence 0.7801110744476318
wd-Q113290801,"Katsina- Ala Post Office,Katsina-Ala, Benue State",,Katsina-Ala,Katsina-Ala,Benue,settlement,7.164432,9.292315,exact,false,wikidata,,Wikidata Q113290801; instance-of: human settlement
wd-Q6378033,Katsina-Ala,Katsena Ala,Katsina-Ala,Katsina-Ala,Benue,government,7.16667,9.28333,exact,false,geonames|overture|wikidata,CC-BY-4.0|CDLA-Permissive-2.0,Wikidata Q6378033; instance-of: local government area of nigeria; GeoNames feature P.PPLA2; Overture d9761da4-d8bf-4f08-9882-011de4b77b22; confidence 0.759329080581665
wd-Q125760440,Katsina-Ala,,Katsina-Ala,Katsina-Ala,Benue,place,7.1599,9.3118,exact,false,wikidata,,Wikidata Q125760440; instance-of: ward of nigeria
ng-benue-katsina-ala-lga-secretariat,Katsina-Ala LGA Secretariat,Katsina-Ala LGA Headquarters,Katsina-Ala,Katsina-Ala,Benue,government,7.17,9.285,approximate,false,curated,project-owned,Draft; coords approximate - verify
ov-b6ba4f6b-9965-4089-b696-1769fb0f89b5,Katsina-Ala Local Government Secretariat,,Katsina-Ala,Katsina-Ala,Benue,government-office,7.16683,9.290051,exact,false,overture,CDLA-Permissive-2.0,Overture b6ba4f6b-9965-4089-b696-1769fb0f89b5; confidence 0.49523666501045227
ng-benue-katsina-ala-main-market,Katsina-Ala Main Market,Katsina-Ala Market,Katsina-Ala,Katsina-Ala,Benue,market,7.169,9.284,approximate,false,curated,project-owned,Draft; coords approximate - verify
ng-benue-katsina-ala-town-centre,Katsina-Ala Town Centre,Katsina Ala town|Katsina-Ala centre,Katsina-Ala,Katsina-Ala,Benue,district,7.1694,9.2847,approximate,false,curated,project-owned,Town coords from GeoNames PPLA2 record - verify
wd-Q59818899,Katsina-Ala West,,Katsina-Ala,Katsina-Ala,Benue,place,7.1658,9.2841,exact,false,wikidata,,Wikidata Q59818899; instance-of: constituency of the benue state house of assembly
gn-katsina-ala-kela-ppl-9639637,Kela,Kala,Katsina-Ala,Katsina-Ala,Benue,village,7.15994,9.29548,exact,false,geonames,CC-BY-4.0,GeoNames feature P.PPL
gn-katsina-ala-kondo-ppl-9638465,Kondo,,Katsina-Ala,Katsina-Ala,Benue,village,7.10276,9.24279,exact,false,geonames,CC-BY-4.0,GeoNames feature P.PPL
gn-katsina-ala-kor-ppl-9634305,Kor,,Katsina-Ala,Katsina-Ala,Benue,village,7.2686,9.22897,exact,false,geonames,CC-BY-4.0,GeoNames feature P.PPL
ov-969f73a2-600a-44c2-bd0e-b3f558069eff,Koti-Yough,,Katsina-Ala,Katsina-Ala,Benue,community-center,7.22132,9.360366,exact,false,overture,CDLA-Permissive-2.0,Overture 969f73a2-600a-44c2-bd0e-b3f558069eff; confidence 0.3659469485282898; address locality: Gboko
gn-katsina-ala-kough-ppl-9639599,Kough,,Katsina-Ala,Katsina-Ala,Benue,village,7.19412,9.32355,exact,false,geonames,CC-BY-4.0,GeoNames feature P.PPL
gn-katsina-ala-kpam-ppl-9638474,Kpam,,Katsina-Ala,Katsina-Ala,Benue,village,7.07713,9.21231,exact,false,geonames,CC-BY-4.0,GeoNames feature P.PPL
gn-katsina-ala-kpamu-ppl-9639674,Kpamu,,Katsina-Ala,Katsina-Ala,Benue,village,7.10621,9.28888,exact,false,geonames,CC-BY-4.0,GeoNames feature P.PPL
gn-katsina-ala-kpirakaa-ppl-9639653,Kpirakaa,,Katsina-Ala,Katsina-Ala,Benue,village,7.16208,9.34768,exact,false,geonames,CC-BY-4.0,GeoNames feature P.PPL
gn-katsina-ala-kpra-ppl-9639670,Kpra,,Katsina-Ala,Katsina-Ala,Benue,village,7.13239,9.28883,exact,false,geonames,CC-BY-4.0,GeoNames feature P.PPL
gn-katsina-ala-kuhe-ppl-9639639,Kuhe,,Katsina-Ala,Katsina-Ala,Benue,village,7.15743,9.30524,exact,false,geonames,CC-BY-4.0,GeoNames feature P.PPL
gn-katsina-ala-kuleve-ppl-9638383,Kuleve,,Katsina-Ala,Katsina-Ala,Benue,village,7.23152,9.21815,exact,false,geonames,CC-BY-4.0,GeoNames feature P.PPL
gn-katsina-ala-kunde-ppl-9639681,Kunde,,Katsina-Ala,Katsina-Ala,Benue,village,7.0853,9.29637,exact,false,geonames,CC-BY-4.0,GeoNames feature P.PPL
gn-katsina-ala-kwaga-ppl-9636855,Kwaga,,Katsina-Ala,Katsina-Ala,Benue,village,7.25754,9.31076,exact,false,geonames,CC-BY-4.0,GeoNames feature P.PPL
gn-katsina-ala-kwagba-ppl-9639676,Kwagba,,Katsina-Ala,Katsina-Ala,Benue,village,7.10222,9.29651,exact,false,geonames,CC-BY-4.0,GeoNames feature P.PPL
gn-katsina-ala-kwaghagba-ppl-9638361,Kwaghagba,,Katsina-Ala,Katsina-Ala,Benue,village,7.22513,9.20227,exact,false,geonames,CC-BY-4.0,GeoNames feature P.PPL
gn-katsina-ala-kwaghngise-ppl-9639619,Kwaghngise,,Katsina-Ala,Katsina-Ala,Benue,village,7.18672,9.28499,exact,false,geonames,CC-BY-4.0,GeoNames feature P.PPL
gn-katsina-ala-kwende-ppl-9639793,Kwende,,Katsina-Ala,Katsina-Ala,Benue,village,7.16585,9.378,exact,false,geonames,CC-BY-4.0,GeoNames feature P.PPL
gn-katsina-ala-kyaan-ppl-9638355,Kyaan,,Katsina-Ala,Katsina-Ala,Benue,village,7.22912,9.18764,exact,false,geonames,CC-BY-4.0,GeoNames feature P.PPL
gn-katsina-ala-kyaave-ppl-9639633,Kyaave,,Katsina-Ala,Katsina-Ala,Benue,village,7.17782,9.35738,exact,false,geonames,CC-BY-4.0,GeoNames feature P.PPL
gn-katsina-ala-kyowe-ppl-9639573,Kyowe,,Katsina-Ala,Katsina-Ala,Benue,village,7.22199,9.35551,exact,false,geonames,CC-BY-4.0,GeoNames feature P.PPL
gn-katsina-ala-kyoyer-ppl-9639631,Kyoyer,,Katsina-Ala,Katsina-Ala,Benue,village,7.17918,9.3499,exact,false,geonames,CC-BY-4.0,GeoNames feature P.PPL
gn-katsina-ala-labaro-ppl-9639792,Labaro,,Katsina-Ala,Katsina-Ala,Benue,village,7.16612,9.37265,exact,false,geonames,CC-BY-4.0,GeoNames feature P.PPL
gn-katsina-ala-lanshima-ppl-9639586,Lanshima,,Katsina-Ala,Katsina-Ala,Benue,village,7.22105,9.30746,exact,false,geonames,CC-BY-4.0,GeoNames feature P.PPL
gn-katsina-ala-lujo-ppl-9639754,Lujo,,Katsina-Ala,Katsina-Ala,Benue,village,7.20847,9.37229,exact,false,geonames,CC-BY-4.0,GeoNames feature P.PPL
gn-katsina-ala-lukoo-ppl-9639563,Lukoo,,Katsina-Ala,Katsina-Ala,Benue,village,7.24828,9.34871,exact,false,geonames,CC-BY-4.0,GeoNames feature P.PPL
ov-ce3b4e10-de90-427a-9579-294608c584fd,Mandate Hotels,,Katsina-Ala,Katsina-Ala,Benue,hotel,7.168571,9.290679,exact,false,overture,CDLA-Permissive-2.0,Overture ce3b4e10-de90-427a-9579-294608c584fd; confidence 0.399387001991272
gn-katsina-ala-manshi-ppl-9639603,Manshi,,Katsina-Ala,Katsina-Ala,Benue,village,7.18827,9.32234,exact,false,geonames,CC-BY-4.0,GeoNames feature P.PPL
ov-2a8878e9-c090-423c-91a9-568f7703f019,Market Place Adi-Etulo,,Katsina-Ala,Katsina-Ala,Benue,food-and-beverage-store,7.175231,9.224793,exact,false,overture,CDLA-Permissive-2.0,Overture 2a8878e9-c090-423c-91a9-568f7703f019; confidence 0.5032815337181091
gn-katsina-ala-maseke-ppl-9638432,Maseke,,Katsina-Ala,Katsina-Ala,Benue,village,7.17071,9.23306,exact,false,geonames,CC-BY-4.0,GeoNames feature P.PPL
gn-katsina-ala-mba-ppl-9639558,Mba,Mbaka,Katsina-Ala,Katsina-Ala,Benue,village,7.23822,9.29232,exact,false,geonames,CC-BY-4.0,GeoNames feature P.PPL
wd-Q125748956,Mbaakura,,Katsina-Ala,Katsina-Ala,Benue,place,7.200493,9.206476,exact,false,wikidata,,Wikidata Q125748956; instance-of: ward of nigeria
wd-Q125753552,Mbaatirkyaa,,Katsina-Ala,Katsina-Ala,Benue,place,7.218094,9.204287,exact,false,wikidata,,Wikidata Q125753552; instance-of: ward of nigeria
ov-7f7d0431-5ce9-40be-a241-834abce65866,Mbagen College of Health Technology Abwa - MCHTA,,Katsina-Ala,Katsina-Ala,Benue,college-university,7.192737,9.216595,exact,false,overture,CDLA-Permissive-2.0,Overture 7f7d0431-5ce9-40be-a241-834abce65866; confidence 0.9072907567024231; address locality: Buruku
gn-katsina-ala-mbashinya-ppl-9638464,Mbashinya,,Katsina-Ala,Katsina-Ala,Benue,village,7.10501,9.23143,exact,false,geonames,CC-BY-4.0,GeoNames feature P.PPL
gn-katsina-ala-mbatimin-ppl-9639677,Mbatimin,,Katsina-Ala,Katsina-Ala,Benue,village,7.09904,9.30676,exact,false,geonames,CC-BY-4.0,GeoNames feature P.PPL
gn-katsina-ala-mbaze-ppl-9638467,Mbaze,,Katsina-Ala,Katsina-Ala,Benue,village,7.10083,9.23393,exact,false,geonames,CC-BY-4.0,GeoNames feature P.PPL
wd-Q136766180,"Mercy And Joy International Nursery And Primary School Kastina Ala, Benue State",,Katsina-Ala,Katsina-Ala,Benue,school,7.165704,9.292865,exact,false,wikidata,,Wikidata Q136766180; instance-of: school
gn-katsina-ala-meza-ppl-9638452,Meza,,Katsina-Ala,Katsina-Ala,Benue,village,7.13823,9.18503,exact,false,geonames,CC-BY-4.0,GeoNames feature P.PPL
gn-katsina-ala-mkoso-ppl-9639590,Mkoso,,Katsina-Ala,Katsina-Ala,Benue,village,7.21171,9.29395,exact,false,geonames,CC-BY-4.0,GeoNames feature P.PPL
gn-katsina-ala-mlan-ppl-9638468,Mlan,,Katsina-Ala,Katsina-Ala,Benue,village,7.09791,9.23405,exact,false,geonames,CC-BY-4.0,GeoNames feature P.PPL
gn-katsina-ala-msenge-ppl-9639781,Msenge,,Katsina-Ala,Katsina-Ala,Benue,village,7.17501,9.38211,exact,false,geonames,CC-BY-4.0,GeoNames feature P.PPL
gn-katsina-ala-mser-ppl-9639609,Mser,,Katsina-Ala,Katsina-Ala,Benue,village,7.18503,9.31512,exact,false,geonames,CC-BY-4.0,GeoNames feature P.PPL
gn-katsina-ala-mtswenen-ppl-9639625,Mtswenen,,Katsina-Ala,Katsina-Ala,Benue,village,7.17594,9.3069,exact,false,geonames,CC-BY-4.0,GeoNames feature P.PPL
ov-eda76b9d-4566-478f-95e3-f35ad6050165,Mukhteey Funtua,,Katsina-Ala,Katsina-Ala,Benue,professional-service,7.168509,9.28349,exact,false,overture,CDLA-Permissive-2.0,Overture eda76b9d-4566-478f-95e3-f35ad6050165; confidence 0.22601908445358276
gn-katsina-ala-mvar-ppl-9638456,Mvar,,Katsina-Ala,Katsina-Ala,Benue,village,7.13204,9.19249,exact,false,geonames,CC-BY-4.0,GeoNames feature P.PPL
ov-11cd713a-4f21-451f-a749-0f2baaa5776b,"NACC, Katsina-Ala Zone, Benue State, Nigeria",,Katsina-Ala,Katsina-Ala,Benue,place,7.171663,9.292721,exact,false,overture,CDLA-Permissive-2.0,Overture 11cd713a-4f21-451f-a749-0f2baaa5776b; confidence 0.7398011088371277
gn-katsina-ala-naga-ppl-9638410,Naga,,Katsina-Ala,Katsina-Ala,Benue,village,7.19182,9.20696,exact,false,geonames,CC-BY-4.0,GeoNames feature P.PPL
ov-a6348817-2d7b-412f-b950-daf0f719a4aa,"Nativity, Patrick Foley college Abwa",,Katsina-Ala,Katsina-Ala,Benue,place-of-learning,7.226361,9.208857,exact,false,overture,CDLA-Permissive-2.0,Overture a6348817-2d7b-412f-b950-daf0f719a4aa; confidence 0.9184806942939758; address locality: Buruku
gn-katsina-ala-ndoor-ppl-9634321,Ndoor,,Katsina-Ala,Katsina-Ala,Benue,village,7.2605,9.20423,exact,false,geonames,CC-BY-4.0,GeoNames feature P.PPL
gn-katsina-ala-nengeve-ppl-9639669,Nengeve,,Katsina-Ala,Katsina-Ala,Benue,village,7.13452,9.28775,exact,false,geonames,CC-BY-4.0,GeoNames feature P.PPL
gn-katsina-ala-neyum-ppl-9639612,Neyum,,Katsina-Ala,Katsina-Ala,Benue,village,7.1771,9.31132,exact,false,geonames,CC-BY-4.0,GeoNames feature P.PPL
gn-katsina-ala-ngavan-ppl-9639608,Ngavan,,Katsina-Ala,Katsina-Ala,Benue,village,7.18061,9.32477,exact,false,geonames,CC-BY-4.0,GeoNames feature P.PPL
gn-katsina-ala-ngbea-ppl-9638473,Ngbea,,Katsina-Ala,Katsina-Ala,Benue,village,7.07706,9.2322,exact,false,geonames,CC-BY-4.0,GeoNames feature P.PPL
wd-Q125471546,NKST Church Tyowanye,,Katsina-Ala,Katsina-Ala,Benue,church,7.24292,9.203105,exact,false,wikidata,,Wikidata Q125471546; instance-of: church building
ov-1359b755-a7e1-4636-a03e-30728fbfbdfb,Nobsgate Academy,,Katsina-Ala,Katsina-Ala,Benue,place-of-learning,7.168988,9.284317,exact,false,overture,CDLA-Permissive-2.0,Overture 1359b755-a7e1-4636-a03e-30728fbfbdfb; confidence 0.8676167130470276
gn-katsina-ala-nomigo-ppl-9639636,Nomigo,,Katsina-Ala,Katsina-Ala,Benue,village,7.18045,9.36748,exact,false,geonames,CC-BY-4.0,GeoNames feature P.PPL
gn-katsina-ala-noraba-ppl-9639623,Noraba,,Katsina-Ala,Katsina-Ala,Benue,village,7.1737,9.29305,exact,false,geonames,CC-BY-4.0,GeoNames feature P.PPL
gn-katsina-ala-norve-ppl-9639575,Norve,,Katsina-Ala,Katsina-Ala,Benue,village,7.22563,9.33778,exact,false,geonames,CC-BY-4.0,GeoNames feature P.PPL
gn-katsina-ala-nyagher-ppl-9636849,Nyagher,,Katsina-Ala,Katsina-Ala,Benue,village,7.26848,9.29672,exact,false,geonames,CC-BY-4.0,GeoNames feature P.PPL
gn-katsina-ala-nyemba-stm-9640094,Nyemba,River Nyemba,Katsina-Ala,Katsina-Ala,Benue,river,7.21279,9.32769,exact,false,geonames,CC-BY-4.0,GeoNames feature H.STM
gn-katsina-ala-nyikaa-ppl-9636861,Nyikaa,,Katsina-Ala,Katsina-Ala,Benue,village,7.25187,9.35576,exact,false,geonames,CC-BY-4.0,GeoNames feature P.PPL
gn-katsina-ala-nyitse-ppl-9639617,Nyitse,,Katsina-Ala,Katsina-Ala,Benue,village,7.18584,9.29358,exact,false,geonames,CC-BY-4.0,GeoNames feature P.PPL
gn-katsina-ala-okuku-ppl-9638428,Okuku,,Katsina-Ala,Katsina-Ala,Benue,village,7.17581,9.24211,exact,false,geonames,CC-BY-4.0,GeoNames feature P.PPL
gn-katsina-ala-orapine-ppl-9639642,Orapine,,Katsina-Ala,Katsina-Ala,Benue,village,7.16042,9.31634,exact,false,geonames,CC-BY-4.0,GeoNames feature P.PPL
gn-katsina-ala-orbunde-ppl-9634312,Orbunde,,Katsina-Ala,Katsina-Ala,Benue,village,7.25936,9.23985,exact,false,geonames,CC-BY-4.0,GeoNames feature P.PPL
gn-katsina-ala-orduen-ppl-9639827,Orduen,,Katsina-Ala,Katsina-Ala,Benue,village,7.11489,9.38181,exact,false,geonames,CC-BY-4.0,GeoNames feature P.PPL
gn-katsina-ala-orhena-ppl-9639688,Orhena,,Katsina-Ala,Katsina-Ala,Benue,village,7.07712,9.32858,exact,false,geonames,CC-BY-4.0,GeoNames feature P.PPL
gn-katsina-ala-orpir-ppl-9639618,Orpir,,Katsina-Ala,Katsina-Ala,Benue,village,7.17921,9.27719,exact,false,geonames,CC-BY-4.0,GeoNames feature P.PPL
gn-katsina-ala-ortoho-ppl-9638393,Ortoho,,Katsina-Ala,Katsina-Ala,Benue,village,7.21432,9.22019,exact,false,geonames,CC-BY-4.0,GeoNames feature P.PPL
gn-katsina-ala-pahar-ppl-9634304,Pahar,,Katsina-Ala,Katsina-Ala,Benue,village,7.2682,9.24621,exact,false,geonames,CC-BY-4.0,GeoNames feature P.PPL; GeoNames feature P.PPL
gn-katsina-ala-pahar-ppl-9639790,Pahar,,Katsina-Ala,Katsina-Ala,Benue,village,7.17657,9.37117,exact,false,geonames,CC-BY-4.0,GeoNames feature P.PPL
gn-katsina-ala-paun-ppl-9638471,Paun,,Katsina-Ala,Katsina-Ala,Benue,village,7.08501,9.24205,exact,false,geonames,CC-BY-4.0,GeoNames feature P.PPL
gn-katsina-ala-pav-ppl-9639469,Pav,,Katsina-Ala,Katsina-Ala,Benue,village,7.22665,9.26141,exact,false,geonames,CC-BY-4.0,GeoNames feature P.PPL
ov-e9624691-02a1-4ec7-bb88-271406168141,Range resort,,Katsina-Ala,Katsina-Ala,Benue,hotel,7.181133,9.283319,exact,false,overture,CDLA-Permissive-2.0,Overture e9624691-02a1-4ec7-bb88-271406168141; confidence 0.48070114850997925; address locality: Buruku
gn-katsina-ala-river-abente-stm-9639940,River Abente,,Katsina-Ala,Katsina-Ala,Benue,river,7.1386,9.27036,exact,false,geonames,CC-BY-4.0,GeoNames feature H.STM
gn-katsina-ala-river-agaku-stm-9639938,River Agaku,,Katsina-Ala,Katsina-Ala,Benue,river,7.23195,9.25057,exact,false,geonames,CC-BY-4.0,GeoNames feature H.STM
gn-katsina-ala-river-agbankwe-stm-9640178,River Agbankwe,,Katsina-Ala,Katsina-Ala,Benue,river,7.10771,9.29481,exact,false,geonames,CC-BY-4.0,GeoNames feature H.STM
gn-katsina-ala-river-agbudu-stm-9638649,River Agbudu,,Katsina-Ala,Katsina-Ala,Benue,river,7.13406,9.20326,exact,false,geonames,CC-BY-4.0,GeoNames feature H.STM
gn-katsina-ala-river-agbukun-stm-9638572,River Agbukun,River Agbunku|River Agbunkun,Katsina-Ala,Katsina-Ala,Benue,river,7.1304,9.18651,exact,false,geonames,CC-BY-4.0,GeoNames feature H.STM
gn-katsina-ala-river-agbur-stm-9640022,River Agbur,,Katsina-Ala,Katsina-Ala,Benue,river,7.23044,9.3072,exact,false,geonames,CC-BY-4.0,GeoNames feature H.STM
gn-katsina-ala-river-ahura-stm-9640091,River Ahura,,Katsina-Ala,Katsina-Ala,Benue,river,7.23017,9.33526,exact,false,geonames,CC-BY-4.0,GeoNames feature H.STM
gn-katsina-ala-river-amber-stm-9639939,River Amber,,Katsina-Ala,Katsina-Ala,Benue,river,7.20468,9.25905,exact,false,geonames,CC-BY-4.0,GeoNames feature H.STM
gn-katsina-ala-river-amire-stm-13423631,River Amire,,Katsina-Ala,Katsina-Ala,Benue,river,7.08089,9.30544,exact,false,geonames,CC-BY-4.0,GeoNames feature H.STM
gn-katsina-ala-river-amoze-stm-9639942,River Amoze,River Amozegher,Katsina-Ala,Katsina-Ala,Benue,river,7.24753,9.32252,exact,false,geonames,CC-BY-4.0,GeoNames feature H.STM
gn-katsina-ala-river-anagu-stm-9640153,River Anagu,,Katsina-Ala,Katsina-Ala,Benue,river,7.13304,9.29471,exact,false,geonames,CC-BY-4.0,GeoNames feature H.STM
gn-katsina-ala-river-avande-stm-9639937,River Avande,,Katsina-Ala,Katsina-Ala,Benue,river,7.21469,9.26684,exact,false,geonames,CC-BY-4.0,GeoNames feature H.STM
gn-katsina-ala-river-avande-stm-9639941,River Avande,,Katsina-Ala,Katsina-Ala,Benue,river,7.0706,9.30474,exact,false,geonames,CC-BY-4.0,GeoNames feature H.STM
gn-katsina-ala-river-berata-stm-9638641,River Berata,,Katsina-Ala,Katsina-Ala,Benue,river,7.21248,9.21931,exact,false,geonames,CC-BY-4.0,GeoNames feature H.STM
gn-katsina-ala-river-dura-stm-2344297,River Dura,Dara River|River Dara,Katsina-Ala,Katsina-Ala,Benue,river,7.18119,9.25452,exact,false,geonames,CC-BY-4.0,GeoNames feature H.STM
gn-katsina-ala-river-dura-stm-13423546,River Dura,,Katsina-Ala,Katsina-Ala,Benue,river,7.13824,9.22907,exact,false,geonames,CC-BY-4.0,GeoNames feature H.STM
gn-katsina-ala-river-gasima-stm-9640121,River Gasima,,Katsina-Ala,Katsina-Ala,Benue,river,7.19125,9.3066,exact,false,geonames,CC-BY-4.0,GeoNames feature H.STM
gn-katsina-ala-river-gbawuhe-stm-9640181,River Gbawuhe,,Katsina-Ala,Katsina-Ala,Benue,river,7.09143,9.31883,exact,false,geonames,CC-BY-4.0,GeoNames feature H.STM
gn-katsina-ala-river-gbuzumba-stm-9640151,River Gbuzumba,,Katsina-Ala,Katsina-Ala,Benue,river,7.14554,9.30064,exact,false,geonames,CC-BY-4.0,GeoNames feature H.STM
gn-katsina-ala-river-genger-stm-9640183,River Genger,,Katsina-Ala,Katsina-Ala,Benue,river,7.08273,9.3745,exact,false,geonames,CC-BY-4.0,GeoNames feature H.STM
gn-katsina-ala-river-lessel-stm-9638545,River Lessel,,Katsina-Ala,Katsina-Ala,Benue,river,7.12697,9.19105,exact,false,geonames,CC-BY-4.0,GeoNames feature H.STM
gn-katsina-ala-river-manor-stm-9640023,River Manor,,Katsina-Ala,Katsina-Ala,Benue,river,7.20966,9.27447,exact,false,geonames,CC-BY-4.0,GeoNames feature H.STM
gn-katsina-ala-river-michine-stm-9640093,River Michine,River Michihe,Katsina-Ala,Katsina-Ala,Benue,river,7.20878,9.36644,exact,false,geonames,CC-BY-4.0,GeoNames feature H.STM
gn-katsina-ala-river-orgba-stm-9640020,River Orgba,,Katsina-Ala,Katsina-Ala,Benue,river,7.24705,9.34623,exact,false,geonames,CC-BY-4.0,GeoNames feature H.STM
gn-katsina-ala-river-ponpo-stm-9640119,River Ponpo,,Katsina-Ala,Katsina-Ala,Benue,river,7.19188,9.33804,exact,false,geonames,CC-BY-4.0,GeoNames feature H.STM
gn-katsina-ala-river-samnye-stm-9640155,River Samnye,,Katsina-Ala,Katsina-Ala,Benue,river,7.12972,9.30117,exact,false,geonames,CC-BY-4.0,GeoNames feature H.STM
gn-katsina-ala-river-takema-stm-9637176,River Takema,,Katsina-Ala,Katsina-Ala,Benue,river,7.26866,9.35473,exact,false,geonames,CC-BY-4.0,GeoNames feature H.STM
gn-katsina-ala-river-uatsor-stm-9638647,River Uatsor,,Katsina-Ala,Katsina-Ala,Benue,river,7.14267,9.22894,exact,false,geonames,CC-BY-4.0,GeoNames feature H.STM; GeoNames feature H.STM
gn-katsina-ala-river-ugugur-stm-9638640,River Ugugur,,Katsina-Ala,Katsina-Ala,Benue,river,7.20147,9.24968,exact,false,geonames,CC-BY-4.0,GeoNames feature H.STM
gn-katsina-ala-river-ulafia-stm-9638652,River Ulafia,,Katsina-Ala,Katsina-Ala,Benue,river,7.13541,9.22926,exact,false,geonames,CC-BY-4.0,GeoNames feature H.STM
gn-katsina-ala-river-umbor-stm-9640177,River Umbor,,Katsina-Ala,Katsina-Ala,Benue,river,7.09865,9.33113,exact,false,geonames,CC-BY-4.0,GeoNames feature H.STM
gn-katsina-ala-river-unyatuu-stm-9638644,River Unyatuu,,Katsina-Ala,Katsina-Ala,Benue,river,7.18853,9.20613,exact,false,geonames,CC-BY-4.0,GeoNames feature H.STM
gn-katsina-ala-river-urange-stm-9638645,River Urange,,Katsina-Ala,Katsina-Ala,Benue,river,7.16373,9.24014,exact,false,geonames,CC-BY-4.0,GeoNames feature H.STM
gn-katsina-ala-river-ushisha-stm-9640179,River Ushisha,,Katsina-Ala,Katsina-Ala,Benue,river,7.09119,9.34577,exact,false,geonames,CC-BY-4.0,GeoNames feature H.STM
gn-katsina-ala-river-ushwa-stm-9640180,River Ushwa,,Katsina-Ala,Katsina-Ala,Benue,river,7.08038,9.35274,exact,false,geonames,CC-BY-4.0,GeoNames feature H.STM
gn-katsina-ala-river-uule-stm-9640092,River Uule,,Katsina-Ala,Katsina-Ala,Benue,river,7.23089,9.33361,exact,false,geonames,CC-BY-4.0,GeoNames feature H.STM
ov-1c9ee305-2f62-4fcc-946c-9e90f2c061b2,Roman Catholic Diocese of Katsina-Ala,,Katsina-Ala,Katsina-Ala,Benue,christian-place-of-worship,7.161959,9.279896,exact,false,overture,CDLA-Permissive-2.0,Overture 1c9ee305-2f62-4fcc-946c-9e90f2c061b2; confidence 0.8164682388305664
ov-7ef79e1e-d1c4-4de9-b14e-e5ad55d2ebc7,Saint Theresa RCM Primary Abwa Mbagen,,Katsina-Ala,Katsina-Ala,Benue,elementary-school,7.20494,9.21452,exact,false,overture,CDLA-Permissive-2.0,Overture 7ef79e1e-d1c4-4de9-b14e-e5ad55d2ebc7; confidence 0.4961010217666626; address locality: Buruku
gn-katsina-ala-saka-ppl-9639498,Saka,,Katsina-Ala,Katsina-Ala,Benue,village,7.11446,9.26565,exact,false,geonames,CC-BY-4.0,GeoNames feature P.PPL
gn-katsina-ala-shamiga-ppl-9638354,Shamiga,,Katsina-Ala,Katsina-Ala,Benue,village,7.23292,9.18591,exact,false,geonames,CC-BY-4.0,GeoNames feature P.PPL
gn-katsina-ala-shedu-ppl-9639468,Shedu,,Katsina-Ala,Katsina-Ala,Benue,village,7.23409,9.26193,exact,false,geonames,CC-BY-4.0,GeoNames feature P.PPL
gn-katsina-ala-shindi-ppl-9638418,Shindi,,Katsina-Ala,Katsina-Ala,Benue,village,7.17459,9.19273,exact,false,geonames,CC-BY-4.0,GeoNames feature P.PPL
gn-katsina-ala-shomngi-ppl-9639749,Shomngi,,Katsina-Ala,Katsina-Ala,Benue,village,7.21909,9.37259,exact,false,geonames,CC-BY-4.0,GeoNames feature P.PPL
gn-katsina-ala-shuur-ppl-9638477,Shuur,,Katsina-Ala,Katsina-Ala,Benue,village,7.07541,9.24056,exact,false,geonames,CC-BY-4.0,GeoNames feature P.PPL
gn-katsina-ala-sokpo-ppl-9638472,Sokpo,,Katsina-Ala,Katsina-Ala,Benue,village,7.08017,9.22472,exact,false,geonames,CC-BY-4.0,GeoNames feature P.PPL
gn-katsina-ala-songu-ppl-9639659,Songu,,Katsina-Ala,Katsina-Ala,Benue,village,7.14667,9.33562,exact,false,geonames,CC-BY-4.0,GeoNames feature P.PPL
ov-699780d1-3843-46ba-82e9-8b80128325b9,St. Gerald Cathedral,,Katsina-Ala,Katsina-Ala,Benue,christian-place-of-worship,7.165492,9.285153,exact,false,overture,CDLA-Permissive-2.0,Overture 699780d1-3843-46ba-82e9-8b80128325b9; confidence 0.6671600341796875; address locality: Buruku
ov-7b456260-cd16-488e-a237-329fe5b3e243,St. Michael's Catholic Parish Abaji-Kpav,,Katsina-Ala,Katsina-Ala,Benue,religious-organization,7.168988,9.284317,exact,false,overture,CDLA-Permissive-2.0,Overture 7b456260-cd16-488e-a237-329fe5b3e243; confidence 0.8143160343170166
ov-4c6256ad-b707-4213-a7b5-fcc2ac6522a3,St. Paul’s Quasi Parish Akai,,Katsina-Ala,Katsina-Ala,Benue,religious-organization,7.162942,9.281297,exact,false,overture,CDLA-Permissive-2.0,Overture 4c6256ad-b707-4213-a7b5-fcc2ac6522a3; confidence 0.7308943271636963
ov-a5217314-c4f4-4c14-81e7-c3b1ef720160,Star-Link Computers and Café,,Katsina-Ala,Katsina-Ala,Benue,specialty-school,7.164427,9.292545,exact,false,overture,CDLA-Permissive-2.0,Overture a5217314-c4f4-4c14-81e7-c3b1ef720160; confidence 0.7721618413925171
gn-katsina-ala-swem-ppl-9638351,Swem,,Katsina-Ala,Katsina-Ala,Benue,village,7.24998,9.22268,exact,false,geonames,CC-BY-4.0,GeoNames feature P.PPL
gn-katsina-ala-tacha-ppl-9638422,Tacha,,Katsina-Ala,Katsina-Ala,Benue,village,7.18577,9.21284,exact,false,geonames,CC-BY-4.0,GeoNames feature P.PPL
gn-katsina-ala-tam-ppl-9634309,Tam,,Katsina-Ala,Katsina-Ala,Benue,village,7.26152,9.23743,exact,false,geonames,CC-BY-4.0,GeoNames feature P.PPL
gn-katsina-ala-targba-ppl-9638436,Targba,,Katsina-Ala,Katsina-Ala,Benue,village,7.15758,9.19938,exact,false,geonames,CC-BY-4.0,GeoNames feature P.PPL
gn-katsina-ala-tavako-ppl-9639474,Tavako,,Katsina-Ala,Katsina-Ala,Benue,village,7.12854,9.2655,exact,false,geonames,CC-BY-4.0,GeoNames feature P.PPL
ov-7c111875-852a-49c4-8200-f0f7fd426d45,Th'ace Beats,,Katsina-Ala,Katsina-Ala,Benue,media-service,7.178843,9.291815,exact,false,overture,CDLA-Permissive-2.0,Overture 7c111875-852a-49c4-8200-f0f7fd426d45; confidence 0.6210575699806213
ov-fc8c9f86-de5d-4166-95c6-ac16eef0a33b,The Shalom Christian Center INT'L,,Katsina-Ala,Katsina-Ala,Benue,religious-organization,7.168988,9.284317,exact,false,overture,CDLA-Permissive-2.0,Overture fc8c9f86-de5d-4166-95c6-ac16eef0a33b; confidence 0.5671998262405396
gn-katsina-ala-tim-ppl-9634316,Tim,,Katsina-Ala,Katsina-Ala,Benue,village,7.25965,9.19211,exact,false,geonames,CC-BY-4.0,GeoNames feature P.PPL
gn-katsina-ala-tim-ppl-9638476,Tim,,Katsina-Ala,Katsina-Ala,Benue,village,7.07331,9.23652,exact,false,geonames,CC-BY-4.0,GeoNames feature P.PPL
gn-katsina-ala-tor-ppl-9638443,Tor,,Katsina-Ala,Katsina-Ala,Benue,village,7.15038,9.21678,exact,false,geonames,CC-BY-4.0,GeoNames feature P.PPL
gn-katsina-ala-torkura-ppl-9638441,Torkura,,Katsina-Ala,Katsina-Ala,Benue,village,7.14485,9.20872,exact,false,geonames,CC-BY-4.0,GeoNames feature P.PPL
gn-katsina-ala-tse-garba-ppl-9639506,Tse Garba,,Katsina-Ala,Katsina-Ala,Benue,village,7.09904,9.25757,exact,false,geonames,CC-BY-4.0,GeoNames feature P.PPL
gn-katsina-ala-tseabo-ppl-9639559,Tseabo,,Katsina-Ala,Katsina-Ala,Benue,village,7.23421,9.27867,exact,false,geonames,CC-BY-4.0,GeoNames feature P.PPL
gn-katsina-ala-tseaboo-ppl-9638413,Tseaboo,,Katsina-Ala,Katsina-Ala,Benue,village,7.19168,9.19236,exact,false,geonames,CC-BY-4.0,GeoNames feature P.PPL
gn-katsina-ala-tseadi-ppl-9639643,Tseadi,,Katsina-Ala,Katsina-Ala,Benue,village,7.1519,9.31982,exact,false,geonames,CC-BY-4.0,GeoNames feature P.PPL
gn-katsina-ala-tseagayande-ppl-9639624,Tseagayande,Tseagahyande,Katsina-Ala,Katsina-Ala,Benue,village,7.17565,9.29877,exact,false,geonames,CC-BY-4.0,GeoNames feature P.PPL
gn-katsina-ala-tseage-ppl-9634308,Tseage,,Katsina-Ala,Katsina-Ala,Benue,village,7.26429,9.2308,exact,false,geonames,CC-BY-4.0,GeoNames feature P.PPL
gn-katsina-ala-tseakaa-ppl-9638350,Tseakaa,,Katsina-Ala,Katsina-Ala,Benue,village,7.23908,9.21925,exact,false,geonames,CC-BY-4.0,GeoNames feature P.PPL
gn-katsina-ala-tseakaajime-ppl-9638435,Tseakaajime,,Katsina-Ala,Katsina-Ala,Benue,village,7.16097,9.19805,exact,false,geonames,CC-BY-4.0,GeoNames feature P.PPL
gn-katsina-ala-tseakpera-ppl-9638349,Tseakpera,,Katsina-Ala,Katsina-Ala,Benue,village,7.24515,9.21183,exact,false,geonames,CC-BY-4.0,GeoNames feature P.PPL
gn-katsina-ala-tsealu-ppl-9638391,Tsealu,,Katsina-Ala,Katsina-Ala,Benue,village,7.21891,9.21434,exact,false,geonames,CC-BY-4.0,GeoNames feature P.PPL
gn-katsina-ala-tseangir-ppl-9638438,Tseangir,,Katsina-Ala,Katsina-Ala,Benue,village,7.14778,9.19491,exact,false,geonames,CC-BY-4.0,GeoNames feature P.PPL
gn-katsina-ala-tsearmi-ppl-9639630,Tsearmi,,Katsina-Ala,Katsina-Ala,Benue,village,7.17139,9.31734,exact,false,geonames,CC-BY-4.0,GeoNames feature P.PPL
gn-katsina-ala-tseatiam-ppl-9639826,Tseatiam,,Katsina-Ala,Katsina-Ala,Benue,village,7.11312,9.3654,exact,false,geonames,CC-BY-4.0,GeoNames feature P.PPL
gn-katsina-ala-tseavungu-ppl-9639621,Tseavungu,,Katsina-Ala,Katsina-Ala,Benue,village,7.17817,9.29094,exact,false,geonames,CC-BY-4.0,GeoNames feature P.PPL
gn-katsina-ala-tseayaka-ppl-9638440,Tseayaka,,Katsina-Ala,Katsina-Ala,Benue,village,7.15628,9.20841,exact,false,geonames,CC-BY-4.0,GeoNames feature P.PPL
gn-katsina-ala-tsebee-ppl-9638459,Tsebee,,Katsina-Ala,Katsina-Ala,Benue,village,7.10948,9.23646,exact,false,geonames,CC-BY-4.0,GeoNames feature P.PPL
gn-katsina-ala-tsebun-ppl-9639660,Tsebun,,Katsina-Ala,Katsina-Ala,Benue,village,7.13808,9.3453,exact,false,geonames,CC-BY-4.0,GeoNames feature P.PPL
gn-katsina-ala-tsecihican-ppl-9639593,Tsecihican,,Katsina-Ala,Katsina-Ala,Benue,village,7.21256,9.34852,exact,false,geonames,CC-BY-4.0,GeoNames feature P.PPL
gn-katsina-ala-tseekure-ppl-9638437,Tseekure,,Katsina-Ala,Katsina-Ala,Benue,village,7.14693,9.18599,exact,false,geonames,CC-BY-4.0,GeoNames feature P.PPL
gn-katsina-ala-tsehom-ppl-9639476,Tsehom,,Katsina-Ala,Katsina-Ala,Benue,village,7.1222,9.25574,exact,false,geonames,CC-BY-4.0,GeoNames feature P.PPL
gn-katsina-ala-tseingbor-ppl-9639755,Tseingbor,,Katsina-Ala,Katsina-Ala,Benue,village,7.20714,9.37799,exact,false,geonames,CC-BY-4.0,GeoNames feature P.PPL
gn-katsina-ala-tseinyon-ppl-9639648,Tseinyon,,Katsina-Ala,Katsina-Ala,Benue,village,7.16197,9.33565,exact,false,geonames,CC-BY-4.0,GeoNames feature P.PPL
gn-katsina-ala-tseioriyom-ppl-9639833,Tseioriyom,Tseiortyom,Katsina-Ala,Katsina-Ala,Benue,village,7.09738,9.37581,exact,false,geonames,CC-BY-4.0,GeoNames feature P.PPL
gn-katsina-ala-tsejordi-ppl-9639667,Tsejordi,,Katsina-Ala,Katsina-Ala,Benue,village,7.13102,9.32643,exact,false,geonames,CC-BY-4.0,GeoNames feature P.PPL
gn-katsina-ala-tsekiman-ppl-9639748,Tsekiman,,Katsina-Ala,Katsina-Ala,Benue,village,7.22165,9.37224,exact,false,geonames,CC-BY-4.0,GeoNames feature P.PPL
gn-katsina-ala-tsekpongo-ppl-9638370,Tsekpongo,,Katsina-Ala,Katsina-Ala,Benue,village,7.21151,9.19577,exact,false,geonames,CC-BY-4.0,GeoNames feature P.PPL
gn-katsina-ala-tsekyor-ppl-9639727,Tsekyor,,Katsina-Ala,Katsina-Ala,Benue,village,7.2365,9.37907,exact,false,geonames,CC-BY-4.0,GeoNames feature P.PPL
gn-katsina-ala-tsekyuen-ppl-9639724,Tsekyuen,,Katsina-Ala,Katsina-Ala,Benue,village,7.2411,9.37469,exact,false,geonames,CC-BY-4.0,GeoNames feature P.PPL
gn-katsina-ala-tsembautya-ppl-9638392,Tsembautya,,Katsina-Ala,Katsina-Ala,Benue,village,7.21586,9.21661,exact,false,geonames,CC-BY-4.0,GeoNames feature P.PPL
gn-katsina-ala-tsemoze-ppl-9638386,Tsemoze,,Katsina-Ala,Katsina-Ala,Benue,village,7.23174,9.24231,exact,false,geonames,CC-BY-4.0,GeoNames feature P.PPL
gn-katsina-ala-tsemtir-ppl-9636696,Tsemtir,,Katsina-Ala,Katsina-Ala,Benue,village,7.26272,9.26421,exact,false,geonames,CC-BY-4.0,GeoNames feature P.PPL
gn-katsina-ala-tsenor-ppl-9639577,Tsenor,,Katsina-Ala,Katsina-Ala,Benue,village,7.22429,9.3383,exact,false,geonames,CC-BY-4.0,GeoNames feature P.PPL
gn-katsina-ala-tsenyiekula-ppl-9638371,Tsenyiekula,,Katsina-Ala,Katsina-Ala,Benue,village,7.21037,9.20573,exact,false,geonames,CC-BY-4.0,GeoNames feature P.PPL
gn-katsina-ala-tsepagher-ppl-9639773,Tsepagher,,Katsina-Ala,Katsina-Ala,Benue,village,7.19313,9.38404,exact,false,geonames,CC-BY-4.0,GeoNames feature P.PPL
gn-katsina-ala-tsesende-ppl-9639610,Tsesende,,Katsina-Ala,Katsina-Ala,Benue,village,7.18126,9.34614,exact,false,geonames,CC-BY-4.0,GeoNames feature P.PPL
gn-katsina-ala-tsetsan-ppl-9639629,Tsetsan,,Katsina-Ala,Katsina-Ala,Benue,village,7.17142,9.3075,exact,false,geonames,CC-BY-4.0,GeoNames feature P.PPL
gn-katsina-ala-tsetsuwe-ppl-9638439,Tsetsuwe,,Katsina-Ala,Katsina-Ala,Benue,village,7.15289,9.20322,exact,false,geonames,CC-BY-4.0,GeoNames feature P.PPL
gn-katsina-ala-tsetyondo-ppl-9638401,Tsetyondo,,Katsina-Ala,Katsina-Ala,Benue,village,7.20207,9.22124,exact,false,geonames,CC-BY-4.0,GeoNames feature P.PPL
gn-katsina-ala-tseugo-ppl-9639662,Tseugo,,Katsina-Ala,Katsina-Ala,Benue,village,7.1426,9.31342,exact,false,geonames,CC-BY-4.0,GeoNames feature P.PPL
gn-katsina-ala-tseyuma-ppl-9636852,Tseyuma,Tseyuwa,Katsina-Ala,Katsina-Ala,Benue,village,7.26538,9.2754,exact,false,geonames,CC-BY-4.0,GeoNames feature P.PPL
gn-katsina-ala-tsuze-ppl-9638426,Tsuze,,Katsina-Ala,Katsina-Ala,Benue,village,7.17709,9.23028,exact,false,geonames,CC-BY-4.0,GeoNames feature P.PPL
gn-katsina-ala-tyav-ppl-9639678,Tyav,,Katsina-Ala,Katsina-Ala,Benue,village,7.09534,9.29807,exact,false,geonames,CC-BY-4.0,GeoNames feature P.PPL
gn-katsina-ala-tyogo-ppl-9636701,Tyogo,,Katsina-Ala,Katsina-Ala,Benue,village,7.2508,9.26378,exact,false,geonames,CC-BY-4.0,GeoNames feature P.PPL
gn-katsina-ala-tyokyaa-ppl-9638376,Tyokyaa,,Katsina-Ala,Katsina-Ala,Benue,village,7.19591,9.20114,exact,false,geonames,CC-BY-4.0,GeoNames feature P.PPL
gn-katsina-ala-tyough-ppl-9638469,Tyough,,Katsina-Ala,Katsina-Ala,Benue,village,7.09489,9.19809,exact,false,geonames,CC-BY-4.0,GeoNames feature P.PPL
gn-katsina-ala-ubur-ppl-9638448,Ubur,,Katsina-Ala,Katsina-Ala,Benue,village,7.16125,9.22028,exact,false,geonames,CC-BY-4.0,GeoNames feature P.PPL
gn-katsina-ala-ucha-ppl-9638389,Ucha,,Katsina-Ala,Katsina-Ala,Benue,village,7.22099,9.24778,exact,false,geonames,CC-BY-4.0,GeoNames feature P.PPL
gn-katsina-ala-udele-ppl-9639606,Udele,,Katsina-Ala,Katsina-Ala,Benue,village,7.18603,9.33202,exact,false,geonames,CC-BY-4.0,GeoNames feature P.PPL
wd-Q31207403,Udele Hill,,Katsina-Ala,Katsina-Ala,Benue,hill,7.183056,9.325278,exact,false,geonames|wikidata,CC-BY-4.0,Wikidata Q31207403; instance-of: hill; GeoNames feature T.HLL
gn-katsina-ala-udura-ppl-9639832,Udura,,Katsina-Ala,Katsina-Ala,Benue,village,7.09717,9.36654,exact,false,geonames,CC-BY-4.0,GeoNames feature P.PPL
gn-katsina-ala-ugande-ppl-9639640,Ugande,,Katsina-Ala,Katsina-Ala,Benue,village,7.16173,9.31076,exact,false,geonames,CC-BY-4.0,GeoNames feature P.PPL
gn-katsina-ala-ugbema-ppl-9639477,Ugbema,,Katsina-Ala,Katsina-Ala,Benue,village,7.11871,9.27024,exact,false,geonames,CC-BY-4.0,GeoNames feature P.PPL
gn-katsina-ala-ugber-ppl-9638412,Ugber,,Katsina-Ala,Katsina-Ala,Benue,village,7.18842,9.20177,exact,false,geonames,CC-BY-4.0,GeoNames feature P.PPL
gn-katsina-ala-ugye-ppl-9638449,Ugye,,Katsina-Ala,Katsina-Ala,Benue,village,7.15996,9.23511,exact,false,geonames,CC-BY-4.0,GeoNames feature P.PPL
gn-katsina-ala-uja-ppl-9638356,Uja,,Katsina-Ala,Katsina-Ala,Benue,village,7.22975,9.19316,exact,false,geonames,CC-BY-4.0,GeoNames feature P.PPL
gn-katsina-ala-ukaa-ppl-9638421,Ukaa,,Katsina-Ala,Katsina-Ala,Benue,village,7.18189,9.20873,exact,false,geonames,CC-BY-4.0,GeoNames feature P.PPL
gn-katsina-ala-ukaa-ppl-9639565,Ukaa,,Katsina-Ala,Katsina-Ala,Benue,village,7.24966,9.35159,exact,false,geonames,CC-BY-4.0,GeoNames feature P.PPL
gn-katsina-ala-ukange-ppl-9639664,Ukange,,Katsina-Ala,Katsina-Ala,Benue,village,7.13949,9.32025,exact,false,geonames,CC-BY-4.0,GeoNames feature P.PPL
gn-katsina-ala-ukokombo-river-stm-9638637,Ukokombo River,River Ukokombo,Katsina-Ala,Katsina-Ala,Benue,river,7.1989,9.2516,exact,false,geonames,CC-BY-4.0,GeoNames feature H.STM
gn-katsina-ala-ukpa-ppl-9638360,Ukpa,,Katsina-Ala,Katsina-Ala,Benue,village,7.22947,9.20648,exact,false,geonames,CC-BY-4.0,GeoNames feature P.PPL
gn-katsina-ala-ukpen-ppl-9638377,Ukpen,,Katsina-Ala,Katsina-Ala,Benue,village,7.19668,9.20621,exact,false,geonames,CC-BY-4.0,GeoNames feature P.PPL
gn-katsina-ala-ukpera-ppl-9639791,Ukpera,,Katsina-Ala,Katsina-Ala,Benue,village,7.17441,9.37077,exact,false,geonames,CC-BY-4.0,GeoNames feature P.PPL
gn-katsina-ala-ulukar-ppl-9634325,Ulukar,,Katsina-Ala,Katsina-Ala,Benue,village,7.26536,9.20729,exact,false,geonames,CC-BY-4.0,GeoNames feature P.PPL
gn-katsina-ala-umaro-ppl-9639571,Umaro,,Katsina-Ala,Katsina-Ala,Benue,village,7.23264,9.34084,exact,false,geonames,CC-BY-4.0,GeoNames feature P.PPL
gn-katsina-ala-umega-ppl-9639638,Umega,,Katsina-Ala,Katsina-Ala,Benue,village,7.15574,9.30946,exact,false,geonames,CC-BY-4.0,GeoNames feature P.PPL
gn-katsina-ala-urban-ppl-9638454,Urban,,Katsina-Ala,Katsina-Ala,Benue,village,7.13677,9.18603,exact,false,geonames,CC-BY-4.0,GeoNames feature P.PPL
gn-katsina-ala-usu-ppl-9638363,Usu,,Katsina-Ala,Katsina-Ala,Benue,village,7.22287,9.19356,exact,false,geonames,CC-BY-4.0,GeoNames feature P.PPL
gn-katsina-ala-uter-ppl-9639508,Uter,,Katsina-Ala,Katsina-Ala,Benue,village,7.09199,9.2524,exact,false,geonames,CC-BY-4.0,GeoNames feature P.PPL
gn-katsina-ala-utur-ppl-9638429,Utur,,Katsina-Ala,Katsina-Ala,Benue,village,7.17952,9.23463,exact,false,geonames,CC-BY-4.0,GeoNames feature P.PPL
gn-katsina-ala-uture-ppl-9639564,Uture,,Katsina-Ala,Katsina-Ala,Benue,village,7.2449,9.34679,exact,false,geonames,CC-BY-4.0,GeoNames feature P.PPL
gn-katsina-ala-uyange-ppl-9638427,Uyange,,Katsina-Ala,Katsina-Ala,Benue,village,7.1719,9.23055,exact,false,geonames,CC-BY-4.0,GeoNames feature P.PPL
gn-katsina-ala-uza-ppl-9636857,Uza,,Katsina-Ala,Katsina-Ala,Benue,village,7.25514,9.32318,exact,false,geonames,CC-BY-4.0,GeoNames feature P.PPL
ov-763f6388-f138-4e8b-9e74-31e471583f88,Victory Bible Church,,Katsina-Ala,Katsina-Ala,Benue,christian-place-of-worship,7.16933,9.28127,exact,false,overture,CDLA-Permissive-2.0,Overture 763f6388-f138-4e8b-9e74-31e471583f88; confidence 0.5339102745056152
gn-katsina-ala-vihi-ppl-9639500,Vihi,,Katsina-Ala,Katsina-Ala,Benue,village,7.10912,9.25313,exact,false,geonames,CC-BY-4.0,GeoNames feature P.PPL
gn-katsina-ala-wende-ppl-9639632,Wende,,Katsina-Ala,Katsina-Ala,Benue,village,7.177,9.35207,exact,false,geonames,CC-BY-4.0,GeoNames feature P.PPL
gn-katsina-ala-yaasa-ppl-9639628,Yaasa,,Katsina-Ala,Katsina-Ala,Benue,village,7.17242,9.30196,exact,false,geonames,CC-BY-4.0,GeoNames feature P.PPL
gn-katsina-ala-yambe-ppl-9638402,Yambe,,Katsina-Ala,Katsina-Ala,Benue,village,7.19933,9.23189,exact,false,geonames,CC-BY-4.0,GeoNames feature P.PPL
gn-katsina-ala-yanku-ppl-9639613,Yanku,,Katsina-Ala,Katsina-Ala,Benue,village,7.18153,9.30906,exact,false,geonames,CC-BY-4.0,GeoNames feature P.PPL
gn-katsina-ala-yogo-ppl-9640497,Yogo,,Katsina-Ala,Katsina-Ala,Benue,village,7.25319,9.26619,exact,false,geonames,CC-BY-4.0,GeoNames feature P.PPL
gn-katsina-ala-zangwa-ppl-9636851,Zangwa,,Katsina-Ala,Katsina-Ala,Benue,village,7.26643,9.28372,exact,false,geonames,CC-BY-4.0,GeoNames feature P.PPL
gn-katsina-ala-zawua-ppl-9638455,Zawua,,Katsina-Ala,Katsina-Ala,Benue,village,7.13453,9.18716,exact,false,geonames,CC-BY-4.0,GeoNames feature P.PPL
gn-katsina-ala-zege-ppl-9639665,Zege,,Katsina-Ala,Katsina-Ala,Benue,village,7.13519,9.30354,exact,false,geonames,CC-BY-4.0,GeoNames feature P.PPL
gn-katsina-ala-zegeor-ppl-9639570,Zegeor,,Katsina-Ala,Katsina-Ala,Benue,village,7.23954,9.35192,exact,false,geonames,CC-BY-4.0,GeoNames feature P.PPL
gn-katsina-ala-zemgem-ppl-9639753,Zemgem,,Katsina-Ala,Katsina-Ala,Benue,village,7.21476,9.3641,exact,false,geonames,CC-BY-4.0,GeoNames feature P.PPL
gn-katsina-ala-zermo-ppl-9639756,Zermo,,Katsina-Ala,Katsina-Ala,Benue,village,7.21225,9.38212,exact,false,geonames,CC-BY-4.0,GeoNames feature P.PPL
gn-katsina-ala-zever-ppl-9638390,Zever,,Katsina-Ala,Katsina-Ala,Benue,village,7.21927,9.23336,exact,false,geonames,CC-BY-4.0,GeoNames feature P.PPL
gn-katsina-ala-zuakui-ppl-9639649,Zuakui,,Katsina-Ala,Katsina-Ala,Benue,village,7.16015,9.33634,exact,false,geonames,CC-BY-4.0,GeoNames feature P.PPL
wd-Q131298252,2 planet bar and restaurant,,Makurdi,Makurdi,Benue,place,7.711298,8.553495,exact,false,wikidata,,Wikidata Q131298252; instance-of: restaurant
ov-d74c449e-509e-4ef4-8d7a-ccd020ba5bc8,"2920 Media, News & Entertainment",,Makurdi,Makurdi,Benue,b2b-office-and-professional-service,7.732249,8.541465,exact,false,overture,CDLA-Permissive-2.0,Overture d74c449e-509e-4ef4-8d7a-ccd020ba5bc8; confidence 0.5036801695823669
wd-Q131298385,9iceous,,Makurdi,Makurdi,Benue,place,7.724264,8.507911,exact,false,wikidata,,Wikidata Q131298385; instance-of: restaurant
gn-makurdi-aaregh-ppl-9498451,Aaregh,,Makurdi,Makurdi,Benue,village,7.75066,8.40116,exact,false,geonames,CC-BY-4.0,GeoNames feature P.PPL
ov-e5e659ce-4a43-4586-a521-10ca2ab6b8b7,AB Unique Fashion Wears,,Makurdi,Makurdi,Benue,fashion-and-apparel-store,7.728918,8.538539,exact,false,overture,CDLA-Permissive-2.0,Overture e5e659ce-4a43-4586-a521-10ca2ab6b8b7; confidence 0.46540579199790955
ov-697f7dd4-48af-418b-a50f-b14394470608,Abacent Electrical Engineering WORK. Nig.ltd,,Makurdi,Makurdi,Benue,home-service,7.75,8.55,exact,false,overture,CDLA-Permissive-2.0,Overture 697f7dd4-48af-418b-a50f-b14394470608; confidence 0.6226978302001953
gn-makurdi-abagi-ppl-6852732,Abagi,,Makurdi,Makurdi,Benue,village,7.65561,8.43191,exact,false,geonames,CC-BY-4.0,GeoNames feature P.PPL
wd-Q136762975,Abako Fidelis,,Makurdi,Makurdi,Benue,school,7.742345,8.546778,exact,false,wikidata,,Wikidata Q136762975; instance-of: school
ov-dcc1d285-6667-40c5-b378-0ef6371113fc,Aboki Publishers,,Makurdi,Makurdi,Benue,professional-service,7.732133,8.539075,exact,false,overture,CDLA-Permissive-2.0,Overture dcc1d285-6667-40c5-b378-0ef6371113fc; confidence 0.2723451256752014
ov-b7bcfa6b-06be-437f-8b91-6e9c0fb5d816,Ace Of Spade,,Makurdi,Makurdi,Benue,dance-club,7.71567,8.505898,exact,false,overture,CDLA-Permissive-2.0,Overture b7bcfa6b-06be-437f-8b91-6e9c0fb5d816; confidence 0.9689813256263733
gn-makurdi-achin-ppl-9507358,Achin,,Makurdi,Makurdi,Benue,village,7.73733,8.48096,exact,false,geonames,CC-BY-4.0,GeoNames feature P.PPL
ng-benue-makurdi-achusa,Achusa,,Makurdi,Makurdi,Benue,district,7.705,8.515,approximate,false,curated,project-owned,Draft; coords approximate
wd-Q136515077,Achusa Market,,Makurdi,Makurdi,Benue,market,7.697084,8.517036,exact,false,wikidata,,Wikidata Q136515077; instance-of: market
ov-43e6f040-edd1-476c-8107-34a8292f344b,ACS Jostum,,Makurdi,Makurdi,Benue,social-or-community-service,7.79058,8.61927,exact,false,overture,CDLA-Permissive-2.0,Overture 43e6f040-edd1-476c-8107-34a8292f344b; confidence 0.5409321188926697
wd-Q136502865,AD-TOPHINE PHARMACY LTD,,Makurdi,Makurdi,Benue,place,7.72688,8.520424,exact,false,wikidata,,Wikidata Q136502865; instance-of: pharmacy
gn-makurdi-ada-ppl-2352655,Ada,,Makurdi,Makurdi,Benue,village,7.68445,8.61505,exact,false,geonames,CC-BY-4.0,GeoNames feature P.PPL
gn-makurdi-adagume-ppl-9509099,Adagume,,Makurdi,Makurdi,Benue,village,7.63646,8.41155,exact,false,geonames,CC-BY-4.0,GeoNames feature P.PPL
ng-benue-makurdi-adeke,Adeke,,Makurdi,Makurdi,Benue,district,7.71,8.535,approximate,false,curated,project-owned,Draft; coords approximate
gn-makurdi-adem-ppl-6852736,Adem,,Makurdi,Makurdi,Benue,village,7.65991,8.48173,exact,false,geonames,CC-BY-4.0,GeoNames feature P.PPL; GeoNames feature P.PPL
wd-Q113163187,"Adikpo Post Office, Mbaiwen",,Makurdi,Makurdi,Benue,settlement,7.735007,8.513659,exact,false,wikidata,,Wikidata Q113163187; instance-of: human settlement
ov-0282fa2b-2334-4e7f-b245-274be8f81b5f,Adonai Prayer Ministry,,Makurdi,Makurdi,Benue,christian-place-of-worship,7.7287,8.5329,exact,false,overture,CDLA-Permissive-2.0,Overture 0282fa2b-2334-4e7f-b245-274be8f81b5f; confidence 0.6727165579795837
wd-Q130621568,"Adoose Specialist Hospital, Makurdi",Adoose Specialist Hospital,Makurdi,Makurdi,Benue,hospital,7.693938,8.538793,exact,false,overture|wikidata,CDLA-Permissive-2.0,Wikidata Q130621568; instance-of: hospital; Overture ac8207e0-1aee-4954-93cf-157e866fb970; confidence 0.27358368039131165
ov-b12048d0-68b2-40f4-b1e3-8cf79cb64b55,ADURA BABA Integrated FARMS,,Makurdi,Makurdi,Benue,b2b-service,7.726439,8.52609,exact,false,overture,CDLA-Permissive-2.0,Overture b12048d0-68b2-40f4-b1e3-8cf79cb64b55; confidence 0.5873602032661438
ov-c027450e-9f2a-45cf-8116-14608ca0d130,After 4 Restaurant,,Makurdi,Makurdi,Benue,restaurant,7.73036,8.537251,exact,false,overture,CDLA-Permissive-2.0,Overture c027450e-9f2a-45cf-8116-14608ca0d130; confidence 0.33061814308166504
gn-makurdi-afurangu-ppl-2352200,Afurangu,,Makurdi,Makurdi,Benue,village,7.8153,8.4598,exact,false,geonames,CC-BY-4.0,GeoNames feature P.PPL
ov-cde12348-183a-4ea1-a63a-7b9e9958a2db,Agagbe,,Makurdi,Makurdi,Benue,place,7.73759,8.50377,exact,false,overture,CDLA-Permissive-2.0,Overture cde12348-183a-4ea1-a63a-7b9e9958a2db; confidence 0.47684627771377563
ov-db300be3-c154-438e-9692-56580e933a72,Agagbe Kelvin Foundation,,Makurdi,Makurdi,Benue,civic-organization,7.72283,8.53739,exact,false,overture,CDLA-Permissive-2.0,Overture db300be3-c154-438e-9692-56580e933a72; confidence 0.543948233127594
ov-5e45ca61-3459-402f-ae4e-008b8b39a692,Again and Afresh,,Makurdi,Makurdi,Benue,religious-organization,7.716287,8.516335,exact,false,overture,CDLA-Permissive-2.0,Overture 5e45ca61-3459-402f-ae4e-008b8b39a692; confidence 0.770311713218689
gn-makurdi-agana-ppl-13425797,Agana,,Makurdi,Makurdi,Benue,village,7.8068,8.56746,exact,false,geonames,CC-BY-4.0,GeoNames feature P.PPL
wd-Q4691638,Agbadi,,Makurdi,Makurdi,Benue,village,7.8,8.616667,exact,false,geonames|wikidata,CC-BY-4.0,Wikidata Q4691638; instance-of: village; GeoNames feature P.PPL; Wikidata Q4691638; instance-of: village in nigeria
gn-makurdi-agber-ppl-2352025,Agber,,Makurdi,Makurdi,Benue,village,7.8422,8.62996,exact,false,geonames,CC-BY-4.0,GeoNames feature P.PPL
gn-makurdi-agber-ppl-6852808,Agber,,Makurdi,Makurdi,Benue,village,7.71363,8.46183,exact,false,geonames,CC-BY-4.0,GeoNames feature P.PPL
ov-6e5a79b2-dd78-4b24-82c0-5b6c388d06fa,AGC Salvation Center,,Makurdi,Makurdi,Benue,religious-organization,7.7306,8.5361,exact,false,overture,CDLA-Permissive-2.0,Overture 6e5a79b2-dd78-4b24-82c0-5b6c388d06fa; confidence 0.7420368194580078
ov-d5e82014-b445-4e13-8ce0-906c826efeed,Agency Banking Network & Business Clinic,,Makurdi,Makurdi,Benue,financial-service,7.72644,8.52609,exact,false,overture,CDLA-Permissive-2.0,Overture d5e82014-b445-4e13-8ce0-906c826efeed; confidence 0.5314576625823975
gn-makurdi-ageva-ppl-2351913,Ageva,,Makurdi,Makurdi,Benue,village,7.70705,8.5891,exact,false,geonames,CC-BY-4.0,GeoNames feature P.PPL
ov-3e621096-4ded-451a-9dd2-f52b3c1ec000,AGN Igede District,,Makurdi,Makurdi,Benue,historic-site,7.75,8.55,exact,false,overture,CDLA-Permissive-2.0,Overture 3e621096-4ded-451a-9dd2-f52b3c1ec000; confidence 0.6058791279792786
ov-10ccb8ea-038d-4578-83f7-336e4cf39a3c,Agritech and Social Innovation Hub,,Makurdi,Makurdi,Benue,building-or-construction-service,7.75,8.55,exact,false,overture,CDLA-Permissive-2.0,Overture 10ccb8ea-038d-4578-83f7-336e4cf39a3c; confidence 0.6229035258293152
gn-makurdi-agugbe-ppl-9508908,Agugbe,,Makurdi,Makurdi,Benue,village,7.6826,8.49077,exact,false,geonames,CC-BY-4.0,GeoNames feature P.PPL
ov-b0000d30-77db-4af0-9598-6535f46052e7,Aim Thrift And Loan Cooperative Society Ltd,,Makurdi,Makurdi,Benue,financial-service,7.737964,8.510654,exact,false,overture,CDLA-Permissive-2.0,Overture b0000d30-77db-4af0-9598-6535f46052e7; confidence 0.501712441444397
wd-Q131359390,"Air Force Primary School, Makurdi",,Makurdi,Makurdi,Benue,school,7.70702,8.631131,exact,false,wikidata,,Wikidata Q131359390; instance-of: school
ov-737bf284-31df-4a3c-a572-c4eb6c277d63,Air Force War College Nigeria,,Makurdi,Makurdi,Benue,military-site,7.71121,8.63396,exact,false,overture,CDLA-Permissive-2.0,Overture 737bf284-31df-4a3c-a572-c4eb6c277d63; confidence 0.6662754416465759
ng-benue-makurdi-naf-base,Airforce Base Makurdi,NAF Base Makurdi|Tactical Air Command Makurdi|Airport Makurdi|Nigeria Air Force Base Makurdi|NAF Makurdi,Makurdi,Makurdi,Benue,landmark,7.705,8.595,approximate,false,curated,project-owned,Draft; coords approximate; same airfield complex as Makurdi Airport (about 0.5 km)
ov-caa03707-eb41-4482-9400-e6d80bba5968,"Airforce Secondary School, Markudi",,Makurdi,Makurdi,Benue,high-school,7.707258,8.633666,exact,false,overture,CDLA-Permissive-2.0,Overture caa03707-eb41-4482-9400-e6d80bba5968; confidence 0.8220097422599792
ov-90eb8448-c894-48b2-97a8-c75cc8d8835d,Airmen's Club,,Makurdi,Makurdi,Benue,bar,7.699125,8.627285,exact,false,overture,CDLA-Permissive-2.0,Overture 90eb8448-c894-48b2-97a8-c75cc8d8835d; confidence 0.5684385895729065
ov-3aacabe6-8262-41f6-ae18-0aa0f227d2ac,Airtel Shop - Makurdi,,Makurdi,Makurdi,Benue,electronics-store,7.734562,8.52811,exact,false,overture,CDLA-Permissive-2.0,Overture 3aacabe6-8262-41f6-ae18-0aa0f227d2ac; confidence 0.4621603488922119
ov-6ba70886-5448-440d-bc0d-b79607445e0b,AJ Grid,,Makurdi,Makurdi,Benue,personal-or-beauty-service,7.723251,8.528944,exact,false,overture,CDLA-Permissive-2.0,Overture 6ba70886-5448-440d-bc0d-b79607445e0b; confidence 0.3941265344619751
gn-makurdi-ajaver-ppl-2351450,Ajaver,,Makurdi,Makurdi,Benue,village,7.81957,8.6061,exact,false,geonames,CC-BY-4.0,GeoNames feature P.PPL
gn-makurdi-ajia-ppl-2351371,Ajia,,Makurdi,Makurdi,Benue,village,7.75591,8.62218,exact,false,geonames,CC-BY-4.0,GeoNames feature P.PPL
gn-makurdi-ajibaji-ppl-2351362,Ajibaji,,Makurdi,Makurdi,Benue,village,7.67417,8.54112,exact,false,geonames,CC-BY-4.0,GeoNames feature P.PPL
gn-makurdi-ajo-ppl-6852894,Ajo,,Makurdi,Makurdi,Benue,village,7.82552,8.60409,exact,false,geonames,CC-BY-4.0,GeoNames feature P.PPL
gn-makurdi-ajoraku-ppl-2351287,Ajoraku,,Makurdi,Makurdi,Benue,village,7.7611,8.4747,exact,false,geonames,CC-BY-4.0,GeoNames feature P.PPL
gn-makurdi-ajunku-ppl-9507373,Ajunku,,Makurdi,Makurdi,Benue,village,7.71107,8.44835,exact,false,geonames,CC-BY-4.0,GeoNames feature P.PPL
wd-Q108392320,Akata Benue Fishing Festival,,Makurdi,Makurdi,Benue,place,7.766185,8.57725,exact,false,wikidata,,Wikidata Q108392320; instance-of: festival
wd-Q107377013,Akawe Torkula Polytechnic,,Makurdi,Makurdi,Benue,place,7.7322,8.5391,exact,false,wikidata,,Wikidata Q107377013; instance-of: educational institution
wd-Q126008717,Akawe Torkula Polytechnic Library,,Makurdi,Makurdi,Benue,place,7.732222,8.539167,exact,false,wikidata,,Wikidata Q126008717; instance-of: library
gn-makurdi-akiki-ppl-2351111,Akiki,,Makurdi,Makurdi,Benue,village,7.79003,8.51777,exact,false,geonames,CC-BY-4.0,GeoNames feature P.PPL
gn-makurdi-akil-ppl-6852810,Akil,,Makurdi,Makurdi,Benue,village,7.71484,8.4875,exact,false,geonames,CC-BY-4.0,GeoNames feature P.PPL
gn-makurdi-akondonyou-ppl-2350995,Akondonyou,,Makurdi,Makurdi,Benue,village,7.77729,8.5803,exact,false,geonames,CC-BY-4.0,GeoNames feature P.PPL
wd-Q136502878,AKOSO PHARMACY LTD O,,Makurdi,Makurdi,Benue,place,7.711705,8.55455,exact,false,wikidata,,Wikidata Q136502878; instance-of: pharmacy
ov-9fde3fb5-3fa8-4530-b895-eb93220a6061,Akpehe memorial medical dispensary u-use,,Makurdi,Makurdi,Benue,professional-service,7.74062,8.51341,exact,false,overture,CDLA-Permissive-2.0,Overture 9fde3fb5-3fa8-4530-b895-eb93220a6061; confidence 0.5897642374038696
gn-makurdi-akponaja-ppl-6852883,Akponaja,,Makurdi,Makurdi,Benue,village,7.79875,8.4156,exact,false,geonames,CC-BY-4.0,GeoNames feature P.PPL
gn-makurdi-akume-ppl-2350858,Akume,,Makurdi,Makurdi,Benue,village,7.67306,8.62251,exact,false,geonames,CC-BY-4.0,GeoNames feature P.PPL
gn-makurdi-alabusa-ppl-6852830,Alabusa,,Makurdi,Makurdi,Benue,village,7.72843,8.49279,exact,false,geonames,CC-BY-4.0,GeoNames feature P.PPL
gn-makurdi-alawaye-ppl-6852889,Alawaye,,Makurdi,Makurdi,Benue,village,7.81241,8.41886,exact,false,geonames,CC-BY-4.0,GeoNames feature P.PPL
wd-Q136733573,"Alex Gaadi Comprehensive College, Makurdi",,Makurdi,Makurdi,Benue,school,7.733456,8.536789,exact,false,wikidata,,Wikidata Q136733573; instance-of: school
gn-makurdi-ali-ppl-9507345,Ali,,Makurdi,Makurdi,Benue,village,7.73418,8.40293,exact,false,geonames,CC-BY-4.0,GeoNames feature P.PPL
ov-6fa6d812-5067-4d39-a310-232588d54543,Alko Group Resources,,Makurdi,Makurdi,Benue,professional-service,7.699517,8.492476,exact,false,overture,CDLA-Permissive-2.0,Overture 6fa6d812-5067-4d39-a310-232588d54543; confidence 0.8277960419654846
wd-Q129135311,All Believers MPCS,,Makurdi,Makurdi,Benue,place,7.759358,8.533642,exact,false,wikidata,,Wikidata Q129135311; instance-of: association
wd-Q136785113,All Saints Anglican Nursery And Primary School Makurdi,,Makurdi,Makurdi,Benue,school,7.722406,8.531587,exact,false,wikidata,,Wikidata Q136785113; instance-of: school
wd-Q131361660,"All Saints Primary School, Makurdi",,Makurdi,Makurdi,Benue,school,7.733581,8.516016,exact,false,wikidata,,Wikidata Q131361660; instance-of: school
wd-Q136784639,All Staints Anglican Nursery And Primary School Makurdi,,Makurdi,Makurdi,Benue,school,7.733542,8.516071,exact,false,wikidata,,Wikidata Q136784639; instance-of: school
ov-d8c8f8d1-a036-4127-9dba-dac0b25b0388,Alpha Christian Academy,,Makurdi,Makurdi,Benue,place-of-learning,7.719583,8.524525,exact,false,overture,CDLA-Permissive-2.0,Overture d8c8f8d1-a036-4127-9dba-dac0b25b0388; confidence 0.8776600360870361
ov-f83a6128-5fb1-4903-9dc5-4f07b9234a3e,Alpha nursery and primary and secondary School mkd,,Makurdi,Makurdi,Benue,professional-service,7.72513,8.49903,exact,false,overture,CDLA-Permissive-2.0,Overture f83a6128-5fb1-4903-9dc5-4f07b9234a3e; confidence 0.6802354454994202
ov-d78e9a9a-49fe-4a68-bd82-496af188c023,Alumo Global Resources,,Makurdi,Makurdi,Benue,food-and-beverage-store,7.724676,8.528399,exact,false,overture,CDLA-Permissive-2.0,Overture d78e9a9a-49fe-4a68-bd82-496af188c023; confidence 0.5363519191741943
ov-51d21ad2-453c-4d50-b1b4-8612cbd1c171,Alven International Nursery And Primary School,,Makurdi,Makurdi,Benue,place-of-learning,7.723962,8.507965,exact,false,overture,CDLA-Permissive-2.0,Overture 51d21ad2-453c-4d50-b1b4-8612cbd1c171; confidence 0.598595917224884
ov-d56faae8-ff18-4cf9-a569-8d1cfd87a368,Ambassadors Venture Modern Market,,Makurdi,Makurdi,Benue,shopping-mall,7.721024,8.5002,exact,false,overture,CDLA-Permissive-2.0,Overture d56faae8-ff18-4cf9-a569-8d1cfd87a368; confidence 0.21637849509716034
ov-9699a800-f3f3-40b4-934b-8647cf974027,Ambrosemary Data Gallery,,Makurdi,Makurdi,Benue,b2b-office-and-professional-service,7.70814,8.52211,exact,false,overture,CDLA-Permissive-2.0,Overture 9699a800-f3f3-40b4-934b-8647cf974027; confidence 0.521228015422821
ov-db5e240d-f99a-4d28-bfa2-42af01e03d97,Amen mountain of God's power,,Makurdi,Makurdi,Benue,religious-organization,7.735168,8.53439,exact,false,overture,CDLA-Permissive-2.0,Overture db5e240d-f99a-4d28-bfa2-42af01e03d97; confidence 0.5593870282173157
gn-makurdi-amena-ppl-2350106,Amena,,Makurdi,Makurdi,Benue,village,7.64795,8.55831,exact,false,geonames,CC-BY-4.0,GeoNames feature P.PPL
ov-ce9a999f-c058-47e0-8b41-ea2b1dd1e717,Aminu Isa Kontagora Theater Arts Complex,,Makurdi,Makurdi,Benue,theatre-venue,7.703076,8.533065,exact,false,overture,CDLA-Permissive-2.0,Overture ce9a999f-c058-47e0-8b41-ea2b1dd1e717; confidence 0.5188392400741577
ov-84ccc0e6-c59f-4eaf-8a62-006acb27073a,Angbian Agro Resources Ltd,,Makurdi,Makurdi,Benue,professional-service,7.75,8.55,exact,false,overture,CDLA-Permissive-2.0,Overture 84ccc0e6-c59f-4eaf-8a62-006acb27073a; confidence 0.5601722002029419
ov-629e4763-988b-4dd1-9269-deaf9019a6e2,Anglican Diocese of Makurdi,,Makurdi,Makurdi,Benue,religious-organization,7.72283,8.53739,exact,false,overture,CDLA-Permissive-2.0,Overture 629e4763-988b-4dd1-9269-deaf9019a6e2; confidence 0.5462868809700012
ov-c51a06af-182a-4615-857a-72e60fea7123,Anglican Old Students Association Makurdi,,Makurdi,Makurdi,Benue,college-university,7.73331,8.51722,exact,false,overture,CDLA-Permissive-2.0,Overture c51a06af-182a-4615-857a-72e60fea7123; confidence 0.38573962450027466
wd-Q126113693,Anglican secondary school Makurdi,,Makurdi,Makurdi,Benue,school,7.733943,8.515705,exact,false,wikidata,,Wikidata Q126113693; instance-of: school
gn-makurdi-angur-ppl-6852772,Angur,,Makurdi,Makurdi,Benue,village,7.68758,8.44599,exact,false,geonames,CC-BY-4.0,GeoNames feature P.PPL
ov-c9803e35-e5e6-4a08-9026-7fcc51b2fed7,Angus Fraser College Makurdi,,Makurdi,Makurdi,Benue,education,7.692849,8.550588,exact,false,overture,CDLA-Permissive-2.0,Overture c9803e35-e5e6-4a08-9026-7fcc51b2fed7; confidence 0.24850870668888092; address locality: Markurdi
gn-makurdi-anjogh-ppl-6852690,Anjogh,,Makurdi,Makurdi,Benue,village,7.62687,8.50187,exact,false,geonames,CC-BY-4.0,GeoNames feature P.PPL
ov-82f2e997-1f2f-4e71-900d-0d33c6323fc3,Ank,,Makurdi,Makurdi,Benue,place,7.766785,8.559715,exact,false,overture,CDLA-Permissive-2.0,Overture 82f2e997-1f2f-4e71-900d-0d33c6323fc3; confidence 0.5354457497596741
ng-benue-makurdi-ankpa,Ankpa Ward,Ankpa,Makurdi,Makurdi,Benue,district,7.73,8.52,approximate,false,curated,project-owned,Draft; coords approximate
wd-Q59815283,Ankpa/Wadata,,Makurdi,Makurdi,Benue,place,7.712052,8.509162,exact,false,wikidata,,Wikidata Q59815283; instance-of: ward of the makurdi legislative council
gn-makurdi-ankpe-ppl-9507364,Ankpe,,Makurdi,Makurdi,Benue,village,7.72422,8.49023,exact,false,geonames,CC-BY-4.0,GeoNames feature P.PPL
ov-5c04603e-2dca-40f7-a89b-cf1922fff6a2,AnnieBerriee Laundry &  Drycleaning Services,,Makurdi,Makurdi,Benue,laundry-service,7.7306,8.5361,exact,false,overture,CDLA-Permissive-2.0,Overture 5c04603e-2dca-40f7-a89b-cf1922fff6a2; confidence 0.5574735403060913
ov-6c0d96b9-1b62-4b75-92d0-45c6c6a34bcb,Anoldknight Computer World,,Makurdi,Makurdi,Benue,technical-service,7.75,8.55,exact,false,overture,CDLA-Permissive-2.0,Overture 6c0d96b9-1b62-4b75-92d0-45c6c6a34bcb; confidence 0.5874991416931152
gn-makurdi-anongu-ppl-9507368,Anongu,,Makurdi,Makurdi,Benue,village,7.71845,8.46618,exact,false,geonames,CC-BY-4.0,GeoNames feature P.PPL
ov-2ed7e47a-4c41-43ad-8eea-dfbd88197f5c,Antilla Apartments and Suite Abuja,,Makurdi,Makurdi,Benue,hotel,7.715291,8.60735,exact,false,overture,CDLA-Permissive-2.0,Overture 2ed7e47a-4c41-43ad-8eea-dfbd88197f5c; confidence 0.9437864422798157; address locality: Abuja
gn-makurdi-antsa-ppl-2349751,Antsa,,Makurdi,Makurdi,Benue,village,7.76887,8.58851,exact,false,geonames,CC-BY-4.0,GeoNames feature P.PPL
wd-Q618215,Aper Aku Stadium,Aper Aku Stadium Makurdi|Benue Stadium,Makurdi,Makurdi,Benue,stadium,7.730009,8.520589,exact,false,curated|overture|wikidata,CDLA-Permissive-2.0|project-owned,Wikidata Q618215; instance-of: stadium; Draft; coords approximate; Overture 15cf8813-bdd8-4eaa-b7cb-88b27bdcf0c3; confidence 0.8360043168067932
gn-makurdi-apir-ppl-2349571,Apir,Apiv,Makurdi,Makurdi,Benue,village,7.63059,8.56744,exact,false,geonames,CC-BY-4.0,GeoNames feature P.PPL
ov-b1413ed4-9ccb-4adc-943b-03bbac4bd927,Apostle Hills Agbo,,Makurdi,Makurdi,Benue,place,7.72643,8.52608,exact,false,overture,CDLA-Permissive-2.0,Overture b1413ed4-9ccb-4adc-943b-03bbac4bd927; confidence 0.5952910780906677
ov-f3a9d681-d671-4de1-a779-cc7c33b9beae,Apostle King Omudu,,Makurdi,Makurdi,Benue,place,7.70981,8.532629,exact,false,overture,CDLA-Permissive-2.0,Overture f3a9d681-d671-4de1-a779-cc7c33b9beae; confidence 0.30482980608940125
ov-375bd522-58a1-46a1-9ed9-94bab56ded3b,Apostolic Faith Church Benue Ydd,,Makurdi,Makurdi,Benue,religious-organization,7.74127,8.50989,exact,false,overture,CDLA-Permissive-2.0,Overture 375bd522-58a1-46a1-9ed9-94bab56ded3b; confidence 0.639567494392395
ov-00293376-6a6c-4a2c-9931-956d762e938b,Apples,,Makurdi,Makurdi,Benue,electronics-store,7.735226,8.531078,exact,false,overture,CDLA-Permissive-2.0,Overture 00293376-6a6c-4a2c-9931-956d762e938b; confidence 0.5720599889755249
gn-makurdi-aprimbo-ppl-6852899,Aprimbo,,Makurdi,Makurdi,Benue,village,7.83437,8.40329,exact,false,geonames,CC-BY-4.0,GeoNames feature P.PPL
ov-25db376d-bfea-49cd-a08c-f72d39781ebd,Areopagus communications Ltd.,,Makurdi,Makurdi,Benue,media-service,7.735226,8.531078,exact,false,overture,CDLA-Permissive-2.0,Overture 25db376d-bfea-49cd-a08c-f72d39781ebd; confidence 0.5382609963417053
ov-7e942d82-cc53-42fb-bbe1-346044e20710,Ark City Cafe and Grill,,Makurdi,Makurdi,Benue,cafe,7.731512,8.531043,exact,false,overture,CDLA-Permissive-2.0,Overture 7e942d82-cc53-42fb-bbe1-346044e20710; confidence 0.9380378723144531
ov-0333adcb-c0df-4619-91a4-3c0160a94f56,Ark City Int'l Gospel center,,Makurdi,Makurdi,Benue,religious-organization,7.72717,8.50914,exact,false,overture,CDLA-Permissive-2.0,Overture 0333adcb-c0df-4619-91a4-3c0160a94f56; confidence 0.5471863746643066
gn-makurdi-asagh-ppl-9508910,Asagh,,Makurdi,Makurdi,Benue,village,7.66899,8.43917,exact,false,geonames,CC-BY-4.0,GeoNames feature P.PPL
gn-makurdi-asamakaha-ppl-2349248,Asamakaha,,Makurdi,Makurdi,Benue,village,7.81334,8.51481,exact,false,geonames,CC-BY-4.0,GeoNames feature P.PPL
ov-7653ff91-5282-4427-b87b-bfad20a66cc8,Ashbem Health Care Foundation,,Makurdi,Makurdi,Benue,place,7.715421,8.55931,exact,false,overture,CDLA-Permissive-2.0,Overture 7653ff91-5282-4427-b87b-bfad20a66cc8; confidence 0.5390560030937195
ov-9b0b0d3a-93d7-4fa4-9449-019c19e46982,ASKiNG RADiO 98.5 SPEED FM MAKURDi,,Makurdi,Makurdi,Benue,radio-station,7.645665,8.475952,exact,false,overture,CDLA-Permissive-2.0,Overture 9b0b0d3a-93d7-4fa4-9449-019c19e46982; confidence 0.7551258206367493
wd-Q125469970,Assemblies of God Church,,Makurdi,Makurdi,Benue,church,7.738429,8.5084,exact,false,overture|wikidata,CDLA-Permissive-2.0,Wikidata Q125469970; instance-of: church building; Overture fa511550-1f53-478a-9382-85892e0ef385; confidence 0.603743851184845
gn-makurdi-asuir-ppl-6852844,Asuir,,Makurdi,Makurdi,Benue,village,7.74083,8.49774,exact,false,geonames,CC-BY-4.0,GeoNames feature P.PPL
wd-Q123323792,Asuir market,,Makurdi,Makurdi,Benue,market,7.706205,8.557415,exact,false,wikidata,,Wikidata Q123323792; instance-of: market
gn-makurdi-ataata-ppl-2349058,Ataata,,Makurdi,Makurdi,Benue,village,7.66904,8.59642,exact,false,geonames,CC-BY-4.0,GeoNames feature P.PPL
ov-cc146966-8a67-4342-bf39-2cc700d341e7,Athans Model College CBT,,Makurdi,Makurdi,Benue,corporate-or-business-office,7.72771,8.54649,exact,false,overture,CDLA-Permissive-2.0,Overture cc146966-8a67-4342-bf39-2cc700d341e7; confidence 0.8404444456100464
ov-74a312f3-991c-4569-96ae-de6c582e115d,Athans model school makurdi opposite UBA PLC wurukum makurdi,,Makurdi,Makurdi,Benue,education,7.72771,8.54649,exact,false,overture,CDLA-Permissive-2.0,Overture 74a312f3-991c-4569-96ae-de6c582e115d; confidence 0.8644163012504578
wd-Q136502992,ATI PHARMACY LTD,,Makurdi,Makurdi,Benue,place,7.737814,8.509047,exact,false,wikidata,,Wikidata Q136502992; instance-of: pharmacy
ov-c1930a0f-0f1d-4ace-b1e6-dd0c5c07d972,Atsehe Ultimate Synergy Ltd,,Makurdi,Makurdi,Benue,professional-service,7.72644,8.52609,exact,false,overture,CDLA-Permissive-2.0,Overture c1930a0f-0f1d-4ace-b1e6-dd0c5c07d972; confidence 0.5600834488868713
gn-makurdi-atsumbau-ppl-6852801,Atsumbau,,Makurdi,Makurdi,Benue,village,7.70857,8.42945,exact,false,geonames,CC-BY-4.0,GeoNames feature P.PPL
ov-2dc7f90e-e7bc-4883-8c3e-c017a3ca97e8,Attamazacks Business Venture,,Makurdi,Makurdi,Benue,agricultural-service,7.740013,8.521012,exact,false,overture,CDLA-Permissive-2.0,Overture 2dc7f90e-e7bc-4883-8c3e-c017a3ca97e8; confidence 0.536749005317688
ov-4b4054e6-da69-410d-b0ed-d30617d24055,Auto360 Nigeria,,Makurdi,Makurdi,Benue,automotive-service,7.72184,8.576509,exact,false,overture,CDLA-Permissive-2.0,Overture 4b4054e6-da69-410d-b0ed-d30617d24055; confidence 0.5203443169593811
ov-26a81c12-ec96-4e3a-a80d-94009c8ef457,Avado Farms,,Makurdi,Makurdi,Benue,farm,7.742673,8.550131,exact,false,overture,CDLA-Permissive-2.0,Overture 26a81c12-ec96-4e3a-a80d-94009c8ef457; confidence 0.953410804271698
ov-635c5300-78e9-4441-9dc9-6eadb2d94299,Aveco Model College,,Makurdi,Makurdi,Benue,elementary-school,7.72782,8.50815,exact,false,overture,CDLA-Permissive-2.0,Overture 635c5300-78e9-4441-9dc9-6eadb2d94299; confidence 0.6820054054260254
wd-Q126118360,Aveco Secondary School,"Aveco Secondary School, Makurdi",Makurdi,Makurdi,Benue,school,7.727838,8.50768,exact,false,wikidata,,Wikidata Q126118360; instance-of: school; Wikidata Q131361380; instance-of: school
wd-Q136824592,"Aver Restaurant, High Level Area",,Makurdi,Makurdi,Benue,place,7.713096,8.532595,exact,false,wikidata,,Wikidata Q136824592; instance-of: restaurant
ov-5c9d108f-7a44-481c-bfc3-aabc72fb0b2e,Aversil,,Makurdi,Makurdi,Benue,personal-or-beauty-service,7.721984,8.522408,exact,false,overture,CDLA-Permissive-2.0,Overture 5c9d108f-7a44-481c-bfc3-aabc72fb0b2e; confidence 0.8149721026420593
ov-3e22c9e3-06fa-4833-91ec-cee1a44d2f1f,AVMS Jostum,,Makurdi,Makurdi,Benue,place-of-learning,7.756814,8.555861,exact,false,overture,CDLA-Permissive-2.0,Overture 3e22c9e3-06fa-4833-91ec-cee1a44d2f1f; confidence 0.8074954152107239
ov-6c8d2bbc-1bb7-484a-b0d0-1177b5831f6c,Avon Healthcare Niger Optical Service,,Makurdi,Makurdi,Benue,hospital,7.738272,8.515736,exact,false,overture,CDLA-Permissive-2.0,Overture 6c8d2bbc-1bb7-484a-b0d0-1177b5831f6c; confidence 0.6233246922492981
wd-Q136766071,Ayagzy Model Nursery And Primary School,,Makurdi,Makurdi,Benue,school,7.744567,8.54899,exact,false,wikidata,,Wikidata Q136766071; instance-of: school
gn-makurdi-ayodu-ppl-9507374,Ayodu,,Makurdi,Makurdi,Benue,village,7.69783,8.45701,exact,false,geonames,CC-BY-4.0,GeoNames feature P.PPL
ov-cf9629fe-3e08-4cd0-8939-eb835956eda3,B Division Police Station,,Makurdi,Makurdi,Benue,police-station,7.711646,8.531741,exact,false,overture,CDLA-Permissive-2.0,Overture cf9629fe-3e08-4cd0-8939-eb835956eda3; confidence 0.37102803587913513
gn-makurdi-baba-ppl-2348552,Baba,,Makurdi,Makurdi,Benue,village,7.76479,8.51587,exact,false,geonames,CC-BY-4.0,GeoNames feature P.PPL
ov-d65a70d4-8d80-459b-b985-dfb173c9652e,Balcony park and Garden,,Makurdi,Makurdi,Benue,park,7.7306,8.5361,exact,false,overture,CDLA-Permissive-2.0,Overture d65a70d4-8d80-459b-b985-dfb173c9652e; confidence 0.6618833541870117
ov-6e60433a-8127-4bd7-8233-d0bd27de667b,Bandiko Hotel,,Makurdi,Makurdi,Benue,hotel,7.73855,8.51097,exact,false,overture,CDLA-Permissive-2.0,Overture 6e60433a-8127-4bd7-8233-d0bd27de667b; confidence 0.5919426083564758
wd-Q125470174,Banner Of God's Grace Church,,Makurdi,Makurdi,Benue,church,7.726287,8.523661,exact,false,wikidata,,Wikidata Q125470174; instance-of: church building
wd-Q136503029,BARNEY PHARMACY LTD,,Makurdi,Makurdi,Benue,place,7.735691,8.516284,exact,false,wikidata,,Wikidata Q136503029; instance-of: pharmacy
ov-acfdd4af-3666-4bb8-aebb-4cc4a6ff1a95,Barnsi Farms,,Makurdi,Makurdi,Benue,food-and-beverage-store,7.73783,8.51087,exact,false,overture,CDLA-Permissive-2.0,Overture acfdd4af-3666-4bb8-aebb-4cc4a6ff1a95; confidence 0.5361350774765015
wd-Q135394538,Baz Medical Laboratories Limited,,Makurdi,Makurdi,Benue,place,7.73779,8.539603,exact,false,wikidata,,Wikidata Q135394538; instance-of: medical laboratory
ov-a163957f-8bf1-47c6-a785-1f7f2af6ba2e,BBjohnsin,,Makurdi,Makurdi,Benue,place,7.72643,8.52608,exact,false,overture,CDLA-Permissive-2.0,Overture a163957f-8bf1-47c6-a785-1f7f2af6ba2e; confidence 0.1147552877664566
ov-f67e9e6d-c625-4dee-a6b0-f20f51a6bab8,BBL Hawks Football Club Makurdi,,Makurdi,Makurdi,Benue,sport-league,7.723041,8.550653,exact,false,overture,CDLA-Permissive-2.0,Overture f67e9e6d-c625-4dee-a6b0-f20f51a6bab8; confidence 0.5315896272659302
ov-5960d32d-d3b0-4052-bd69-c2501e7d6713,Beach House Garden,,Makurdi,Makurdi,Benue,music-venue,7.72184,8.576509,exact,false,overture,CDLA-Permissive-2.0,Overture 5960d32d-d3b0-4052-bd69-c2501e7d6713; confidence 0.5217466354370117
wd-Q108909950,Beautiful Minds Children’s Library,,Makurdi,Makurdi,Benue,place,7.726832,8.544498,exact,false,wikidata,,Wikidata Q108909950; instance-of: children's library
wd-Q131361667,"Beautiful Minds Schools, Makurdi",,Makurdi,Makurdi,Benue,school,7.716063,8.510773,exact,false,wikidata,,Wikidata Q131361667; instance-of: school
ov-88e9310a-0c4f-4812-9252-74aa9a50cf22,Beauty Additions,,Makurdi,Makurdi,Benue,personal-or-beauty-service,7.7306,8.5361,exact,false,overture,CDLA-Permissive-2.0,Overture 88e9310a-0c4f-4812-9252-74aa9a50cf22; confidence 0.7123964428901672
ov-8aad0976-99ac-4a5d-a697-1d96f5998941,Beauty Green,,Makurdi,Makurdi,Benue,place,7.75,8.55,exact,false,overture,CDLA-Permissive-2.0,Overture 8aad0976-99ac-4a5d-a697-1d96f5998941; confidence 0.5667034983634949
ov-cdd50334-21d1-4f2c-a35c-44fd624cccb3,Becky Igyuse College,,Makurdi,Makurdi,Benue,real-estate-service,7.72188,8.57673,exact,false,overture,CDLA-Permissive-2.0,Overture cdd50334-21d1-4f2c-a35c-44fd624cccb3; confidence 0.8503010272979736
ov-b62f9852-fb1d-4ebd-8d59-0da5d238ec6e,Becky Igyuse College Makurdi,,Makurdi,Makurdi,Benue,place,7.72643,8.52608,exact,false,overture,CDLA-Permissive-2.0,Overture b62f9852-fb1d-4ebd-8d59-0da5d238ec6e; confidence 0.3599924147129059
ov-5885f18a-9827-40ff-b7da-6aab6224bc76,"Becky Igyuse College, Makurdi",,Makurdi,Makurdi,Benue,college-university,7.71721,8.594491,exact,false,overture,CDLA-Permissive-2.0,Overture 5885f18a-9827-40ff-b7da-6aab6224bc76; confidence 0.7526927590370178
wd-Q125399217,Behind Dunamis Church fruit parlor,,Makurdi,Makurdi,Benue,church,7.763687,8.554436,exact,false,wikidata,,Wikidata Q125399217; instance-of: church building
gn-makurdi-beke-ppl-2347356,Beke,,Makurdi,Makurdi,Benue,village,7.84631,8.61964,exact,false,geonames,CC-BY-4.0,GeoNames feature P.PPL
ov-ebdafe3f-2b3d-4a48-8d19-613d9c5e57b5,Bem Hotels,,Makurdi,Makurdi,Benue,hotel,7.717739,8.507616,exact,false,overture,CDLA-Permissive-2.0,Overture ebdafe3f-2b3d-4a48-8d19-613d9c5e57b5; confidence 0.5791727900505066
ov-669633ce-8a25-4056-9304-d4ce68cfb3e8,Bencut Fertilizers,,Makurdi,Makurdi,Benue,professional-service,7.735309,8.534451,exact,false,overture,CDLA-Permissive-2.0,Overture 669633ce-8a25-4056-9304-d4ce68cfb3e8; confidence 0.6643580794334412
gn-makurdi-bende-ppl-2347300,Bende,,Makurdi,Makurdi,Benue,village,7.84114,8.6319,exact,false,geonames,CC-BY-4.0,GeoNames feature P.PPL
gn-makurdi-bende-ppl-2347301,Bende,,Makurdi,Makurdi,Benue,village,7.66894,8.60157,exact,false,geonames,CC-BY-4.0,GeoNames feature P.PPL
ov-68f18d3a-5b2a-41ae-a86c-f847a8221916,Bengis,,Makurdi,Makurdi,Benue,event-or-party-service,7.744812,8.52913,exact,false,overture,CDLA-Permissive-2.0,Overture 68f18d3a-5b2a-41ae-a86c-f847a8221916; confidence 0.6731754541397095
ov-95cd52f1-7f99-4a30-91be-d0ba5e396a74,Benjax,,Makurdi,Makurdi,Benue,bar,7.714112,8.536401,exact,false,overture,CDLA-Permissive-2.0,Overture 95cd52f1-7f99-4a30-91be-d0ba5e396a74; confidence 0.7260099053382874
ov-b07030b8-6fc5-4e65-8c4d-229ee13c0c59,Benko Hotel,,Makurdi,Makurdi,Benue,hotel,7.761652,8.561572,exact,false,overture,CDLA-Permissive-2.0,Overture b07030b8-6fc5-4e65-8c4d-229ee13c0c59; confidence 0.6690180897712708; address locality: North Bank
wd-Q135422587,Benonil Hospital,,Makurdi,Makurdi,Benue,hospital,7.726898,8.53934,exact,false,overture|wikidata,CDLA-Permissive-2.0,Wikidata Q135422587; instance-of: hospital; Overture dc7c001b-e310-4349-a367-217075bbfa89; confidence 0.4698830544948578
ov-116d22a0-02d5-435d-b4ab-15f2418551f6,Benue Acresal,,Makurdi,Makurdi,Benue,environmental-or-ecological-service,7.735168,8.53439,exact,false,overture,CDLA-Permissive-2.0,Overture 116d22a0-02d5-435d-b4ab-15f2418551f6; confidence 0.5824217200279236
ov-4f179683-6169-4c30-91a1-cb2fb6e977dc,Benue Arise TV,,Makurdi,Makurdi,Benue,media-service,7.694388,8.539124,exact,false,overture,CDLA-Permissive-2.0,Overture 4f179683-6169-4c30-91a1-cb2fb6e977dc; confidence 0.40355420112609863
ov-4a9c5204-6a16-4807-b976-6414e2f9c7a6,Benue Education Quality Assurance and Examinations Board,,Makurdi,Makurdi,Benue,place,7.7287,8.5329,exact,false,overture,CDLA-Permissive-2.0,Overture 4a9c5204-6a16-4807-b976-6414e2f9c7a6; confidence 0.8469304442405701
ov-3820e59a-0b68-485a-a805-4d88ded9d827,Benue Homes dot Com,,Makurdi,Makurdi,Benue,real-estate-service,7.72184,8.576509,exact,false,overture,CDLA-Permissive-2.0,Overture 3820e59a-0b68-485a-a805-4d88ded9d827; confidence 0.2392294704914093
ov-754e07b8-d48d-4de3-ae90-6ca510b8e17e,Benue Hotels and Resort,,Makurdi,Makurdi,Benue,hotel,7.734972,8.534348,exact,false,overture,CDLA-Permissive-2.0,Overture 754e07b8-d48d-4de3-ae90-6ca510b8e17e; confidence 0.9790423512458801
ng-benue-makurdi-benue-hotels,Benue Hotels Makurdi,Benue Hotel|Benue Hotels,Makurdi,Makurdi,Benue,hotel,7.733,8.523,approximate,false,curated,project-owned,Draft; coords approximate
ov-cb0d8bcd-7394-4a0f-b649-fa397c259d3c,Benue Internal Revenue Services (Headquarters),,Makurdi,Makurdi,Benue,government-office,7.72295,8.561674,exact,false,overture,CDLA-Permissive-2.0,Overture cb0d8bcd-7394-4a0f-b649-fa397c259d3c; confidence 0.7304918766021729
ov-8265c08e-88df-4ff2-9506-38e30d3ccee0,Benue Links Nig. Ltd,,Makurdi,Makurdi,Benue,travel-service,7.726667,8.549113,exact,false,overture,CDLA-Permissive-2.0,Overture 8265c08e-88df-4ff2-9506-38e30d3ccee0; confidence 0.8965436220169067
ov-1d7e2b1e-4b79-4144-94d5-e724a1bdca8d,Benue Links Park,,Makurdi,Makurdi,Benue,public-transit-facility-or-service,7.725598,8.549891,exact,false,overture,CDLA-Permissive-2.0,Overture 1d7e2b1e-4b79-4144-94d5-e724a1bdca8d; confidence 0.6891270875930786
ov-12e639a0-8d14-44a1-b25e-c90cf7fafd80,Benue Links Transport Company,,Makurdi,Makurdi,Benue,travel-and-transportation,7.726841,8.549385,exact,false,overture,CDLA-Permissive-2.0,Overture 12e639a0-8d14-44a1-b25e-c90cf7fafd80; confidence 0.5759079456329346
ov-950e4b4a-f8ea-4ecc-a907-ae6ed1ad35c0,Benue Metropolitan Hotel and Resort,,Makurdi,Makurdi,Benue,hotel,7.706778,8.523531,exact,false,overture,CDLA-Permissive-2.0,Overture 950e4b4a-f8ea-4ecc-a907-ae6ed1ad35c0; confidence 0.941571056842804
ov-82c85e65-dff4-414a-a662-afeccf6809d1,Benue Metropolitan Hotel and Resort,,Makurdi,Makurdi,Benue,hotel,7.739501,8.520911,exact,false,overture,CDLA-Permissive-2.0,Overture 82c85e65-dff4-414a-a662-afeccf6809d1; confidence 0.8292574882507324
wd-Q105989480,Benue Printing and Publishing Corporation (BPPC),,Makurdi,Makurdi,Benue,place,7.712212,8.530211,exact,false,wikidata,,Wikidata Q105989480; instance-of: organization
ov-5c7ec342-535f-4104-ae60-093e2946dbf9,Benue Property Hub,,Makurdi,Makurdi,Benue,real-estate-service,7.702397,8.537438,exact,false,overture,CDLA-Permissive-2.0,Overture 5c7ec342-535f-4104-ae60-093e2946dbf9; confidence 0.8637576699256897
ov-059522bf-c755-4fa9-aab5-de3d609f4ff2,Benue Raamp,,Makurdi,Makurdi,Benue,government-office,7.742188,8.529363,exact,false,overture,CDLA-Permissive-2.0,Overture 059522bf-c755-4fa9-aab5-de3d609f4ff2; confidence 0.8111381530761719
ov-bf997914-b7e4-4ea9-be64-926a83b50b08,Benue State Central Mosque Makurdi.,,Makurdi,Makurdi,Benue,religious-organization,7.743101,8.511408,exact,false,overture,CDLA-Permissive-2.0,Overture bf997914-b7e4-4ea9-be64-926a83b50b08; confidence 0.687906801700592
ov-642a899b-ca75-4563-adf9-41ce504c0d8b,BENUE STATE Childrens Parliament.,,Makurdi,Makurdi,Benue,government-office,7.714941,8.51826,exact,false,overture,CDLA-Permissive-2.0,Overture 642a899b-ca75-4563-adf9-41ce504c0d8b; confidence 0.7523913979530334
ov-bc8d36db-6916-488c-937b-142423edfd47,"Benue State Community And Social Development Agency, Makurdi",,Makurdi,Makurdi,Benue,social-or-community-service,7.72644,8.52609,exact,false,overture,CDLA-Permissive-2.0,Overture bc8d36db-6916-488c-937b-142423edfd47; confidence 0.5376418232917786
ov-33a067ae-ad3c-491d-9ee5-e90e2bc96f62,Benue State Council for Arts and Culture ,,Makurdi,Makurdi,Benue,government-office,7.730275,8.533587,exact,false,overture,CDLA-Permissive-2.0,Overture 33a067ae-ad3c-491d-9ee5-e90e2bc96f62; confidence 0.8071482181549072
ov-f32990de-33d9-44b1-8dc9-58df1641349a,Benue State e-Learning/Virtual Education & ICT Resource Centre-BESEVIC,,Makurdi,Makurdi,Benue,education,7.727341,8.531811,exact,false,overture,CDLA-Permissive-2.0,Overture f32990de-33d9-44b1-8dc9-58df1641349a; confidence 0.6688551902770996
ov-cf2cb953-a1ed-4890-89a2-86795b9505d2,Benue State Emergency Management Agency,,Makurdi,Makurdi,Benue,government-office,7.736716,8.528817,exact,false,overture,CDLA-Permissive-2.0,Overture cf2cb953-a1ed-4890-89a2-86795b9505d2; confidence 0.7233749032020569
ov-f5254ceb-6a0d-4505-a654-44a9f0535e03,Benue State Examination Board,,Makurdi,Makurdi,Benue,government-office,7.723867,8.557643,exact,false,overture,CDLA-Permissive-2.0,Overture f5254ceb-6a0d-4505-a654-44a9f0535e03; confidence 0.4721890091896057
ov-3a938381-73b8-437d-8fff-618b0673cac6,"Benue State Government House, Makurdi.",,Makurdi,Makurdi,Benue,government-office,7.726777,8.549396,exact,false,overture,CDLA-Permissive-2.0,Overture 3a938381-73b8-437d-8fff-618b0673cac6; confidence 0.7129133343696594
wd-Q135421521,Benue State Health Insurance Agency,,Makurdi,Makurdi,Benue,place,7.732408,8.527761,exact,false,overture|wikidata,CDLA-Permissive-2.0,Wikidata Q135421521; instance-of: organization; Overture 4a0db890-c83d-47f5-8465-836c5cfb21b0; confidence 0.849432647228241
ov-3902e664-d106-4bef-94aa-d9fcdb470a7b,Benue State Hospitals Management Board Headquarters,,Makurdi,Makurdi,Benue,hospital,7.6924,8.5352,exact,false,overture,CDLA-Permissive-2.0,Overture 3902e664-d106-4bef-94aa-d9fcdb470a7b; confidence 0.6601318120956421
ov-6260cc65-6219-4be1-8ba4-6096fbfa2be6,Benue State House of Assembly Complex,,Makurdi,Makurdi,Benue,government-office,7.738845,8.53321,exact,false,overture,CDLA-Permissive-2.0,Overture 6260cc65-6219-4be1-8ba4-6096fbfa2be6; confidence 0.7143199443817139
ov-9271ca45-1a65-4c26-8877-ac6e40ae1329,Benue State Library Board,,Makurdi,Makurdi,Benue,library,7.72677,8.54278,exact,false,overture,CDLA-Permissive-2.0,Overture 9271ca45-1a65-4c26-8877-ac6e40ae1329; confidence 0.5883995890617371
wd-Q68652679,"Benue State Library Board Headquarters (Fidelis Makka Library), Makurdi, Benue State",,Makurdi,Makurdi,Benue,place,7.727662,8.542718,exact,false,wikidata,,Wikidata Q68652679; instance-of: public library
ov-370dde2a-8bf6-4195-a622-78f2a9d219d7,Benue State Local Government Pensions Board,,Makurdi,Makurdi,Benue,government-office,7.729826,8.526902,exact,false,overture,CDLA-Permissive-2.0,Overture 370dde2a-8bf6-4195-a622-78f2a9d219d7; confidence 0.5538303852081299
wd-Q130458797,"Benue State Ministry of Information, Culture & Tourism",,Makurdi,Makurdi,Benue,government,7.714195,8.522938,exact,false,wikidata,,Wikidata Q130458797; instance-of: government agency
ov-12f8140b-501e-451e-86bf-9f9b0f572df7,"Benue State Police Command, Makurdi",,Makurdi,Makurdi,Benue,police-station,7.73066,8.526248,exact,false,overture,CDLA-Permissive-2.0,Overture 12f8140b-501e-451e-86bf-9f9b0f572df7; confidence 0.8428317904472351
ov-8bc8690a-df8b-432f-a30b-343b51d28d87,Benue State Polytechnic Ugbokolo,,Makurdi,Makurdi,Benue,education,7.72506,8.55511,exact,false,overture,CDLA-Permissive-2.0,Overture 8bc8690a-df8b-432f-a30b-343b51d28d87; confidence 0.8747602701187134
ov-b0ad450a-147e-4614-b5f9-27cd6e9519ad,Benue State School of Nursing Makurdi,,Makurdi,Makurdi,Benue,place-of-learning,7.734795,8.53057,exact,false,overture,CDLA-Permissive-2.0,Overture b0ad450a-147e-4614-b5f9-27cd6e9519ad; confidence 0.7072865962982178
ov-06044677-5bed-4e6d-9b46-3ed2c646a173,Benue State Schools Of Nursing & Midwifery Makurdi,,Makurdi,Makurdi,Benue,place-of-learning,7.728828,8.527172,exact,false,overture,CDLA-Permissive-2.0,Overture 06044677-5bed-4e6d-9b46-3ed2c646a173; confidence 0.7327010035514832
ng-benue-makurdi-state-secretariat,Benue State Secretariat,State Secretariat|Makurdi Secretariat,Makurdi,Makurdi,Benue,government,7.737,8.525,approximate,false,curated,project-owned,Draft; coords approximate
wd-Q135326349,Benue state technical education board,,Makurdi,Makurdi,Benue,government,7.709034,8.526697,exact,false,wikidata,,Wikidata Q135326349; instance-of: government organization
ng-benue-makurdi-bsu,Benue State University,BSU|Benue State University Makurdi,Makurdi,Makurdi,Benue,university,7.745,8.53,approximate,false,curated,project-owned,Draft; coords approximate - verify placement
wd-Q4890689,Benue State University,"Benue State University, Makurdi",Makurdi,Makurdi,Benue,university,7.726538,8.556275,exact,false,geonames|overture|wikidata,CC-BY-4.0|CDLA-Permissive-2.0,Wikidata Q4890689; instance-of: university; GeoNames feature S.UNIV; Overture e4b82ed4-fe9c-4435-80aa-7e8f5b6df56f; confidence 0.633870005607605
ov-52513a15-d11e-4b49-ad00-eea0f2d99f8f,Benue State University Bookshop,,Makurdi,Makurdi,Benue,college-university,7.724624,8.565309,exact,false,overture,CDLA-Permissive-2.0,Overture 52513a15-d11e-4b49-ad00-eea0f2d99f8f; confidence 0.6831320524215698
ov-68228bb0-7a8e-4032-8a29-a4bf88734288,Benue State University College of Health Sciences,,Makurdi,Makurdi,Benue,place,7.725673,8.559954,exact,false,overture,CDLA-Permissive-2.0,Overture 68228bb0-7a8e-4032-8a29-a4bf88734288; confidence 0.7028219103813171
wd-Q100947326,Benue State University Faculty of Education,,Makurdi,Makurdi,Benue,place,7.726667,8.556389,exact,false,wikidata,,Wikidata Q100947326; instance-of: faculty
wd-Q109975546,Benue State University FM,,Makurdi,Makurdi,Benue,station,7.728495,8.555922,exact,false,wikidata,,Wikidata Q109975546; instance-of: radio station
wd-Q86347562,Benue State University Library,,Makurdi,Makurdi,Benue,place,7.726679,8.560394,exact,false,wikidata,,Wikidata Q86347562; instance-of: academic library
ov-0c5f8833-f153-4ca1-8d0d-78c699ce4d56,Benue State University Makurdi,,Makurdi,Makurdi,Benue,college-university,7.71704,8.594429,exact,false,overture,CDLA-Permissive-2.0,Overture 0c5f8833-f153-4ca1-8d0d-78c699ce4d56; confidence 0.6282686591148376
ng-benue-makurdi-bsuth,Benue State University Teaching Hospital,BSUTH|BSU Teaching Hospital,Makurdi,Makurdi,Benue,hospital,7.74,8.535,approximate,false,curated,project-owned,Draft; coords approximate - verify placement
wd-Q132181357,Benue State University Teaching Hospital,,Makurdi,Makurdi,Benue,hospital,7.72524,8.568449,exact,false,overture|wikidata,CDLA-Permissive-2.0,Wikidata Q132181357; instance-of: hospital; Overture fbb1a675-d3a3-4a6f-ace4-d5d9c978d2b3; confidence 0.976070761680603
ov-023c2899-bb05-47c9-b65e-3c34e61b79a3,"Benue State University, Makurdi",,Makurdi,Makurdi,Benue,education,7.75,8.55,exact,false,overture,CDLA-Permissive-2.0,Overture 023c2899-bb05-47c9-b65e-3c34e61b79a3; confidence 0.9368693232536316
ov-43697637-c9e6-4e84-805b-c3815845fb6c,Benue Subeb Tv,,Makurdi,Makurdi,Benue,education,7.734775,8.534959,exact,false,overture,CDLA-Permissive-2.0,Overture 43697637-c9e6-4e84-805b-c3815845fb6c; confidence 0.6269402503967285
ov-c890a24c-3110-43fd-9c58-eb9bdfbe6449,Benue Valley Initiative,,Makurdi,Makurdi,Benue,civic-organization,7.724677,8.528847,exact,false,overture,CDLA-Permissive-2.0,Overture c890a24c-3110-43fd-9c58-eb9bdfbe6449; confidence 0.6501484513282776
ov-bdee07dd-21fd-4c5c-a587-f187008de35e,Berto Agro,,Makurdi,Makurdi,Benue,agricultural-service,7.715925,8.552684,exact,false,overture,CDLA-Permissive-2.0,Overture bdee07dd-21fd-4c5c-a587-f187008de35e; confidence 0.7098836898803711
ov-4da02cb5-c32c-495c-9dbd-08bd9c8a6ad3,Best Rock Paint  And Decorations,,Makurdi,Makurdi,Benue,place,7.773803,8.561351,exact,false,overture,CDLA-Permissive-2.0,Overture 4da02cb5-c32c-495c-9dbd-08bd9c8a6ad3; confidence 0.7626330852508545
ov-b9b28543-4aa4-443e-982f-11afb0bbcaf8,Best Rock Paint And Chemical Ltd,,Makurdi,Makurdi,Benue,home-service,7.784801,8.563628,exact,false,overture,CDLA-Permissive-2.0,Overture b9b28543-4aa4-443e-982f-11afb0bbcaf8; confidence 0.8871831893920898
wd-Q136503042,BETE PHARMACY AND GEN. ENT. LTD,,Makurdi,Makurdi,Benue,place,7.72181,8.567027,exact,false,wikidata,,Wikidata Q136503042; instance-of: pharmacy
ov-ff6fcbea-66d3-43e8-82b6-9e28ca6836f1,Bethel Network International,,Makurdi,Makurdi,Benue,christian-place-of-worship,7.740574,8.513452,exact,false,overture,CDLA-Permissive-2.0,Overture ff6fcbea-66d3-43e8-82b6-9e28ca6836f1; confidence 0.5371720194816589
ov-ff79db7f-4628-484c-a215-e08bf604c164,Beyaan Steve,,Makurdi,Makurdi,Benue,fashion-and-apparel-store,7.7287,8.5329,exact,false,overture,CDLA-Permissive-2.0,Overture ff79db7f-4628-484c-a215-e08bf604c164; confidence 0.48867711424827576
ov-94a4dd58-bf63-4dfe-a6eb-34166ff4196f,BF SUMA Makurdi Head Office,,Makurdi,Makurdi,Benue,professional-service,7.75,8.55,exact,false,overture,CDLA-Permissive-2.0,Overture 94a4dd58-bf63-4dfe-a6eb-34166ff4196f; confidence 0.6051086783409119
ov-a943c6e2-8062-4562-8ee0-9842b29f902d,Big Chicken Wholesale Price,,Makurdi,Makurdi,Benue,farmers-market,7.730922,8.538643,exact,false,overture,CDLA-Permissive-2.0,Overture a943c6e2-8062-4562-8ee0-9842b29f902d; confidence 0.6175591945648193
wd-Q136503069,BINAJ PHARMACY LTD,,Makurdi,Makurdi,Benue,place,7.718068,8.527909,exact,false,wikidata,,Wikidata Q136503069; instance-of: pharmacy
ov-0f77c02b-c31b-4f6d-862a-d45f7adfa6cb,Binary Brain Computer Training Academy,,Makurdi,Makurdi,Benue,education,7.7499,8.547456,exact,false,overture,CDLA-Permissive-2.0,Overture 0f77c02b-c31b-4f6d-862a-d45f7adfa6cb; confidence 0.6582698822021484
ov-983ed7a7-3a10-4374-8525-3423805045be,Biobels Agro-Foods Empire,,Makurdi,Makurdi,Benue,food-and-beverage-store,7.727404,8.535382,exact,false,overture,CDLA-Permissive-2.0,Overture 983ed7a7-3a10-4374-8525-3423805045be; confidence 0.2754048705101013
ov-06539822-aaa1-456c-9074-3d664bf512f2,Biodec Makurdi,,Makurdi,Makurdi,Benue,corporate-or-business-office,7.72184,8.576509,exact,false,overture,CDLA-Permissive-2.0,Overture 06539822-aaa1-456c-9074-3d664bf512f2; confidence 0.564761757850647
ov-cbff603c-7942-4ee4-9457-941b8bd74475,Biomedical engineering department,,Makurdi,Makurdi,Benue,college-university,7.73866,8.52955,exact,false,overture,CDLA-Permissive-2.0,Overture cbff603c-7942-4ee4-9457-941b8bd74475; confidence 0.5849194526672363
ov-b8b1d061-55f7-422c-8f32-b2feb206ccfe,Bipc Guest House,,Makurdi,Makurdi,Benue,hotel,7.749516,8.55444,exact,false,overture,CDLA-Permissive-2.0,Overture b8b1d061-55f7-422c-8f32-b2feb206ccfe; confidence 0.9547129273414612
ov-558a54fb-cf7e-4693-a256-d9b318b81bd4,Birccan LCC Central Media,,Makurdi,Makurdi,Benue,media-service,7.7311,8.52462,exact,false,overture,CDLA-Permissive-2.0,Overture 558a54fb-cf7e-4693-a256-d9b318b81bd4; confidence 0.6208207011222839
ov-8b6d30d6-3547-435c-a77e-9001db8250be,BIRS TIN Registration Office,,Makurdi,Makurdi,Benue,government-office,7.74274,8.526731,exact,false,overture,CDLA-Permissive-2.0,Overture 8b6d30d6-3547-435c-a77e-9001db8250be; confidence 0.457182377576828
ov-3743cc63-0bf8-4a25-a3d7-92e186a6328c,Bishop Funiture Limited,,Makurdi,Makurdi,Benue,hardware-home-and-garden-store,7.71168,8.5307,exact,false,overture,CDLA-Permissive-2.0,Overture 3743cc63-0bf8-4a25-a3d7-92e186a6328c; confidence 0.5315732955932617
wd-Q130629444,"Bishop Murray Hospital, Makurdi",Bishop Murray Hospital,Makurdi,Makurdi,Benue,hospital,7.72227,8.53277,exact,false,overture|wikidata,CDLA-Permissive-2.0,Wikidata Q130629444; instance-of: hospital; Overture 6d0ecb89-3524-491b-b7ae-ab67c99e4737; confidence 0.5090598464012146
wd-Q136733716,Blessed Dastar International Academy LTD,,Makurdi,Makurdi,Benue,school,7.752857,8.55279,exact,false,wikidata,,Wikidata Q136733716; instance-of: school
wd-Q136768011,Blessed Daystar Int'l. Academy ltd,,Makurdi,Makurdi,Benue,school,7.752881,8.552774,exact,false,wikidata,,Wikidata Q136768011; instance-of: school
wd-Q136764418,Blessed Daystar International Academy,,Makurdi,Makurdi,Benue,school,7.752877,8.552787,exact,false,wikidata,,Wikidata Q136764418; instance-of: school
wd-Q136764337,Blessed Kids Academy Benue State,,Makurdi,Makurdi,Benue,school,7.751634,8.54516,exact,false,wikidata,,Wikidata Q136764337; instance-of: school
ov-99d053b2-b3a2-4449-a53c-ad8802ce4365,Blessing Onah,,Makurdi,Makurdi,Benue,real-estate-service,7.72643,8.52608,exact,false,overture,CDLA-Permissive-2.0,Overture 99d053b2-b3a2-4449-a53c-ad8802ce4365; confidence 0.20666052401065826
wd-Q130634098,"Bluecross Orthopaedic Specialist Clinic, Benue",,Makurdi,Makurdi,Benue,place,7.729857,8.544327,exact,false,wikidata,,Wikidata Q130634098; instance-of: health
ov-d48be993-3f39-4678-b823-a1f999bd8205,Bob Stan's Studio,,Makurdi,Makurdi,Benue,arts-and-entertainment,7.72644,8.52609,exact,false,overture,CDLA-Permissive-2.0,Overture d48be993-3f39-4678-b823-a1f999bd8205; confidence 0.5209887027740479
ov-b04497d4-76a0-49e8-a827-0933e761e8b4,Bobby Hills,,Makurdi,Makurdi,Benue,personal-or-beauty-service,7.723033,8.534878,exact,false,overture,CDLA-Permissive-2.0,Overture b04497d4-76a0-49e8-a827-0933e761e8b4; confidence 0.39319661259651184
wd-Q136503099,BON BON PHARMACY LTD,,Makurdi,Makurdi,Benue,place,7.726682,8.541758,exact,false,wikidata,,Wikidata Q136503099; instance-of: pharmacy
ov-3ddbc31e-b7ab-490b-8689-9e69e2155738,Bonjour,,Makurdi,Makurdi,Benue,convenience-store,7.69367,8.53518,exact,false,overture,CC0-1.0|CDLA-Permissive-2.0,Overture 3ddbc31e-b7ab-490b-8689-9e69e2155738; confidence 0.8
ov-580f5e61-5cbc-49fe-a3dc-a353b352cb2a,Bonjour,,Makurdi,Makurdi,Benue,convenience-store,7.72908,8.53508,exact,false,overture,CC0-1.0|CDLA-Permissive-2.0,Overture 580f5e61-5cbc-49fe-a3dc-a353b352cb2a; confidence 0.8
ov-e6a5242c-1cef-472a-a368-98d475304640,Bonjour,,Makurdi,Makurdi,Benue,convenience-store,7.74428,8.51697,exact,false,overture,CC0-1.0|CDLA-Permissive-2.0,Overture e6a5242c-1cef-472a-a368-98d475304640; confidence 0.8
ov-8023ee22-ae6e-4c2e-97db-d34d325e7a48,Bosedoo Cakes,,Makurdi,Makurdi,Benue,event-or-party-service,7.701978,8.573949,exact,false,overture,CDLA-Permissive-2.0,Overture 8023ee22-ae6e-4c2e-97db-d34d325e7a48; confidence 0.7012746930122375; address locality: Markurdi
ov-382b106e-9a5a-4fae-8a71-fbe32039b886,Bridge College Makurdi,,Makurdi,Makurdi,Benue,education,7.730122,8.526951,exact,false,overture,CDLA-Permissive-2.0,Overture 382b106e-9a5a-4fae-8a71-fbe32039b886; confidence 0.5401464104652405
ov-0e024e06-0b39-4470-9f3f-884551e930f8,Bridges Restaurant n Catering Sevices,,Makurdi,Makurdi,Benue,restaurant,7.72644,8.52609,exact,false,overture,CDLA-Permissive-2.0,Overture 0e024e06-0b39-4470-9f3f-884551e930f8; confidence 0.5287037491798401
wd-Q136780102,Bright  Way School Benue State,,Makurdi,Makurdi,Benue,school,7.756569,8.540986,exact,false,wikidata,,Wikidata Q136780102; instance-of: school
ov-bfbc7e6c-da4a-4175-8138-3ee00087cb98,Brilliant KIDS academy school,,Makurdi,Makurdi,Benue,education,7.72283,8.53739,exact,false,overture,CDLA-Permissive-2.0,Overture bfbc7e6c-da4a-4175-8138-3ee00087cb98; confidence 0.5307664275169373
ov-b14ddc29-366d-4171-9aee-8838bdeeb418,Bro Amos Mary Torzua,,Makurdi,Makurdi,Benue,professional-service,7.71019,8.51769,exact,false,overture,CDLA-Permissive-2.0,Overture b14ddc29-366d-4171-9aee-8838bdeeb418; confidence 0.5419220924377441
ov-af0b3da2-31b3-49d6-b3ef-8ced311e7cb3,"Bro, Daniel Evangelical Outreach",,Makurdi,Makurdi,Benue,christian-place-of-worship,7.705548,8.54187,exact,false,overture,CDLA-Permissive-2.0,Overture af0b3da2-31b3-49d6-b3ef-8ced311e7cb3; confidence 0.6603043675422668
ov-2502917c-1df2-41a7-b53d-2cca1890f030,BSU GIST,,Makurdi,Makurdi,Benue,college-university,7.71721,8.594491,exact,false,overture,CDLA-Permissive-2.0,Overture 2502917c-1df2-41a7-b53d-2cca1890f030; confidence 0.5946750640869141
ov-12c7a8d1-d82a-41ee-a2a1-c8199d0a18f5,BSU Science and technical college makurdi,,Makurdi,Makurdi,Benue,college-university,7.72184,8.576509,exact,false,overture,CDLA-Permissive-2.0,Overture 12c7a8d1-d82a-41ee-a2a1-c8199d0a18f5; confidence 0.691163182258606
ov-d7bf74b6-ada4-41ff-bb82-a306ab5fd352,Bsu University Teaching Hospital Mkd,,Makurdi,Makurdi,Benue,hospital,7.726664,8.560856,exact,false,overture,CDLA-Permissive-2.0,Overture d7bf74b6-ada4-41ff-bb82-a306ab5fd352; confidence 0.711593747138977
ov-0ab00bd5-1bd9-43c5-a064-25b32c513444,BSU Zoo,,Makurdi,Makurdi,Benue,zoo,7.730537,8.562013,exact,false,overture,CDLA-Permissive-2.0,Overture 0ab00bd5-1bd9-43c5-a064-25b32c513444; confidence 0.5702246427536011
ov-0c299827-5c3c-4d29-b005-97777d840114,"BSU, Makurdi",,Makurdi,Makurdi,Benue,place-of-learning,7.720434,8.551127,exact,false,overture,CDLA-Permissive-2.0,Overture 0c299827-5c3c-4d29-b005-97777d840114; confidence 0.5251930356025696
ov-be323960-0424-4276-8e91-0959ede72a37,BSUMary Library,,Makurdi,Makurdi,Benue,library,7.75,8.55,exact,false,overture,CDLA-Permissive-2.0,Overture be323960-0424-4276-8e91-0959ede72a37; confidence 0.5986696481704712
ov-2ebd31fb-a487-4ba4-9289-b0de89637495,Buc Phones,,Makurdi,Makurdi,Benue,electronics-store,7.710991,8.4375,exact,false,overture,CDLA-Permissive-2.0,Overture 2ebd31fb-a487-4ba4-9289-b0de89637495; confidence 0.5873398780822754; address locality: Owerri
ov-c51bbde5-c655-49ba-994f-463ea0847baf,BuildSpace Technology Hub,,Makurdi,Makurdi,Benue,technical-service,7.738248,8.522017,exact,false,overture,CDLA-Permissive-2.0,Overture c51bbde5-c655-49ba-994f-463ea0847baf; confidence 0.40908336639404297
ov-a3ebf37c-1bd9-45ec-9815-6d2a98601632,Bureau for International Cooperation and Development,,Makurdi,Makurdi,Benue,government-office,7.72643,8.52608,exact,false,overture,CDLA-Permissive-2.0,Overture a3ebf37c-1bd9-45ec-9815-6d2a98601632; confidence 0.6516967415809631
ov-f38e0d0e-fc90-4bab-bf5c-16bc26921f0c,ButerZ FARMS,,Makurdi,Makurdi,Benue,b2b-service,7.72644,8.52609,exact,false,overture,CDLA-Permissive-2.0,Overture f38e0d0e-fc90-4bab-bf5c-16bc26921f0c; confidence 0.5308658480644226
ov-53114b8e-56e6-482e-8c2e-4b7c2038e5dd,C.C.C LULI cathedral Benue/Nasarawa State Regional HQ,,Makurdi,Makurdi,Benue,religious-organization,7.749476,8.547348,exact,false,overture,CDLA-Permissive-2.0,Overture 53114b8e-56e6-482e-8c2e-4b7c2038e5dd; confidence 0.785798192024231
ov-271f37d7-ddbd-41e2-b8e9-943d92b38798,CAC Secondary School Makurdi ,,Makurdi,Makurdi,Benue,place-of-learning,7.725737,8.533004,exact,false,overture,CDLA-Permissive-2.0,Overture 271f37d7-ddbd-41e2-b8e9-943d92b38798; confidence 0.8560552000999451
ov-070d2d9c-5086-40cd-9559-47b6c77a4742,Calvaire Designers House,,Makurdi,Makurdi,Benue,place,7.75,8.55,exact,false,overture,CDLA-Permissive-2.0,Overture 070d2d9c-5086-40cd-9559-47b6c77a4742; confidence 0.6851131916046143
ov-4eddd972-8d64-452a-9543-cbcc9c2bade1,Calvary Methodist Church,,Makurdi,Makurdi,Benue,christian-place-of-worship,7.678996,8.53799,exact,false,overture,CDLA-Permissive-2.0,Overture 4eddd972-8d64-452a-9543-cbcc9c2bade1; confidence 0.3902738094329834; address locality: Kanshio
ov-3f887cc2-30de-43b2-b47d-fd3259c45b17,Calvin Foundation College of Education Naka,,Makurdi,Makurdi,Benue,education,7.74127,8.50989,exact,false,overture,CDLA-Permissive-2.0,Overture 3f887cc2-30de-43b2-b47d-fd3259c45b17; confidence 0.6566664576530457
ov-9da4d41b-e328-47a9-b251-0de34c13510d,Camarog Enterprises,,Makurdi,Makurdi,Benue,professional-service,7.7306,8.5361,exact,false,overture,CDLA-Permissive-2.0,Overture 9da4d41b-e328-47a9-b251-0de34c13510d; confidence 0.5508933067321777
ov-dd8182e2-6800-4ce2-ae6d-5e11c9a22011,Camja Global Resources,,Makurdi,Makurdi,Benue,printing-service,7.723984,8.531708,exact,false,overture,CDLA-Permissive-2.0,Overture dd8182e2-6800-4ce2-ae6d-5e11c9a22011; confidence 0.5471863746643066
ov-1ba929fa-8cde-4d73-8d7a-b78ecaa57aea,"Camp Adullam Academy, Makurdi",,Makurdi,Makurdi,Benue,place-of-learning,7.73333,8.53333,exact,false,overture,CDLA-Permissive-2.0,Overture 1ba929fa-8cde-4d73-8d7a-b78ecaa57aea; confidence 0.7550048232078552
ov-d776d909-8baa-48ad-bf2d-76876125b0c2,Canata Nigeria Limited,,Makurdi,Makurdi,Benue,professional-service,7.7306,8.5361,exact,false,overture,CDLA-Permissive-2.0,Overture d776d909-8baa-48ad-bf2d-76876125b0c2; confidence 0.552463173866272
ov-c4b637bd-ea59-49f7-8299-e577b606b7c9,Capstone Spoken Word Tabernacle Makurdi,,Makurdi,Makurdi,Benue,religious-organization,7.719745,8.523209,exact,false,overture,CDLA-Permissive-2.0,Overture c4b637bd-ea59-49f7-8299-e577b606b7c9; confidence 0.7339505553245544
ov-52220461-a3e6-4f62-8b81-9f1e19532ace,CAR Driving Safety,,Makurdi,Makurdi,Benue,auto-dealer,7.75,8.55,exact,false,overture,CDLA-Permissive-2.0,Overture 52220461-a3e6-4f62-8b81-9f1e19532ace; confidence 0.5723085999488831
ov-4a3f4389-06ac-4f83-9288-fb06301d9f4e,Carnival Park,,Makurdi,Makurdi,Benue,park,7.72181,8.5293,exact,false,overture,CDLA-Permissive-2.0,Overture 4a3f4389-06ac-4f83-9288-fb06301d9f4e; confidence 0.6904260516166687
ov-c58e3b96-6151-4697-a3aa-5a3378167db8,CASA VIDA lounge ,,Makurdi,Makurdi,Benue,bar,7.726545,8.532705,exact,false,overture,CDLA-Permissive-2.0,Overture c58e3b96-6151-4697-a3aa-5a3378167db8; confidence 0.7022840976715088
wd-Q136656554,Cathedral Church Of All Saints Makurdi,,Makurdi,Makurdi,Benue,church,7.73526,8.539716,exact,false,wikidata,,Wikidata Q136656554; instance-of: church building
ov-46806ab1-2376-49cb-a56b-cc464c1ee587,Catholic Charismatic Renewal In Nigeria Makurdi Diocese,,Makurdi,Makurdi,Benue,religious-organization,7.70977,8.524916,exact,false,overture,CDLA-Permissive-2.0,Overture 46806ab1-2376-49cb-a56b-cc464c1ee587; confidence 0.6763457655906677
ov-b40c2dbb-5e16-4543-889a-ab3184a45999,Catholic Church,,Makurdi,Makurdi,Benue,christian-place-of-worship,7.717441,8.504901,exact,false,overture,CDLA-Permissive-2.0,Overture b40c2dbb-5e16-4543-889a-ab3184a45999; confidence 0.5722761750221252
ov-38219679-e025-4aa3-bec4-c1417abaacaf,Catholic Education Services Makurdi Diocese,,Makurdi,Makurdi,Benue,religious-organization,7.72463,8.515821,exact,false,overture,CDLA-Permissive-2.0,Overture 38219679-e025-4aa3-bec4-c1417abaacaf; confidence 0.5424885153770447
ov-e7974791-568b-40f3-95b8-68d542391ff5,Catholic Youth Centre,,Makurdi,Makurdi,Benue,christian-place-of-worship,7.69812,8.545372,exact,false,overture,CDLA-Permissive-2.0,Overture e7974791-568b-40f3-95b8-68d542391ff5; confidence 0.6811428666114807
ov-cd1e4636-1dea-4053-ad62-9af46be20416,"CBMN St. Gabriel's Tyav, Mkd.",,Makurdi,Makurdi,Benue,christian-place-of-worship,7.72141,8.56935,exact,false,overture,CDLA-Permissive-2.0,Overture cd1e4636-1dea-4053-ad62-9af46be20416; confidence 0.6720229983329773
ov-a90fb289-df89-44a8-9201-bfb956a743cb,Celestial Church Of Christ,,Makurdi,Makurdi,Benue,religious-organization,7.759287,8.557232,exact,false,overture,CDLA-Permissive-2.0,Overture a90fb289-df89-44a8-9201-bfb956a743cb; confidence 0.5475184321403503
ov-de20f9fc-782a-4564-83d7-42d9d183599c,Center for healing and deliverance,,Makurdi,Makurdi,Benue,religious-organization,7.73805,8.51394,exact,false,overture,CDLA-Permissive-2.0,Overture de20f9fc-782a-4564-83d7-42d9d183599c; confidence 0.5393324494361877
ng-benue-makurdi-cbn,Central Bank of Nigeria Makurdi,CBN Makurdi|CBN Makurdi Branch,Makurdi,Makurdi,Benue,bank,7.736,8.524,approximate,false,curated,project-owned,Draft; coords approximate
wd-Q59815281,Central/South Mission,,Makurdi,Makurdi,Benue,place,7.7352,8.5199,exact,false,wikidata,,Wikidata Q59815281; instance-of: ward of the makurdi legislative council
ov-0b49de09-5ec6-4bb7-83c7-d7a5a0205abe,Centre for Development and Social Justice - cedasj,,Makurdi,Makurdi,Benue,civic-organization,7.73333,8.53333,exact,false,overture,CDLA-Permissive-2.0,Overture 0b49de09-5ec6-4bb7-83c7-d7a5a0205abe; confidence 0.5466405749320984
ov-754ed010-66e8-476d-ac48-55fe5506c038,"Centre For Food Technology & Research, Benue State University,Makurdi",,Makurdi,Makurdi,Benue,college-university,7.725113,8.562615,exact,false,overture,CDLA-Permissive-2.0,Overture 754ed010-66e8-476d-ac48-55fe5506c038; confidence 0.9446471929550171
ov-11582807-beeb-4b07-be6d-08af2f6ddd1f,Champions Royal Assembly Makurdi,,Makurdi,Makurdi,Benue,christian-place-of-worship,7.7287,8.5329,exact,false,overture,CDLA-Permissive-2.0,Overture 11582807-beeb-4b07-be6d-08af2f6ddd1f; confidence 0.5264670848846436
ov-5d55570d-4720-4d4f-882c-8ce2f4cf730c,Chapel of the Good Shepherd,,Makurdi,Makurdi,Benue,christian-place-of-worship,7.72644,8.52609,exact,false,overture,CDLA-Permissive-2.0,Overture 5d55570d-4720-4d4f-882c-8ce2f4cf730c; confidence 0.945328950881958
ov-9e52a834-5519-4c2e-94e6-2209cb176f0a,Charismatic Renewal Ministries Transformation Center,,Makurdi,Makurdi,Benue,christian-place-of-worship,7.726304,8.525306,exact,false,overture,CDLA-Permissive-2.0,Overture 9e52a834-5519-4c2e-94e6-2209cb176f0a; confidence 0.4196893870830536
gn-makurdi-chavkar-ppl-6852721,Chavkar,,Makurdi,Makurdi,Benue,village,7.64879,8.44642,exact,false,geonames,CC-BY-4.0,GeoNames feature P.PPL
ov-ea938592-ce93-4ff5-88fc-28c81742494b,Chegbe Homes Limited,,Makurdi,Makurdi,Benue,real-estate-service,7.723486,8.529253,exact,false,overture,CDLA-Permissive-2.0,Overture ea938592-ce93-4ff5-88fc-28c81742494b; confidence 0.5171947479248047
ov-8f7427de-9d15-40f5-8be0-89c51ed3b56a,"Chem 4 Health, Environ, Materials, Agric Tech & Energy Research - ChemateR",,Makurdi,Makurdi,Benue,campus-building,7.7306,8.5361,exact,false,overture,CDLA-Permissive-2.0,Overture 8f7427de-9d15-40f5-8be0-89c51ed3b56a; confidence 0.4354533553123474
gn-makurdi-chetiv-ppl-6852885,Chetiv,,Makurdi,Makurdi,Benue,village,7.79953,8.59343,exact,false,geonames,CC-BY-4.0,GeoNames feature P.PPL
gn-makurdi-chia-ppl-6852673,Chia,,Makurdi,Makurdi,Benue,village,7.61479,8.48422,exact,false,geonames,CC-BY-4.0,GeoNames feature P.PPL
ov-b6a2ea15-6b7d-4a2c-953e-b4e121e4dbd3,Chicadef Global Limited,,Makurdi,Makurdi,Benue,shopping,7.709337,8.532274,exact,false,overture,CDLA-Permissive-2.0,Overture b6a2ea15-6b7d-4a2c-953e-b4e121e4dbd3; confidence 0.9059533476829529
wd-Q136824534,Chicken Republic Makurdi,,Makurdi,Makurdi,Benue,place,7.723771,8.534955,exact,false,wikidata,,Wikidata Q136824534; instance-of: restaurant
ov-ea6c1baf-6ddd-41db-93fe-95654908be38,Chilling Estate,,Makurdi,Makurdi,Benue,lodging,7.769775,8.616543,exact,false,overture,CDLA-Permissive-2.0,Overture ea6c1baf-6ddd-41db-93fe-95654908be38; confidence 0.2247655987739563
ov-1777dc96-d406-43b6-8bfa-6e1e165bc8b3,Chixy Beauty Salon,,Makurdi,Makurdi,Benue,personal-or-beauty-service,7.72178,8.535967,exact,false,overture,CDLA-Permissive-2.0,Overture 1777dc96-d406-43b6-8bfa-6e1e165bc8b3; confidence 0.668411135673523
ov-9924fa6e-6ffd-4e91-b719-19aa3763a8ac,Chopup Cuisine,,Makurdi,Makurdi,Benue,food-service,7.7287,8.5329,exact,false,overture,CDLA-Permissive-2.0,Overture 9924fa6e-6ffd-4e91-b719-19aa3763a8ac; confidence 0.2371062934398651
ov-8966742d-ffb6-410f-aaf7-b1165f637979,Christ Anglican Church,,Makurdi,Makurdi,Benue,christian-place-of-worship,7.721937,8.531459,exact,false,overture,CDLA-Permissive-2.0,Overture 8966742d-ffb6-410f-aaf7-b1165f637979; confidence 0.5497772097587585
wd-Q131361297,"Christ Anglican College High level, Makurdi",,Makurdi,Makurdi,Benue,school,7.722328,8.531912,exact,false,wikidata,,Wikidata Q131361297; instance-of: school
wd-Q136785479,Christ Anglican Schools Makurdi,,Makurdi,Makurdi,Benue,school,7.722379,8.531927,exact,false,wikidata,,Wikidata Q136785479; instance-of: school
ov-45f311d2-aee6-4014-a6ee-eb947519bc77,Christ Apostolic Church,,Makurdi,Makurdi,Benue,christian-place-of-worship,7.734163,8.520711,exact,false,overture,CDLA-Permissive-2.0,Overture 45f311d2-aee6-4014-a6ee-eb947519bc77; confidence 0.5952537655830383
ov-66d7c356-0b21-45aa-bf2c-398a29d175f5,"Christ Apostolic Church, Mount of Blessing, Makurdi.",,Makurdi,Makurdi,Benue,religious-organization,7.7311,8.52462,exact,false,overture,CDLA-Permissive-2.0,Overture 66d7c356-0b21-45aa-bf2c-398a29d175f5; confidence 0.5986582040786743
wd-Q125470003,Christ Embassy Central church makurdi,,Makurdi,Makurdi,Benue,church,7.709369,8.533761,exact,false,wikidata,,Wikidata Q125470003; instance-of: church building; Wikidata Q125470003; instance-of: church building
ov-d768b2aa-3a42-44d9-958d-b080e44af5ed,Christ Embassy International Market Environs,,Makurdi,Makurdi,Benue,christian-place-of-worship,7.7306,8.5361,exact,false,overture,CDLA-Permissive-2.0,Overture d768b2aa-3a42-44d9-958d-b080e44af5ed; confidence 0.6748092770576477
ov-27657bfc-c65c-44a5-bf5e-fb9c1f010351,Christ Embassy Makurdi,,Makurdi,Makurdi,Benue,religious-organization,7.78155,8.56565,exact,false,overture,CDLA-Permissive-2.0,Overture 27657bfc-c65c-44a5-bf5e-fb9c1f010351; confidence 0.5811018943786621
ov-324f87a3-1d80-4850-a3c7-2a57a0bc07ca,Christ Family Centre Makurdi,,Makurdi,Makurdi,Benue,religious-organization,7.728701,8.5329,exact,false,overture,CDLA-Permissive-2.0,Overture 324f87a3-1d80-4850-a3c7-2a57a0bc07ca; confidence 0.8579313158988953
ov-9559837f-67f4-4938-a052-123dc38b2238,Christ Global Bible College & Seminary,,Makurdi,Makurdi,Benue,college-university,7.73143,8.52099,exact,false,overture,CDLA-Permissive-2.0,Overture 9559837f-67f4-4938-a052-123dc38b2238; confidence 0.5658804178237915
ov-a5774160-076c-474b-9b90-d0f5efce40fd,"Christian Centre Academy, Makurdi, Benue State, Nigeria",,Makurdi,Makurdi,Benue,education,7.729305,8.532925,exact,false,overture,CDLA-Permissive-2.0,Overture a5774160-076c-474b-9b90-d0f5efce40fd; confidence 0.7958123087882996
wd-Q125471582,Christian Church,,Makurdi,Makurdi,Benue,church,7.7441,8.517548,exact,false,wikidata,,Wikidata Q125471582; instance-of: church building
wd-Q125464065,"Christian Reformed Church, Nigeria",,Makurdi,Makurdi,Benue,church,7.752782,8.553385,exact,false,wikidata,,Wikidata Q125464065; instance-of: church building
ov-d21a36fc-cfad-4147-baf3-132e10bd49ae,Chy-Kelvin Ventures Nigeria,,Makurdi,Makurdi,Benue,b2b-service,7.738,8.50868,exact,false,overture,CDLA-Permissive-2.0,Overture d21a36fc-cfad-4147-baf3-132e10bd49ae; confidence 0.6635763049125671
ov-63be31cd-d00a-48a9-a1eb-824ff66a6224,City Bay Park,CityBay Park,Makurdi,Makurdi,Benue,sports-and-recreation,7.72547,8.53673,exact,false,overture,CDLA-Permissive-2.0,Overture 63be31cd-d00a-48a9-a1eb-824ff66a6224; confidence 0.6411805152893066; Overture 94f5b86f-afa3-4b83-955b-d0957c6ed2fe; confidence 0.734582781791687
ov-836144ba-4dc8-4c19-bd14-cc3ce2e712e5,City Hospital,,Makurdi,Makurdi,Benue,hospital,7.72725,8.53168,exact,false,overture,CDLA-Permissive-2.0,Overture 836144ba-4dc8-4c19-bd14-cc3ce2e712e5; confidence 0.7051382660865784
ov-7c27ab01-ec63-4627-973f-4c1d20b61adb,City pharmacy,,Makurdi,Makurdi,Benue,pharmacy-and-drug-store,7.718599,8.578803,exact,false,overture,CDLA-Permissive-2.0,Overture 7c27ab01-ec63-4627-973f-4c1d20b61adb; confidence 0.5799533128738403
ov-109cc63e-fe95-40e2-a887-e00f2c479d0d,City Science And Technical Academy-korinya,,Makurdi,Makurdi,Benue,professional-service,7.72644,8.52609,exact,false,overture,CDLA-Permissive-2.0,Overture 109cc63e-fe95-40e2-a887-e00f2c479d0d; confidence 0.5125719904899597
ov-7ee7324c-f872-40f8-8578-f0df822e8758,Civifit Business Centre,,Makurdi,Makurdi,Benue,professional-service,7.717254,8.552471,exact,false,overture,CDLA-Permissive-2.0,Overture 7ee7324c-f872-40f8-8578-f0df822e8758; confidence 0.5256834030151367
ov-9d8cf4f0-4b2a-4557-8e27-b95edec28215,Clerk Quarters,,Makurdi,Makurdi,Benue,community-and-government,7.743299,8.516365,exact,false,overture,CDLA-Permissive-2.0,Overture 9d8cf4f0-4b2a-4557-8e27-b95edec28215; confidence 0.32923999428749084
ov-a2dd3dcb-4d7f-40b7-97d3-47d4c953d71e,"Climax Lubricants, Benue State.",,Makurdi,Makurdi,Benue,automotive-service,7.716435,8.539139,exact,false,overture,CDLA-Permissive-2.0,Overture a2dd3dcb-4d7f-40b7-97d3-47d4c953d71e; confidence 0.864902675151825
ov-b30a97a0-166f-454a-a9b0-a67d0d63b439,Clustab Distributors Limited,,Makurdi,Makurdi,Benue,shipping-or-delivery-service,7.735226,8.531078,exact,false,overture,CDLA-Permissive-2.0,Overture b30a97a0-166f-454a-a9b0-a67d0d63b439; confidence 0.6925979852676392
ov-3b0af26b-9972-4842-8ea1-214ab4c426d5,"College of Advance & Professional Studies, Makurdi",,Makurdi,Makurdi,Benue,place-of-learning,7.738,8.50868,exact,false,overture,CDLA-Permissive-2.0,Overture 3b0af26b-9972-4842-8ea1-214ab4c426d5; confidence 0.716716468334198
ov-b0f1a5c8-caa9-438e-a1d7-98e7cce50706,College of Agronomy,,Makurdi,Makurdi,Benue,college-university,7.795701,8.616042,exact,false,overture,CDLA-Permissive-2.0,Overture b0f1a5c8-caa9-438e-a1d7-98e7cce50706; confidence 0.7358096241950989
ov-c071123a-8d42-40a4-8b56-92a9760ecdb1,College of Health Science Hostel,,Makurdi,Makurdi,Benue,lodging,7.725618,8.560771,exact,false,overture,CDLA-Permissive-2.0,Overture c071123a-8d42-40a4-8b56-92a9760ecdb1; confidence 0.40373969078063965
ov-87400d34-b3dc-49ab-a936-1e5ed42ba3d1,"College Of Health Science, Benue State University - Makurdi, Nigeria",,Makurdi,Makurdi,Benue,campus-building,7.725782,8.559744,exact,false,overture,CDLA-Permissive-2.0,Overture 87400d34-b3dc-49ab-a936-1e5ed42ba3d1; confidence 0.8234579563140869
ov-1e7feff7-8614-4441-b5ae-457bed497ca2,Combatant Evangelistic Ministries,,Makurdi,Makurdi,Benue,religious-organization,7.731827,8.540127,exact,false,overture,CDLA-Permissive-2.0,Overture 1e7feff7-8614-4441-b5ae-457bed497ca2; confidence 0.5778999924659729
ov-11d21fe4-ae18-47c4-8e99-b49436804a2f,Comfortuvamo Suites,,Makurdi,Makurdi,Benue,hotel,7.709129,8.543795,exact,false,overture,CDLA-Permissive-2.0,Overture 11d21fe4-ae18-47c4-8e99-b49436804a2f; confidence 0.5854150056838989
wd-Q134602636,"Command Secondary School, Makurdi",,Makurdi,Makurdi,Benue,school,7.698493,8.480575,exact,false,wikidata,,Wikidata Q134602636; instance-of: secondary school
ov-e42bc29e-7554-4938-bad1-eb8486756a38,Community Secondary School Makurdi.,,Makurdi,Makurdi,Benue,education,7.74458,8.51229,exact,false,overture,CDLA-Permissive-2.0,Overture e42bc29e-7554-4938-bad1-eb8486756a38; confidence 0.5551433563232422
wd-Q131361179,"Community Secondary School, Makurdi",,Makurdi,Makurdi,Benue,school,7.73686,8.500149,exact,false,wikidata,,Wikidata Q131361179; instance-of: school
ov-a22a083c-7a60-46a4-bf4f-194139746111,Comprehensive Dental Clinic,,Makurdi,Makurdi,Benue,dental-clinic,7.7287,8.5329,exact,false,overture,CDLA-Permissive-2.0,Overture a22a083c-7a60-46a4-bf4f-194139746111; confidence 0.9521723389625549
ov-79121547-8604-4915-97df-e89d0d9f9569,Confichelle Gift Shop,,Makurdi,Makurdi,Benue,flowers-and-gifts-store,7.725776,8.498227,exact,false,overture,CDLA-Permissive-2.0,Overture 79121547-8604-4915-97df-e89d0d9f9569; confidence 0.8738043308258057
wd-Q136784511,Continental College Benue State,,Makurdi,Makurdi,Benue,school,7.712671,8.541956,exact,false,wikidata,,Wikidata Q136784511; instance-of: school
ov-be17488a-0ef9-46ee-9ecf-d67d09cda4a8,Coolwave Studios,,Makurdi,Makurdi,Benue,professional-service,7.723088,8.535154,exact,false,overture,CDLA-Permissive-2.0,Overture be17488a-0ef9-46ee-9ecf-d67d09cda4a8; confidence 0.8512434363365173
ov-0f2e4352-722c-4a29-8541-c248c409d152,Copperfield Hostel,,Makurdi,Makurdi,Benue,lodging,7.770417,8.617451,exact,false,overture,CDLA-Permissive-2.0,Overture 0f2e4352-722c-4a29-8541-c248c409d152; confidence 0.36567941308021545
wd-Q136766090,Cornerstone Academy Makurdi,,Makurdi,Makurdi,Benue,school,7.714853,8.573251,exact,false,wikidata,,Wikidata Q136766090; instance-of: school
ov-5573a3a2-a2d4-4378-9bea-29232b02a2d4,Cornerstone Academy schools,,Makurdi,Makurdi,Benue,place-of-learning,7.72141,8.56935,exact,false,overture,CDLA-Permissive-2.0,Overture 5573a3a2-a2d4-4378-9bea-29232b02a2d4; confidence 0.8908483982086182
ov-386c75a8-047f-4e7f-9cb7-ea85dbdac49e,Cornerstone aluminium and steel,,Makurdi,Makurdi,Benue,place,7.7287,8.5329,exact,false,overture,CDLA-Permissive-2.0,Overture 386c75a8-047f-4e7f-9cb7-ea85dbdac49e; confidence 0.5264455676078796
wd-Q131359215,"Corona Private school, Makurdi",,Makurdi,Makurdi,Benue,school,7.735795,8.527709,exact,false,wikidata,,Wikidata Q131359215; instance-of: school
wd-Q131359264,"Crystaland Schools, Makurdi",,Makurdi,Makurdi,Benue,school,7.721391,8.517138,exact,false,wikidata,,Wikidata Q131359264; instance-of: school
ov-1f02b688-6893-4bdb-ab3c-a67bd91b79f7,CSMC Orisun-Ayo Makurdi,,Makurdi,Makurdi,Benue,christian-place-of-worship,7.72223,8.51627,exact,false,overture,CDLA-Permissive-2.0,Overture 1f02b688-6893-4bdb-ab3c-a67bd91b79f7; confidence 0.6225700378417969
ov-b6364e42-7bb6-42c9-8737-08dc62fe362e,D Disciples,,Makurdi,Makurdi,Benue,christian-place-of-worship,7.734343,8.531293,exact,false,overture,CDLA-Permissive-2.0,Overture b6364e42-7bb6-42c9-8737-08dc62fe362e; confidence 0.8568637371063232
ov-6ccd32ac-fe51-4523-8708-aab8dbd2ca2e,D'fudi Cuisine,,Makurdi,Makurdi,Benue,fast-food-restaurant,7.721611,8.528174,exact,false,overture,CDLA-Permissive-2.0,Overture 6ccd32ac-fe51-4523-8708-aab8dbd2ca2e; confidence 0.8924532532691956
ov-1a70fcf8-d5f3-49bc-a770-f2bcde7a3f45,D.g Winners Plaza,,Makurdi,Makurdi,Benue,shopping-mall,7.723095,8.544475,exact,false,overture,CDLA-Permissive-2.0,Overture 1a70fcf8-d5f3-49bc-a770-f2bcde7a3f45; confidence 0.7951671481132507
ov-960f6487-0d5f-4800-bb74-d4742aa5ad38,Daily prayers,,Makurdi,Makurdi,Benue,christian-place-of-worship,7.738,8.50868,exact,false,overture,CDLA-Permissive-2.0,Overture 960f6487-0d5f-4800-bb74-d4742aa5ad38; confidence 0.5313335657119751
wd-Q135420897,Dajo Pottery,,Makurdi,Makurdi,Benue,place,7.715693,8.586733,exact,false,wikidata,,Wikidata Q135420897; instance-of: unknown
ov-12f6a514-e0c9-4c6a-92f0-e04da88571d3,Dalente Guest Inn,,Makurdi,Makurdi,Benue,hotel,7.73513,8.528346,exact,false,overture,CDLA-Permissive-2.0,Overture 12f6a514-e0c9-4c6a-92f0-e04da88571d3; confidence 0.5009784698486328
ov-7a514f15-9b2c-4965-96e4-570c93cd6010,Dalson Global Resources,,Makurdi,Makurdi,Benue,home-service,7.719745,8.523209,exact,false,overture,CDLA-Permissive-2.0,Overture 7a514f15-9b2c-4965-96e4-570c93cd6010; confidence 0.7481308579444885
wd-Q106807445,Daniel Amokachi Lane,,Makurdi,Makurdi,Benue,place,7.723941,8.539149,exact,false,wikidata,,Wikidata Q106807445; instance-of: street
ov-09daa456-84d3-4ddc-88f6-fe7e0a4c1c57,DanJose Care Foundation,,Makurdi,Makurdi,Benue,civic-organization,7.725155,8.555203,exact,false,overture,CDLA-Permissive-2.0,Overture 09daa456-84d3-4ddc-88f6-fe7e0a4c1c57; confidence 0.5296754837036133
ov-691b4e5a-6036-4208-b699-590eb4a1343f,Darlkani Plus,,Makurdi,Makurdi,Benue,fashion-and-apparel-store,7.72143,8.528107,exact,false,overture,CDLA-Permissive-2.0,Overture 691b4e5a-6036-4208-b699-590eb4a1343f; confidence 0.5320203304290771
ov-fab4325d-7d08-4025-919a-666035c1efde,Daudu technological shop makurdi.,,Makurdi,Makurdi,Benue,animal-or-pet-service,7.7306,8.5361,exact,false,overture,CDLA-Permissive-2.0,Overture fab4325d-7d08-4025-919a-666035c1efde; confidence 0.7509740591049194
wd-Q106807556,David Mark Bye-Pass,,Makurdi,Makurdi,Benue,place,7.723734,8.51804,exact,false,wikidata,,Wikidata Q106807556; instance-of: street
ov-614b76ba-257c-4549-a8e0-72eb4505cfec,De Anchor Barbershop & Salon,,Makurdi,Makurdi,Benue,personal-or-beauty-service,7.720008,8.526629,exact,false,overture,CDLA-Permissive-2.0,Overture 614b76ba-257c-4549-a8e0-72eb4505cfec; confidence 0.7487742304801941
wd-Q136824618,De Oja-Piano Lounge,,Makurdi,Makurdi,Benue,place,7.732419,8.539271,exact,false,wikidata,,Wikidata Q136824618; instance-of: restaurant
ov-bf136d97-063e-4fbf-aa6d-526d2b15784f,Debsi Couture,,Makurdi,Makurdi,Benue,place,7.7287,8.5329,exact,false,overture,CDLA-Permissive-2.0,Overture bf136d97-063e-4fbf-aa6d-526d2b15784f; confidence 0.5936950445175171
wd-Q131279005,Decious Food Gallery,,Makurdi,Makurdi,Benue,place,7.713223,8.535447,exact,false,wikidata,,Wikidata Q131279005; instance-of: restaurant
ov-027b8c06-c41d-4936-9cff-4c3889c9df1b,Deckdotcom,,Makurdi,Makurdi,Benue,printing-service,7.72209,8.529419,exact,false,overture,CDLA-Permissive-2.0,Overture 027b8c06-c41d-4936-9cff-4c3889c9df1b; confidence 0.5103030204772949
ov-74398103-1cc8-4fdd-84ed-cfc863e9adb0,Dee's kiddies,,Makurdi,Makurdi,Benue,place,7.728701,8.5329,exact,false,overture,CDLA-Permissive-2.0,Overture 74398103-1cc8-4fdd-84ed-cfc863e9adb0; confidence 0.16052375733852386
ov-5c48c5ff-8f33-4e2f-962d-3eb72f374012,Deeper Life Bible Church,,Makurdi,Makurdi,Benue,christian-place-of-worship,7.775802,8.607506,exact,false,overture,CDLA-Permissive-2.0,Overture 5c48c5ff-8f33-4e2f-962d-3eb72f374012; confidence 0.24415194988250732; address locality: Markurdi
wd-Q125470092,"Deeper Life Bible Church, Makurdi Regional Headquarters",,Makurdi,Makurdi,Benue,church,7.718068,8.526046,exact,false,wikidata,,Wikidata Q125470092; instance-of: church building
ov-5624158f-cb52-46b7-bf84-7b5e773bf3a0,Deeper Life Campus Fellowship. UAM Chapter,,Makurdi,Makurdi,Benue,religious-organization,7.74445,8.52006,exact,false,overture,CDLA-Permissive-2.0,Overture 5624158f-cb52-46b7-bf84-7b5e773bf3a0; confidence 0.6092014908790588
ov-a24226b6-69bc-4ccc-bf35-b65f1a1eacf4,Del-Charis Medical Laboratory,,Makurdi,Makurdi,Benue,diagnostics-imaging-or-lab-service,7.751386,8.546558,exact,false,overture,CDLA-Permissive-2.0,Overture a24226b6-69bc-4ccc-bf35-b65f1a1eacf4; confidence 0.4094170331954956
gn-makurdi-demyongo-ppl-9507370,Demyongo,,Makurdi,Makurdi,Benue,village,7.71398,8.47339,exact,false,geonames,CC-BY-4.0,GeoNames feature P.PPL
ov-adda72b1-7ab2-4ebf-a141-9d4553ce0b40,Denkol Farms,,Makurdi,Makurdi,Benue,agricultural-service,7.72644,8.52609,exact,false,overture,CDLA-Permissive-2.0,Overture adda72b1-7ab2-4ebf-a141-9d4553ce0b40; confidence 0.6417534351348877
wd-Q130487677,Department of Accountancy Benue State University,,Makurdi,Makurdi,Benue,place,7.728485,8.555919,exact,false,wikidata,,Wikidata Q130487677; instance-of: academic department
wd-Q130527917,Department of Anatomy Benue State University,,Makurdi,Makurdi,Benue,place,7.7285,8.555917,exact,false,wikidata,,Wikidata Q130527917; instance-of: academic department
wd-Q130532777,Department of Economics Benue State University,,Makurdi,Makurdi,Benue,place,7.73,8.56,exact,false,wikidata,,Wikidata Q130532777; instance-of: academic department
wd-Q130534516,Department of Educational foundations Benue State University,,Makurdi,Makurdi,Benue,place,7.73,8.56,exact,false,wikidata,,Wikidata Q130534516; instance-of: academic department
wd-Q130531845,Department of Mass-Communication Benue State University,,Makurdi,Makurdi,Benue,place,7.728485,8.555919,exact,false,wikidata,,Wikidata Q130531845; instance-of: academic department
wd-Q130541126,Department of Obstetrics and Gynaecology Benue State University,,Makurdi,Makurdi,Benue,place,7.73,8.56,exact,false,wikidata,,Wikidata Q130541126; instance-of: academic department
wd-Q130543984,Department of Private and Public Law Benue State University,,Makurdi,Makurdi,Benue,place,7.73,8.56,exact,false,wikidata,,Wikidata Q130543984; instance-of: academic department
wd-Q130487497,Department of public administration Benue State University,,Makurdi,Makurdi,Benue,place,7.726667,8.556389,exact,false,wikidata,,Wikidata Q130487497; instance-of: academic department
wd-Q130531989,Department of Religion and Philosophy Benue State University,,Makurdi,Makurdi,Benue,place,7.728485,8.555919,exact,false,wikidata,,Wikidata Q130531989; instance-of: academic department
wd-Q130532005,Department of sociology Benue State University,,Makurdi,Makurdi,Benue,place,7.73,8.56,exact,false,wikidata,,Wikidata Q130532005; instance-of: academic department
ov-c53960f5-f55e-4611-9a01-56d23cc799bf,Dept of Economics BSU Mkd.,,Makurdi,Makurdi,Benue,college-university,7.715291,8.60735,exact,false,overture,CDLA-Permissive-2.0,Overture c53960f5-f55e-4611-9a01-56d23cc799bf; confidence 0.6383575201034546; address locality: North Bank
ov-16a50653-1ef8-4673-9f74-7448da699e9c,Destiny Barbers,,Makurdi,Makurdi,Benue,personal-or-beauty-service,7.75,8.55,exact,false,overture,CDLA-Permissive-2.0,Overture 16a50653-1ef8-4673-9f74-7448da699e9c; confidence 0.6603439450263977
ov-b348a393-bcae-4e91-a7a0-a7ed917f330e,Destiny Montessori Academy,,Makurdi,Makurdi,Benue,place-of-learning,7.73439,8.538753,exact,false,overture,CDLA-Permissive-2.0,Overture b348a393-bcae-4e91-a7a0-a7ed917f330e; confidence 0.8185056447982788
ov-ca8c9b24-7100-41d1-8e0b-6390818527f3,Devtrain,,Makurdi,Makurdi,Benue,social-or-community-service,7.731422,8.532889,exact,false,overture,CDLA-Permissive-2.0,Overture ca8c9b24-7100-41d1-8e0b-6390818527f3; confidence 0.5857570767402649
ov-f0392e77-3177-46f9-870a-245f1b8d46b9,Dew Clothing,,Makurdi,Makurdi,Benue,fashion-and-apparel-store,7.726657,8.526171,exact,false,overture,CDLA-Permissive-2.0,Overture f0392e77-3177-46f9-870a-245f1b8d46b9; confidence 0.10308245569467545
ov-8d9d5b2d-6734-42cf-81a5-75953b931761,Dexter's,,Makurdi,Makurdi,Benue,restaurant,7.725075,8.535614,exact,false,overture,CDLA-Permissive-2.0,Overture 8d9d5b2d-6734-42cf-81a5-75953b931761; confidence 0.620354950428009
ov-688ee708-a6c8-427b-8e2e-2374b647ab33,Diamond Bank,,Makurdi,Makurdi,Benue,bank-or-credit-union,7.755574,8.548905,exact,false,overture,CDLA-Permissive-2.0,Overture 688ee708-a6c8-427b-8e2e-2374b647ab33; confidence 0.5167175531387329
gn-makurdi-diarkume-ppl-9509089,Diarkume,,Makurdi,Makurdi,Benue,village,7.6455,8.49264,exact,false,geonames,CC-BY-4.0,GeoNames feature P.PPL
ov-2dba3f9c-731f-4b5e-9371-39e5fe7242b3,Dice Cleaning Services,,Makurdi,Makurdi,Benue,laundry-service,7.73259,8.52295,exact,false,overture,CDLA-Permissive-2.0,Overture 2dba3f9c-731f-4b5e-9371-39e5fe7242b3; confidence 0.5547126531600952
ov-4ddcdd13-2d8d-4404-b440-2588d319b6ca,"DIGC Federal Low-cost, Northbank, Makurdi",,Makurdi,Makurdi,Benue,religious-organization,7.741522,8.52839,exact,false,overture,CDLA-Permissive-2.0,Overture 4ddcdd13-2d8d-4404-b440-2588d319b6ca; confidence 0.7100849747657776
ov-6b18427f-dd7c-49c7-a3a4-34f1cd52419d,DIGC NUJ Makurdi,,Makurdi,Makurdi,Benue,religious-organization,7.79851,8.56635,exact,false,overture,CDLA-Permissive-2.0,Overture 6b18427f-dd7c-49c7-a3a4-34f1cd52419d; confidence 0.7281692028045654
wd-Q125398547,"DIGC,Asuir,Benue",,Makurdi,Makurdi,Benue,church,7.72148,8.565253,exact,false,wikidata,,Wikidata Q125398547; instance-of: church building
wd-Q125398339,"DIGC,Markurdi",,Makurdi,Makurdi,Benue,church,7.725629,8.513764,exact,false,wikidata,,Wikidata Q125398339; instance-of: church building
wd-Q125398393,"DIGC,North Bank Benue",,Makurdi,Makurdi,Benue,church,7.763616,8.55438,exact,false,wikidata,,Wikidata Q125398393; instance-of: church building
wd-Q125398293,"DIGC,wadata branch,Benue",,Makurdi,Makurdi,Benue,church,7.735525,8.500623,exact,false,wikidata,,Wikidata Q125398293; instance-of: church building
ov-5a781315-ff05-440d-86e8-226fc6a9de55,Dinka supermarket,,Makurdi,Makurdi,Benue,food-and-beverage-store,7.738,8.50868,exact,false,overture,CDLA-Permissive-2.0,Overture 5a781315-ff05-440d-86e8-226fc6a9de55; confidence 0.560192346572876
wd-Q131279274,Dishes Restaurant and Bar,,Makurdi,Makurdi,Benue,place,7.72125,8.530096,exact,false,wikidata,,Wikidata Q131279274; instance-of: restaurant
ov-929a3533-b825-41c2-9dd2-ad24deff0c87,District 4 Lounge,,Makurdi,Makurdi,Benue,dance-club,7.73364,8.533041,exact,false,overture,CDLA-Permissive-2.0,Overture 929a3533-b825-41c2-9dd2-ad24deff0c87; confidence 0.6520258784294128
ov-10548039-8eb4-440c-85f9-8fac3b88f7bf,Divine peace academy hill top jovkyundan,,Makurdi,Makurdi,Benue,college-university,7.740574,8.513452,exact,false,overture,CDLA-Permissive-2.0,Overture 10548039-8eb4-440c-85f9-8fac3b88f7bf; confidence 0.6994089484214783
ov-fbfaf07f-c04d-4e87-938a-18b7fb248fdc,Divinecharityworks-orphanage,,Makurdi,Makurdi,Benue,civic-organization,7.72746,8.540518,exact,false,overture,CDLA-Permissive-2.0,Overture fbfaf07f-c04d-4e87-938a-18b7fb248fdc; confidence 0.6865791082382202
wd-Q136766101,Divinity Care School Benue State,,Makurdi,Makurdi,Benue,school,7.711601,8.54159,exact,false,wikidata,,Wikidata Q136766101; instance-of: school
ov-498ba810-a32a-4ddf-b118-498f1213b4cc,Divinity TV,,Makurdi,Makurdi,Benue,religious-organization,7.725736,8.501766,exact,false,overture,CDLA-Permissive-2.0,Overture 498ba810-a32a-4ddf-b118-498f1213b4cc; confidence 0.48130863904953003
ov-619167da-eeb7-4e19-905a-301de4180c39,Dlawlie Agro and Aquatics,,Makurdi,Makurdi,Benue,agricultural-service,7.73111,8.524611,exact,false,overture,CDLA-Permissive-2.0,Overture 619167da-eeb7-4e19-905a-301de4180c39; confidence 0.5554364919662476
ov-60e6d2bf-e275-4500-9478-f5b65af7e755,DOC BOYS Football Academy Makurdi,,Makurdi,Makurdi,Benue,sport-team,7.72644,8.52609,exact,false,overture,CDLA-Permissive-2.0,Overture 60e6d2bf-e275-4500-9478-f5b65af7e755; confidence 0.5210812091827393
gn-makurdi-doka-ppl-6852797,Doka,,Makurdi,Makurdi,Benue,village,7.70309,8.45278,exact,false,geonames,CC-BY-4.0,GeoNames feature P.PPL
ov-9c45d281-ce68-43cf-b88f-62e0e681a31d,Domex Medical Diagnostic,,Makurdi,Makurdi,Benue,diagnostics-imaging-or-lab-service,7.727201,8.544428,exact,false,overture,CDLA-Permissive-2.0,Overture 9c45d281-ce68-43cf-b88f-62e0e681a31d; confidence 0.9298785924911499
ov-d36d9bf7-651a-4872-bd87-ac30c32f7c56,Dominion City Makurdi,,Makurdi,Makurdi,Benue,religious-organization,7.728701,8.5329,exact,false,overture,CDLA-Permissive-2.0,Overture d36d9bf7-651a-4872-bd87-ac30c32f7c56; confidence 0.8100184202194214
ov-2d566c3f-0e49-4905-bbfd-eef0e2cb8c97,"Dominion City OLD GRA, Makurdi",,Makurdi,Makurdi,Benue,religious-organization,7.7351,8.531899,exact,false,overture,CDLA-Permissive-2.0,Overture 2d566c3f-0e49-4905-bbfd-eef0e2cb8c97; confidence 0.5422769784927368
ov-f6487329-d86f-42dd-9f8e-a8a967a0b97e,Dominion Homes and Properties Limited,,Makurdi,Makurdi,Benue,real-estate-service,7.72631,8.54932,exact,false,overture,CDLA-Permissive-2.0,Overture f6487329-d86f-42dd-9f8e-a8a967a0b97e; confidence 0.31821852922439575; address locality: Owerri
ov-42cb466d-992a-4dd5-99a2-d10349b484a7,Donny Suites,,Makurdi,Makurdi,Benue,hotel,7.73098,8.536465,exact,false,overture,CDLA-Permissive-2.0,Overture 42cb466d-992a-4dd5-99a2-d10349b484a7; confidence 0.890607476234436
ov-82be5e85-a493-47f9-946c-985e21fff06f,Doo Beauty Palace,,Makurdi,Makurdi,Benue,personal-or-beauty-service,7.736114,8.512487,exact,false,overture,CDLA-Permissive-2.0,Overture 82be5e85-a493-47f9-946c-985e21fff06f; confidence 0.3898370563983917
ov-4f1194f8-7403-4b06-bd2e-6dcd5f3e1013,Doo Palace Hotel,,Makurdi,Makurdi,Benue,hotel,7.707672,8.516519,exact,false,overture,CDLA-Permissive-2.0,Overture 4f1194f8-7403-4b06-bd2e-6dcd5f3e1013; confidence 0.9903277397155762
wd-Q131298315,Doo Restaurant,,Makurdi,Makurdi,Benue,place,7.734933,8.531185,exact,false,wikidata,,Wikidata Q131298315; instance-of: restaurant
ov-510e1039-84ad-42e3-9cda-bcd9b4d04b41,Doom Beauty Salon,,Makurdi,Makurdi,Benue,personal-or-beauty-service,7.722079,8.530684,exact,false,overture,CDLA-Permissive-2.0,Overture 510e1039-84ad-42e3-9cda-bcd9b4d04b41; confidence 0.5894647240638733
ov-22d692d0-8c41-44c1-a124-9372b79780a2,Doonice IDEA Concepts,,Makurdi,Makurdi,Benue,specialty-school,7.75,8.55,exact,false,overture,CDLA-Permissive-2.0,Overture 22d692d0-8c41-44c1-a124-9372b79780a2; confidence 0.606286346912384
ov-96a7db09-f80f-4eec-9c6a-d0d5127bd2d0,Dowa Technologies,,Makurdi,Makurdi,Benue,building-or-construction-service,7.72433,8.503026,exact,false,overture,CDLA-Permissive-2.0,Overture 96a7db09-f80f-4eec-9c6a-d0d5127bd2d0; confidence 0.37109071016311646
ov-0feaa2c2-fec9-49de-9831-d2798c6ab153,Dozat Jens Hotel,,Makurdi,Makurdi,Benue,hotel,7.71571,8.506269,exact,false,overture,CDLA-Permissive-2.0,Overture 0feaa2c2-fec9-49de-9831-d2798c6ab153; confidence 0.667783796787262
ov-32219e6f-93df-4e3d-aea3-363b34d0c02a,Duku Park,,Makurdi,Makurdi,Benue,public-transit-facility-or-service,7.727587,8.547889,exact,false,overture,CDLA-Permissive-2.0,Overture 32219e6f-93df-4e3d-aea3-363b34d0c02a; confidence 0.5569844245910645
ov-759707cd-8c14-45ed-be15-db81f52eb2f0,Dunamis Campus Fellowship FUAM,,Makurdi,Makurdi,Benue,religious-organization,7.767617,8.626592,exact,false,overture,CDLA-Permissive-2.0,Overture 759707cd-8c14-45ed-be15-db81f52eb2f0; confidence 0.708306074142456
ov-f50688ff-d892-4c6f-9144-32ad4362bf8b,Dunamis Church Makurdi,,Makurdi,Makurdi,Benue,christian-place-of-worship,7.703612,8.634596,exact,false,overture,CDLA-Permissive-2.0,Overture f50688ff-d892-4c6f-9144-32ad4362bf8b; confidence 0.7059364914894104
ov-c49897d9-3880-4cce-934f-dab985a264d1,"Dunamis International Gospel Center, Makurdi Central",,Makurdi,Makurdi,Benue,christian-place-of-worship,7.721434,8.565407,exact,false,overture,CDLA-Permissive-2.0,Overture c49897d9-3880-4cce-934f-dab985a264d1; confidence 0.7064706087112427
ov-20b2d37c-fc2f-4907-ae0a-8e3c482544fa,Dunamis International Gospel Centre,,Makurdi,Makurdi,Benue,religious-organization,7.739995,8.521023,exact,false,overture,CDLA-Permissive-2.0,Overture 20b2d37c-fc2f-4907-ae0a-8e3c482544fa; confidence 0.6533780097961426
ov-ebb13778-d238-4b9c-be75-d0496c127ac9,"Dunamis International Market, Makurdi",,Makurdi,Makurdi,Benue,christian-place-of-worship,7.7351,8.531899,exact,false,overture,CDLA-Permissive-2.0,Overture ebb13778-d238-4b9c-be75-d0496c127ac9; confidence 0.5648304224014282
ov-0ed5658e-7e92-469a-8f83-5dbc0c2beb18,Dunamis INTL Gospel Centre Modern Market-2 Makurdi,,Makurdi,Makurdi,Benue,christian-place-of-worship,7.74425,8.51036,exact,false,overture,CDLA-Permissive-2.0,Overture 0ed5658e-7e92-469a-8f83-5dbc0c2beb18; confidence 0.6319801807403564
ov-45c22740-d746-4804-b345-15b8b55ca13f,Dunamis North Bank 1,,Makurdi,Makurdi,Benue,place,7.765578,8.621162,exact,false,overture,CDLA-Permissive-2.0,Overture 45c22740-d746-4804-b345-15b8b55ca13f; confidence 0.6044422388076782
ov-43cf6c8c-6fbf-4bad-a8d1-2991042d5de8,Dutch Sheets Fans,,Makurdi,Makurdi,Benue,christian-place-of-worship,7.72644,8.52609,exact,false,overture,CDLA-Permissive-2.0,Overture 43cf6c8c-6fbf-4bad-a8d1-2991042d5de8; confidence 0.6674158573150635
ov-dc22ff25-6d41-402c-b6cd-a19e30e4d4a7,Dé Jàvu Resort Naka,,Makurdi,Makurdi,Benue,fast-food-restaurant,7.73333,8.53333,exact,false,overture,CDLA-Permissive-2.0,Overture dc22ff25-6d41-402c-b6cd-a19e30e4d4a7; confidence 0.5502490401268005
ov-a95d441c-1f75-4a6d-830d-808854bbd219,E3 stores,,Makurdi,Makurdi,Benue,place,7.728701,8.5329,exact,false,overture,CDLA-Permissive-2.0,Overture a95d441c-1f75-4a6d-830d-808854bbd219; confidence 0.14633582532405853
ov-ffcbe195-27f2-494e-b7c7-8ab166fd70bb,EAA Iordaah and Co.,,Makurdi,Makurdi,Benue,financial-service,7.703412,8.534711,exact,false,overture,CDLA-Permissive-2.0,Overture ffcbe195-27f2-494e-b7c7-8ab166fd70bb; confidence 0.6989502310752869
ov-26b689c3-31f2-49de-9815-c33a90bd1937,Ebfield Veterinary Services,,Makurdi,Makurdi,Benue,animal-or-pet-service,7.728889,8.532277,exact,false,overture,CDLA-Permissive-2.0,Overture 26b689c3-31f2-49de-9815-c33a90bd1937; confidence 0.7322273850440979
wd-Q108537958,Echi festival,,Makurdi,Makurdi,Benue,place,7.741578,8.526381,exact,false,wikidata,,Wikidata Q108537958; instance-of: festival
ov-237a4099-4604-47b5-807f-bc311926af11,Eco Bank,,Makurdi,Makurdi,Benue,bank-or-credit-union,7.717764,8.529781,exact,false,overture,CDLA-Permissive-2.0,Overture 237a4099-4604-47b5-807f-bc311926af11; confidence 0.43945321440696716
ov-8639b957-73fe-4752-b7db-cc891292e89d,Eco Bank,,Makurdi,Makurdi,Benue,bank-or-credit-union,7.727966,8.546106,exact,false,overture,CDLA-Permissive-2.0,Overture 8639b957-73fe-4752-b7db-cc891292e89d; confidence 0.43547067046165466
ov-0ba1e0d8-a30a-4717-922d-22f17fc283f7,"ECWA Bishara, Northbank, Makurdi.",,Makurdi,Makurdi,Benue,social-or-community-service,7.75,8.55,exact,false,overture,CDLA-Permissive-2.0,Overture 0ba1e0d8-a30a-4717-922d-22f17fc283f7; confidence 0.6111618280410767
ov-06c07674-733d-4d26-a1b4-1de5af309a67,ECWA Challenge Compound,,Makurdi,Makurdi,Benue,christian-place-of-worship,7.722083,8.54533,exact,false,overture,CDLA-Permissive-2.0,Overture 06c07674-733d-4d26-a1b4-1de5af309a67; confidence 0.45010003447532654
wd-Q125471519,ECWA Church makurdi,,Makurdi,Makurdi,Benue,church,7.743455,8.528137,exact,false,wikidata,,Wikidata Q125471519; instance-of: church building
wd-Q136766119,Ecwa Nursery And Primary School Benue State,,Makurdi,Makurdi,Benue,school,7.734668,8.518959,exact,false,wikidata,,Wikidata Q136766119; instance-of: school
ov-fc6b53bb-9fed-45c2-986c-c161960cc23d,Ecwa Secondary School Makurdi.,,Makurdi,Makurdi,Benue,place,7.765884,8.55869,exact,false,overture,CDLA-Permissive-2.0,Overture fc6b53bb-9fed-45c2-986c-c161960cc23d; confidence 0.7052541971206665
wd-Q131361251,"ECWA Secondary School, Makurdi",,Makurdi,Makurdi,Benue,school,7.749938,8.547288,exact,false,wikidata,,Wikidata Q131361251; instance-of: school
ov-d179332f-dc19-4e44-96a1-015c6a266770,EDEN Studio,,Makurdi,Makurdi,Benue,professional-service,7.7287,8.5329,exact,false,overture,CDLA-Permissive-2.0,Overture d179332f-dc19-4e44-96a1-015c6a266770; confidence 0.5306509137153625
ov-9c7878f1-3b58-4254-b1a8-686e8587b3cd,Editex Bookshop Enterprises,,Makurdi,Makurdi,Benue,books-music-and-video-store,7.72283,8.53739,exact,false,overture,CDLA-Permissive-2.0,Overture 9c7878f1-3b58-4254-b1a8-686e8587b3cd; confidence 0.5760524868965149
wd-Q136750088,Ediwe Memorial College,,Makurdi,Makurdi,Benue,school,7.739012,8.543445,exact,false,wikidata,,Wikidata Q136750088; instance-of: school
ov-1a270c77-f2fe-4c3e-9330-3e885ae43fe0,Education Research Consultancy,,Makurdi,Makurdi,Benue,research-institute,7.7306,8.5361,exact,false,overture,CDLA-Permissive-2.0,Overture 1a270c77-f2fe-4c3e-9330-3e885ae43fe0; confidence 0.7859054207801819
ov-0124ef0b-4e6d-4934-9e7b-7c03ecb572ff,Ekan Church Ijaha,,Makurdi,Makurdi,Benue,christian-place-of-worship,7.73794,8.49134,exact,false,overture,CDLA-Permissive-2.0,Overture 0124ef0b-4e6d-4934-9e7b-7c03ecb572ff; confidence 0.6215806603431702
wd-Q125470066,Ekwa Church,,Makurdi,Makurdi,Benue,church,7.685016,8.543108,exact,false,wikidata,,Wikidata Q125470066; instance-of: church building
wd-Q130633719,El-Shaddai Specialist Hospital Listed In Health,,Makurdi,Makurdi,Benue,place,7.786694,8.535893,exact,false,wikidata,,Wikidata Q130633719; instance-of: health
wd-Q136764353,Elite Covenant Academy International School Benue State,,Makurdi,Makurdi,Benue,school,7.737877,8.511487,exact,false,wikidata,,Wikidata Q136764353; instance-of: school
ov-f0e49694-94c5-4a99-896f-3085b534d837,Ella's Cuisine,,Makurdi,Makurdi,Benue,restaurant,7.721776,8.535954,exact,false,overture,CDLA-Permissive-2.0,Overture f0e49694-94c5-4a99-896f-3085b534d837; confidence 0.32496291399002075
ov-e9dc8c06-a9a5-4265-8553-0437de6181de,"Elohim Chambers, Legal Practitioners and Notary Public",,Makurdi,Makurdi,Benue,legal-service,7.724677,8.528847,exact,false,overture,CDLA-Permissive-2.0,Overture e9dc8c06-a9a5-4265-8553-0437de6181de; confidence 0.6167066693305969
ov-ce8128da-0656-440e-beb9-08247276f541,Elohim Christian Center Aka Elohim Family Church.,,Makurdi,Makurdi,Benue,religious-organization,7.75,8.55,exact,false,overture,CDLA-Permissive-2.0,Overture ce8128da-0656-440e-beb9-08247276f541; confidence 0.8468603491783142
ov-6928ad34-335d-4b43-a4f5-df419e8c5262,Elohim Development Foundation,,Makurdi,Makurdi,Benue,social-or-community-service,7.712038,8.580678,exact,false,overture,CDLA-Permissive-2.0,Overture 6928ad34-335d-4b43-a4f5-df419e8c5262; confidence 0.7465367317199707
wd-Q131361492,"Emmanuel Secondary School, Makurdi",,Makurdi,Makurdi,Benue,school,7.719127,8.486649,exact,false,wikidata,,Wikidata Q131361492; instance-of: school
wd-Q130634048,"Emory Specialist Hospital, Benue",,Makurdi,Makurdi,Benue,place,7.728696,8.555891,exact,false,wikidata,,Wikidata Q130634048; instance-of: health
ov-2a77e0e7-93e7-4733-adb9-dd1aa76346cd,Empire Suites,,Makurdi,Makurdi,Benue,hotel,7.725643,8.524635,exact,false,overture,CDLA-Permissive-2.0,Overture 2a77e0e7-93e7-4733-adb9-dd1aa76346cd; confidence 0.6099464297294617
ov-115def91-99b7-495f-b10b-c00d59f4e22e,Encounters in His Presence,,Makurdi,Makurdi,Benue,technical-service,7.71413,8.41579,exact,false,overture,CDLA-Permissive-2.0,Overture 115def91-99b7-495f-b10b-c00d59f4e22e; confidence 0.5781084895133972
ov-eb1579aa-be8b-4c7a-81d2-0377ed4150c5,"Engratia Hotel, Makurdi.",,Makurdi,Makurdi,Benue,hotel,7.703802,8.547559,exact,false,overture,CDLA-Permissive-2.0,Overture eb1579aa-be8b-4c7a-81d2-0377ed4150c5; confidence 0.7330353260040283
wd-Q131299249,Ennifex Food Cafe,,Makurdi,Makurdi,Benue,place,7.717353,8.583845,exact,false,wikidata,,Wikidata Q131299249; instance-of: restaurant
ov-b37c2115-718e-4a52-acdc-61400e4d62de,Ennylicia varieties,,Makurdi,Makurdi,Benue,convenience-store,7.720979,8.534961,exact,false,overture,CDLA-Permissive-2.0,Overture b37c2115-718e-4a52-acdc-61400e4d62de; confidence 0.4003814160823822
ov-c8320309-3ef6-4a65-b3f8-8cc52dac4265,Epic Clinic and Maternity,,Makurdi,Makurdi,Benue,hospital,7.722398,8.535,exact,false,overture,CDLA-Permissive-2.0,Overture c8320309-3ef6-4a65-b3f8-8cc52dac4265; confidence 0.31914272904396057
ov-a95cae52-2f7a-442a-b902-1c984994fd33,Erdoo Collections Restaurant and Bar,,Makurdi,Makurdi,Benue,restaurant,7.723604,8.526108,exact,false,overture,CDLA-Permissive-2.0,Overture a95cae52-2f7a-442a-b902-1c984994fd33; confidence 0.4293912947177887
ov-3b316c63-bcdd-467c-a908-be3322821f90,Et Instaura,,Makurdi,Makurdi,Benue,personal-care-and-beauty-store,7.724677,8.528847,exact,false,overture,CDLA-Permissive-2.0,Overture 3b316c63-bcdd-467c-a908-be3322821f90; confidence 0.6740362048149109
ov-4f5a9a50-1175-40a6-af75-ecca703515f8,Evangelist Nyiku Moses,,Makurdi,Makurdi,Benue,christian-place-of-worship,7.71365,8.51797,exact,false,overture,CDLA-Permissive-2.0,Overture 4f5a9a50-1175-40a6-af75-ecca703515f8; confidence 0.5643545389175415
ov-c0b84033-b2fa-4cfb-9270-4a278077adae,"Excellent Afternoon College, Makurdi.",,Makurdi,Makurdi,Benue,college-university,7.75,8.55,exact,false,overture,CDLA-Permissive-2.0,Overture c0b84033-b2fa-4cfb-9270-4a278077adae; confidence 0.6580436825752258
wd-Q136764518,Excellent Foundation Nursery And Primary School,,Makurdi,Makurdi,Benue,school,7.690672,8.494576,exact,false,wikidata,,Wikidata Q136764518; instance-of: school
ov-6ea6465a-3d78-4788-bdb4-764ab09685f8,Excellers De Palace Cooks,,Makurdi,Makurdi,Benue,casual-eatery,7.732137,8.539078,exact,false,overture,CDLA-Permissive-2.0,Overture 6ea6465a-3d78-4788-bdb4-764ab09685f8; confidence 0.5503783226013184
ov-1cc87d40-c0c9-453d-9632-1e395f9b6907,Excellers Gift Shop and Boutique.,,Makurdi,Makurdi,Benue,flowers-and-gifts-store,7.73328,8.52785,exact,false,overture,CDLA-Permissive-2.0,Overture 1cc87d40-c0c9-453d-9632-1e395f9b6907; confidence 0.6112348437309265
ov-f09fd51c-5d51-40a0-8674-9345a13b01f2,Express Electronics,,Makurdi,Makurdi,Benue,supplier-or-distributor,7.70981,8.532629,exact,false,overture,CDLA-Permissive-2.0,Overture f09fd51c-5d51-40a0-8674-9345a13b01f2; confidence 0.5716753602027893
ov-0f9d4441-74e2-4b6f-8fcc-255f24ec7b52,Faculty of Communication and Media Studies,,Makurdi,Makurdi,Benue,college-university,7.72184,8.576509,exact,false,overture,CDLA-Permissive-2.0,Overture 0f9d4441-74e2-4b6f-8fcc-255f24ec7b52; confidence 0.5383601188659668
ov-36e7ca6f-0751-466d-9552-6b712f9f3061,Faculty Of Law,,Makurdi,Makurdi,Benue,education,7.727427,8.566236,exact,false,overture,CDLA-Permissive-2.0,Overture 36e7ca6f-0751-466d-9552-6b712f9f3061; confidence 0.6103931665420532
ov-0aa35fb5-9ded-4280-97e3-32a95782ab6e,Faeren Digital Services,,Makurdi,Makurdi,Benue,specialty-school,7.736815,8.512319,exact,false,overture,CDLA-Permissive-2.0,Overture 0aa35fb5-9ded-4280-97e3-32a95782ab6e; confidence 0.6262605786323547
wd-Q125471821,Faith And Truth Worship Centre,,Makurdi,Makurdi,Benue,church,7.759307,8.533636,exact,false,wikidata,,Wikidata Q125471821; instance-of: church building
wd-Q125471720,FAITH METHODIST CHURCH NIGERIA,Faith Methodist Church Nigeria,Makurdi,Makurdi,Benue,church,7.725554,8.486278,exact,false,overture|wikidata,CDLA-Permissive-2.0,Wikidata Q125471720; instance-of: church building; Overture bb26a19b-d25c-468f-94eb-7b524c2ca554; confidence 0.43185245990753174; address locality: Markurdi
ov-105a0f12-8e49-4400-a03d-923a3d3d7c09,Falumy Communication Technology FCT,,Makurdi,Makurdi,Benue,place,7.74062,8.51341,exact,false,overture,CDLA-Permissive-2.0,Overture 105a0f12-8e49-4400-a03d-923a3d3d7c09; confidence 0.5372544527053833
ov-d8f4fc8f-2867-456b-8074-726afca74d76,Family Practice Hospital Makurdi,,Makurdi,Makurdi,Benue,hospital,7.784788,8.563671,exact,false,overture,CDLA-Permissive-2.0,Overture d8f4fc8f-2867-456b-8074-726afca74d76; confidence 0.6898672580718994
wd-Q130633373,"Family Practice Hospital,Benue",,Makurdi,Makurdi,Benue,place,7.781251,8.519413,exact,false,wikidata,,Wikidata Q130633373; instance-of: health
ov-7bfd1342-0dfe-48c5-8b86-fcc36f93b5f9,Family Support Program Clinic Kwararafa,,Makurdi,Makurdi,Benue,reproductive-perinatal-and-womens-care,7.739834,8.523414,exact,false,overture,CDLA-Permissive-2.0,Overture 7bfd1342-0dfe-48c5-8b86-fcc36f93b5f9; confidence 0.7371956706047058
ov-b2dcd5ba-e877-4386-b79e-89501812ffbc,Family Worship Centre Makurdi,,Makurdi,Makurdi,Benue,religious-organization,7.731235,8.53878,exact,false,overture,CDLA-Permissive-2.0,Overture b2dcd5ba-e877-4386-b79e-89501812ffbc; confidence 0.8060638308525085
ov-fd172a30-cdd5-4204-8878-51611aefcf1a,Famous Bakery,,Makurdi,Makurdi,Benue,casual-eatery,7.721644,8.545704,exact,false,overture,CDLA-Permissive-2.0,Overture fd172a30-cdd5-4204-8878-51611aefcf1a; confidence 0.314853310585022
wd-Q136766155,"Famous Group Of Schools Kastina Ala, Benue State",,Makurdi,Makurdi,Benue,school,7.745678,8.550101,exact,false,wikidata,,Wikidata Q136766155; instance-of: school
ov-15e47e67-2897-48dc-bc85-c3cd4ca495f3,FarmCraft Poultry,,Makurdi,Makurdi,Benue,farm,7.75,8.55,exact,false,overture,CDLA-Permissive-2.0,Overture 15e47e67-2897-48dc-bc85-c3cd4ca495f3; confidence 0.5683841705322266
ov-c606a8ab-ac3c-4727-ba92-aae5e19d61a2,Father's Moustache,,Makurdi,Makurdi,Benue,hotel,7.728726,8.535158,exact,false,overture,CDLA-Permissive-2.0,Overture c606a8ab-ac3c-4727-ba92-aae5e19d61a2; confidence 0.5048725008964539
ov-d7179b8d-ee1a-485f-a3cb-a6d8eaa40155,Favour SuperMarket,,Makurdi,Makurdi,Benue,food-and-beverage-store,7.7306,8.5361,exact,false,overture,CDLA-Permissive-2.0,Overture d7179b8d-ee1a-485f-a3cb-a6d8eaa40155; confidence 0.625996470451355
ov-ca7ed2f2-4531-4bb2-801d-244357c950ca,FCMB Makurdi Branch,,Makurdi,Makurdi,Benue,bank-or-credit-union,7.722888,8.545612,exact,false,overture,CDLA-Permissive-2.0,Overture ca7ed2f2-4531-4bb2-801d-244357c950ca; confidence 0.35531505942344666
ov-eaeca50e-57d5-4caf-8941-b1e5b101d153,Federal City Hotel,,Makurdi,Makurdi,Benue,hotel,7.737,8.515929,exact,false,overture,CDLA-Permissive-2.0,Overture eaeca50e-57d5-4caf-8941-b1e5b101d153; confidence 0.5529423952102661
ov-47b321a8-5972-4ae6-8d00-883064d9fff8,Federal College of Education Odugbo,,Makurdi,Makurdi,Benue,college-university,7.685591,8.570542,exact,false,overture,CDLA-Permissive-2.0,Overture 47b321a8-5972-4ae6-8d00-883064d9fff8; confidence 0.932255744934082; address locality: Odugbo
wd-Q136657241,Federal Medical center Markudi,,Makurdi,Makurdi,Benue,hospital,7.729722,8.519049,exact,false,wikidata,,Wikidata Q136657241; instance-of: hospital
ov-9148c42f-ed4e-43dd-8465-e8ed6ce84371,Federal Medical centre Apir,,Makurdi,Makurdi,Benue,hospital,7.641191,8.571434,exact,false,overture,CDLA-Permissive-2.0,Overture 9148c42f-ed4e-43dd-8465-e8ed6ce84371; confidence 0.5764920115470886; address locality: Apir
ng-benue-makurdi-fmc,Federal Medical Centre Makurdi,FMC Makurdi|Federal Medical Centre,Makurdi,Makurdi,Benue,hospital,7.739,8.532,approximate,false,curated,project-owned,Draft; coords approximate - verify placement
wd-Q105644487,Federal Medical Centre Makurdi,Federal medical centre,Makurdi,Makurdi,Benue,hospital,7.737408,8.51791,exact,false,overture|wikidata,CDLA-Permissive-2.0,Wikidata Q105644487; instance-of: public hospital; Overture bb246aed-4369-4a50-a4bb-82c0d41c9d53; confidence 0.647546648979187
ov-e268a6f1-3c8f-4592-8534-1cc5b383f2b3,Federal Secretariat Complex,,Makurdi,Makurdi,Benue,shopping-mall,7.70993,8.52648,exact,false,overture,CDLA-Permissive-2.0,Overture e268a6f1-3c8f-4592-8534-1cc5b383f2b3; confidence 0.6628704071044922
ng-benue-makurdi-federal-secretariat,Federal Secretariat Makurdi,Federal Secretariat,Makurdi,Makurdi,Benue,government,7.74,8.522,approximate,false,curated,project-owned,Draft; coords approximate
ov-5e2fd31a-9f44-4e10-8971-1e19f56715d0,Federal Secretariat Makurdi,,Makurdi,Makurdi,Benue,government-office,7.710791,8.525625,exact,false,overture,CDLA-Permissive-2.0,Overture 5e2fd31a-9f44-4e10-8971-1e19f56715d0; confidence 0.6413927674293518
ov-6f7719ab-6db3-41d9-890d-9e5dacbb5ee0,Federal University of Agriculture Makurdi,,Makurdi,Makurdi,Benue,college-university,7.732158,8.539124,exact,false,overture,CDLA-Permissive-2.0,Overture 6f7719ab-6db3-41d9-890d-9e5dacbb5ee0; confidence 0.875897228717804
ov-b07d343c-88a3-4648-98a4-e18fde88f846,Fele Express LTD,,Makurdi,Makurdi,Benue,professional-service,7.70981,8.532629,exact,false,overture,CDLA-Permissive-2.0,Overture b07d343c-88a3-4648-98a4-e18fde88f846; confidence 0.40052321553230286
ov-73f50b63-0337-46a8-937f-4e24d7c8a1ff,Fidelity Bank,,Makurdi,Makurdi,Benue,financial-service,7.719343,8.543157,exact,false,overture,CDLA-Permissive-2.0,Overture 73f50b63-0337-46a8-937f-4e24d7c8a1ff; confidence 0.5789933204650879
ng-benue-makurdi-fiidi,Fiidi,,Makurdi,Makurdi,Benue,district,7.75,8.55,approximate,false,curated,project-owned,Draft; coords approximate
wd-Q59815278,Fildi,,Makurdi,Makurdi,Benue,place,7.6773,8.5941,exact,false,wikidata,,Wikidata Q59815278; instance-of: ward of the makurdi legislative council
ov-a418731d-2a9f-4943-9305-5ebd641b331c,Fire brand Church,,Makurdi,Makurdi,Benue,religious-organization,7.74127,8.50989,exact,false,overture,CDLA-Permissive-2.0,Overture a418731d-2a9f-4943-9305-5ebd641b331c; confidence 0.5737481713294983
wd-Q125464042,First Baptist Church Makurdi,,Makurdi,Makurdi,Benue,church,7.739296,8.522621,exact,false,wikidata,,Wikidata Q125464042; instance-of: church building
ov-1cf67976-49f1-48dd-bb28-b8ea1142e778,"First Baptist Church, Makurdi",,Makurdi,Makurdi,Benue,christian-place-of-worship,7.712572,8.50946,exact,false,overture,CDLA-Permissive-2.0,Overture 1cf67976-49f1-48dd-bb28-b8ea1142e778; confidence 0.9709271788597107
wd-Q137836183,FIRST FERTILITY HOSPITAL LTD,,Makurdi,Makurdi,Benue,hospital,7.716507,8.50627,exact,false,wikidata,,Wikidata Q137836183; instance-of: hospital
wd-Q130629391,"First Fertility Hospital, Makurdi",,Makurdi,Makurdi,Benue,hospital,7.716506,8.506309,exact,false,wikidata,,Wikidata Q130629391; instance-of: hospital
ov-53e2ddaa-05e8-468c-8a94-5de50d88d694,Flavoured kitchen,,Makurdi,Makurdi,Benue,restaurant,7.733123,8.527668,exact,false,overture,CDLA-Permissive-2.0,Overture 53e2ddaa-05e8-468c-8a94-5de50d88d694; confidence 0.35560715198516846
ng-benue-makurdi-fmwh-quarters,FMW&H Quarters,"DIGC,Welfare Quarters,Makurdi|FMW and H Quarters|Welfare Quarters",Makurdi,Makurdi,Benue,district,7.672965,8.538979,approximate,true,curated|wikidata,project-owned,User-confirmed 2026-10-02: FMW&H Quarters == Welfare Quarters; coords copied from Wikidata record; Wikidata Q125398432; instance-of: church building
ov-d10f0955-b48f-415d-b36c-7eb07451b374,Fotib Digital Point,,Makurdi,Makurdi,Benue,professional-service,7.713888,8.531178,exact,false,overture,CDLA-Permissive-2.0,Overture d10f0955-b48f-415d-b36c-7eb07451b374; confidence 0.5820066332817078
ov-fc57e486-4c0e-4fe8-bdfa-cfdad2e8072f,Foundation Faith Church - Salem Family Makurdi,,Makurdi,Makurdi,Benue,christian-place-of-worship,7.75,8.55,exact,false,overture,CDLA-Permissive-2.0,Overture fc57e486-4c0e-4fe8-bdfa-cfdad2e8072f; confidence 0.923075258731842; address locality: North Bank
wd-Q130629682,"Foundation Memorial Hospital, Makurdi",Foundation Memorial Hospital,Makurdi,Makurdi,Benue,hospital,7.724141,8.541778,exact,false,overture|wikidata,CDLA-Permissive-2.0,Wikidata Q130629682; instance-of: hospital; Overture e0f28428-f8a8-4e86-babd-3acdba94ce37; confidence 0.8769724369049072
ov-1c6fcce3-f2d3-477d-a73f-52b2eee26f2c,Fountain Of Life Charismatic Assembly,,Makurdi,Makurdi,Benue,religious-organization,7.73042,8.52535,exact,false,overture,CDLA-Permissive-2.0,Overture 1c6fcce3-f2d3-477d-a73f-52b2eee26f2c; confidence 0.5354326963424683
ov-581346a6-4391-407f-beb8-cc569c88cfa3,"Foursquare Gospel Church, Gboko Road",,Makurdi,Makurdi,Benue,media-service,7.72184,8.576509,exact,false,overture,CDLA-Permissive-2.0,Overture 581346a6-4391-407f-beb8-cc569c88cfa3; confidence 0.555314838886261
ov-fed14038-ed01-4d67-815d-9b7b9ccb4b13,Fr. Alia New Media Centre,,Makurdi,Makurdi,Benue,political-organization,7.72675,8.54278,exact,false,overture,CDLA-Permissive-2.0,Overture fed14038-ed01-4d67-815d-9b7b9ccb4b13; confidence 0.5355340838432312
ov-6f8d883a-4e1e-4d18-bb9c-a60c46da47b1,Fr. Hyacinth Iormem Alia,,Makurdi,Makurdi,Benue,place,7.726511,8.541134,exact,false,overture,CDLA-Permissive-2.0,Overture 6f8d883a-4e1e-4d18-bb9c-a60c46da47b1; confidence 0.674666166305542
ov-baf3b4c4-11c4-4cec-ab17-664aa11b59ee,Fr. Tansi Academy Makurdi,,Makurdi,Makurdi,Benue,place-of-learning,7.72141,8.56935,exact,false,overture,CDLA-Permissive-2.0,Overture baf3b4c4-11c4-4cec-ab17-664aa11b59ee; confidence 0.882379949092865
ov-94e3e58e-b7be-4669-986e-87ba1685357d,Fr. Tansi Academy Photo Gallery,,Makurdi,Makurdi,Benue,elementary-school,7.726555,8.548496,exact,false,overture,CDLA-Permissive-2.0,Overture 94e3e58e-b7be-4669-986e-87ba1685357d; confidence 0.8675311207771301
ov-62c05643-5724-4ac7-af28-628a7b1386b8,Frasers Lounge,,Makurdi,Makurdi,Benue,lounge,7.72244,8.53678,exact,false,overture,CDLA-Permissive-2.0,Overture 62c05643-5724-4ac7-af28-628a7b1386b8; confidence 0.5523539781570435
ov-9ed2c4fb-09bc-449a-8864-3dde317f7dfe,Fred-Franca Memorial Hospital,,Makurdi,Makurdi,Benue,hospital,7.736534,8.515968,exact,false,overture,CDLA-Permissive-2.0,Overture 9ed2c4fb-09bc-449a-8864-3dde317f7dfe; confidence 0.7968282699584961
wd-Q136766036,Freewill Foundation Nursery And Primary School Makurdi,,Makurdi,Makurdi,Benue,school,7.690673,8.494579,exact,false,wikidata,,Wikidata Q136766036; instance-of: school; Wikidata Q136766036; instance-of: private school
ov-de8ca2ee-e150-4926-bfd4-42c1f5a95fc5,FrontierChurch,,Makurdi,Makurdi,Benue,religious-organization,7.696618,8.547277,exact,false,overture,CDLA-Permissive-2.0,Overture de8ca2ee-e150-4926-bfd4-42c1f5a95fc5; confidence 0.9470552206039429
ov-0c9fc57f-dc76-45e5-b9cd-07483bce10bf,Fruitful stores,,Makurdi,Makurdi,Benue,shopping,7.73333,8.53333,exact,false,overture,CDLA-Permissive-2.0,Overture 0c9fc57f-dc76-45e5-b9cd-07483bce10bf; confidence 0.039692413061857224
wd-Q130639073,"FSP Clinic,Benue",,Makurdi,Makurdi,Benue,place,7.748158,8.524713,exact,false,wikidata,,Wikidata Q130639073; instance-of: health
wd-Q125471564,Full Gospel Bible Church,,Makurdi,Makurdi,Benue,church,7.724292,8.530615,exact,false,wikidata,,Wikidata Q125471564; instance-of: church building
ov-d8178b8f-ea62-4b01-9a58-a2d4a78be61f,Fun City Sport,,Makurdi,Makurdi,Benue,sport-league,7.73109,8.537475,exact,false,overture,CDLA-Permissive-2.0,Overture d8178b8f-ea62-4b01-9a58-a2d4a78be61f; confidence 0.6038641333580017
ov-f2542ade-4b79-4417-904c-1d62e1176533,G.Elan Fashion house Ltd,,Makurdi,Makurdi,Benue,professional-service,7.72644,8.52609,exact,false,overture,CDLA-Permissive-2.0,Overture f2542ade-4b79-4417-904c-1d62e1176533; confidence 0.4616047739982605; address locality: Abuja
ov-06fd13b2-d199-4872-92a4-0dd91cf1cd92,G.O.G Wash,,Makurdi,Makurdi,Benue,laundry-service,7.723634,8.539921,exact,false,overture,CDLA-Permissive-2.0,Overture 06fd13b2-d199-4872-92a4-0dd91cf1cd92; confidence 0.7992175221443176
gn-makurdi-gaba-ppl-9507366,Gaba,,Makurdi,Makurdi,Benue,village,7.71993,8.48498,exact,false,geonames,CC-BY-4.0,GeoNames feature P.PPL
wd-Q136600995,Gabrose Mobile Market,,Makurdi,Makurdi,Benue,market,7.72234,8.610125,exact,false,wikidata,,Wikidata Q136600995; instance-of: market
gn-makurdi-gamder-ppl-9509166,Gamder,,Makurdi,Makurdi,Benue,village,7.61498,8.44335,exact,false,geonames,CC-BY-4.0,GeoNames feature P.PPL
ov-89947a27-fdd1-44ea-9948-14e4dd7cc768,Gandaria Ventures Limited,,Makurdi,Makurdi,Benue,financial-service,7.72643,8.52608,exact,false,overture,CDLA-Permissive-2.0,Overture 89947a27-fdd1-44ea-9948-14e4dd7cc768; confidence 0.4012050926685333
ov-b4c7f722-f984-409b-a68f-fbd42e39062d,Gandy Hotel,,Makurdi,Makurdi,Benue,hotel,7.768509,8.562759,exact,false,overture,CDLA-Permissive-2.0,Overture b4c7f722-f984-409b-a68f-fbd42e39062d; confidence 0.5876673460006714
ov-47590f4a-2789-469d-97ee-8ef6528511cd,Gatah Hotel,,Makurdi,Makurdi,Benue,hotel,7.730203,8.535298,exact,false,overture,CDLA-Permissive-2.0,Overture 47590f4a-2789-469d-97ee-8ef6528511cd; confidence 0.2979908585548401
gn-makurdi-gausambe-ppl-9507347,Gausambe,,Makurdi,Makurdi,Benue,village,7.71961,8.41437,exact,false,geonames,CC-BY-4.0,GeoNames feature P.PPL
gn-makurdi-gbashima-ppl-2341451,Gbashima,,Makurdi,Makurdi,Benue,village,7.63456,8.55251,exact,false,geonames,CC-BY-4.0,GeoNames feature P.PPL
ov-497015f4-5f84-46f7-9241-54c91d58d655,Gender and Environmental Risk Reduction Initiative,,Makurdi,Makurdi,Benue,social-or-community-service,7.720906,8.526034,exact,false,overture,CDLA-Permissive-2.0,Overture 497015f4-5f84-46f7-9241-54c91d58d655; confidence 0.5487021803855896
wd-Q135421764,General Hospital Oju,,Makurdi,Makurdi,Benue,hospital,7.730556,8.536111,exact,false,wikidata,,Wikidata Q135421764; instance-of: hospital
wd-Q130629610,"General Hospital, North Bank, Makurdi",,Makurdi,Makurdi,Benue,hospital,7.756885,8.544588,exact,false,wikidata,,Wikidata Q130629610; instance-of: hospital
ov-eadca1c5-d9c0-4822-a726-833c9574d6ce,Geoworld Apartments & Suites,,Makurdi,Makurdi,Benue,lodging,7.728701,8.5329,exact,false,overture,CDLA-Permissive-2.0,Overture eadca1c5-d9c0-4822-a726-833c9574d6ce; confidence 0.8297468423843384
ov-27f81896-fbbe-4f93-8ede-b10e85f7bccc,German Floor,,Makurdi,Makurdi,Benue,bar,7.720983,8.535127,exact,false,overture,CDLA-Permissive-2.0,Overture 27f81896-fbbe-4f93-8ede-b10e85f7bccc; confidence 0.6204516887664795
gn-makurdi-gever-ppl-2341220,Gever,,Makurdi,Makurdi,Benue,village,7.81083,8.51304,exact,false,geonames,CC-BY-4.0,GeoNames feature P.PPL
wd-Q136503559,GH-FS PHARMACY LTD,,Makurdi,Makurdi,Benue,place,7.738124,8.515507,exact,false,wikidata,,Wikidata Q136503559; instance-of: pharmacy
ov-66a0e5f5-7518-48ca-b135-8cd590eed2af,Gidan Bege Orphanage Makurdi,,Makurdi,Makurdi,Benue,religious-organization,7.704346,8.535671,exact,false,overture,CDLA-Permissive-2.0,Overture 66a0e5f5-7518-48ca-b135-8cd590eed2af; confidence 0.9203310608863831
gn-makurdi-gide-ppl-9915501,Gide,,Makurdi,Makurdi,Benue,village,7.76931,8.51721,exact,false,geonames,CC-BY-4.0,GeoNames feature P.PPL
ov-e175d240-1a9d-4018-b501-344e981a7b44,Giggs Car Wash,,Makurdi,Makurdi,Benue,automotive-service,7.726412,8.52624,exact,false,overture,CDLA-Permissive-2.0,Overture e175d240-1a9d-4018-b501-344e981a7b44; confidence 0.6644222140312195
ov-16a6f57a-a2fa-47ef-9982-46ae1cb78de1,Gilead Initiative for Sustainable Development-GISD,,Makurdi,Makurdi,Benue,professional-service,7.7287,8.5329,exact,false,overture,CDLA-Permissive-2.0,Overture 16a6f57a-a2fa-47ef-9982-46ae1cb78de1; confidence 0.2624775469303131
ov-8562aaaa-8e22-47e7-b40a-b446efa5ffef,Gilgal Event centre,,Makurdi,Makurdi,Benue,event-or-party-service,7.703057,8.533976,exact,false,overture,CDLA-Permissive-2.0,Overture 8562aaaa-8e22-47e7-b40a-b446efa5ffef; confidence 0.5436150431632996
ov-4e2351eb-390b-4670-b500-dd1281da1159,GistRadar,,Makurdi,Makurdi,Benue,place,7.7287,8.5329,exact,false,overture,CDLA-Permissive-2.0,Overture 4e2351eb-390b-4670-b500-dd1281da1159; confidence 0.08426793664693832
ov-f0e3d9ef-70fc-4e1b-8238-8b1e2c14a319,Gladys market,,Makurdi,Makurdi,Benue,professional-service,7.72763,8.49421,exact,false,overture,CDLA-Permissive-2.0,Overture f0e3d9ef-70fc-4e1b-8238-8b1e2c14a319; confidence 0.16801704466342926
ov-c06036d2-0c4e-4618-9848-cfae3d948301,Glorious Gospel Church HQ,,Makurdi,Makurdi,Benue,christian-place-of-worship,7.75838,8.55177,exact,false,overture,CDLA-Permissive-2.0,Overture c06036d2-0c4e-4618-9848-cfae3d948301; confidence 0.896431028842926
ov-f303ac12-a297-4893-a1f6-48ad2cb292a9,Glory Carriers Ministry a.k.a The Embassy Of Glory,,Makurdi,Makurdi,Benue,religious-organization,7.719691,8.525203,exact,false,overture,CDLA-Permissive-2.0,Overture f303ac12-a297-4893-a1f6-48ad2cb292a9; confidence 0.9668689370155334
wd-Q131362198,"Glory International School, Makurdi",,Makurdi,Makurdi,Benue,school,7.725207,8.49786,exact,false,wikidata,,Wikidata Q131362198; instance-of: school
ov-ab046f35-65ed-459d-8ba1-0ea658f59add,Glory Of His Majesty Apa Branch,,Makurdi,Makurdi,Benue,religious-organization,7.721869,8.546605,exact,false,overture,CDLA-Permissive-2.0,Overture ab046f35-65ed-459d-8ba1-0ea658f59add; confidence 0.5633779764175415
ov-8a788eb5-6afd-49f0-b3d6-060f31f214ce,GloryNation GC,,Makurdi,Makurdi,Benue,religious-organization,7.702363,8.534797,exact,false,overture,CDLA-Permissive-2.0,Overture 8a788eb5-6afd-49f0-b3d6-060f31f214ce; confidence 0.9231841564178467
ov-d781c6af-e6fe-4984-874c-0a4a97bc3cbc,Gloryzone Church Makurdi,,Makurdi,Makurdi,Benue,christian-place-of-worship,7.738,8.50868,exact,false,overture,CDLA-Permissive-2.0,Overture d781c6af-e6fe-4984-874c-0a4a97bc3cbc; confidence 0.6998183727264404
ov-7b0cf545-5336-4943-80bf-b9e9fa744e47,God's light House Mission Int'l,,Makurdi,Makurdi,Benue,religious-organization,7.72223,8.51627,exact,false,overture,CDLA-Permissive-2.0,Overture 7b0cf545-5336-4943-80bf-b9e9fa744e47; confidence 0.5507588982582092
wd-Q125471847,Gods Hour Fire Assembly Inc,,Makurdi,Makurdi,Benue,church,7.724177,8.525365,exact,false,wikidata,,Wikidata Q125471847; instance-of: church building
ov-16a9e209-df03-4209-a372-c82225f16f26,Godslove for Humanity foundation,,Makurdi,Makurdi,Benue,religious-organization,7.7351,8.531899,exact,false,overture,CDLA-Permissive-2.0,Overture 16a9e209-df03-4209-a372-c82225f16f26; confidence 0.5538651347160339
ov-463648ac-5e5c-4ec1-968c-cce3c07782f9,GOFA Services,,Makurdi,Makurdi,Benue,corporate-or-business-office,7.72116,8.570513,exact,false,overture,CDLA-Permissive-2.0,Overture 463648ac-5e5c-4ec1-968c-cce3c07782f9; confidence 0.633828341960907
wd-Q136768544,Golden Heritage Kids Int'l Academy,,Makurdi,Makurdi,Benue,school,7.746789,8.551212,exact,false,wikidata,,Wikidata Q136768544; instance-of: school
ov-b1f20a72-fa88-407b-a2b4-145b85a82785,Golden Mandate Creativity schools,,Makurdi,Makurdi,Benue,social-or-community-service,7.740574,8.513452,exact,false,overture,CDLA-Permissive-2.0,Overture b1f20a72-fa88-407b-a2b4-145b85a82785; confidence 0.5472019910812378
wd-Q131298281,Golden Plate Restaurant,Golden Plate Restaurant MAKURDI,Makurdi,Makurdi,Benue,place,7.72329,8.538186,exact,false,overture|wikidata,CDLA-Permissive-2.0,Wikidata Q131298281; instance-of: restaurant; Wikidata Q136825357; instance-of: restaurant; Overture 12a92218-3bb3-426f-9f36-8ba7afa77a30; confidence 0.5062166452407837
ov-9afa6935-adee-4f19-a066-e81550bba6a3,Gomson communication,,Makurdi,Makurdi,Benue,professional-service,7.726511,8.541134,exact,false,overture,CDLA-Permissive-2.0,Overture 9afa6935-adee-4f19-a066-e81550bba6a3; confidence 0.5235834121704102
wd-Q136503561,GOMSON PHARMACY LTD I,,Makurdi,Makurdi,Benue,place,7.728041,8.541844,exact,false,wikidata,,Wikidata Q136503561; instance-of: pharmacy
ov-dd2cc51e-28b3-44c7-a926-45bbb7e700cc,Good Health Living Environmental Foundation,,Makurdi,Makurdi,Benue,social-or-community-service,7.75,8.55,exact,false,overture,CDLA-Permissive-2.0,Overture dd2cc51e-28b3-44c7-a926-45bbb7e700cc; confidence 0.5719980597496033
ov-0e115d57-5b82-4ccf-8ebb-efac8506b44e,Good Shepherd Catholic Chaplaincy,,Makurdi,Makurdi,Benue,christian-place-of-worship,7.725249,8.557681,exact,false,overture,CDLA-Permissive-2.0,Overture 0e115d57-5b82-4ccf-8ebb-efac8506b44e; confidence 0.5563740730285645
wd-Q136749999,Good Shepherd science academy Kyado,,Makurdi,Makurdi,Benue,school,7.73789,8.541223,exact,false,wikidata,,Wikidata Q136749999; instance-of: school
ov-f6b1223e-94cb-4670-887f-fd4b3ca005e0,Good Works Glocal Mission,,Makurdi,Makurdi,Benue,christian-place-of-worship,7.73783,8.51087,exact,false,overture,CDLA-Permissive-2.0,Overture f6b1223e-94cb-4670-887f-fd4b3ca005e0; confidence 0.5330964922904968
ov-ccc4d905-3304-437c-adf8-a06faaddc719,GoodLife Company Holdings Limited,,Makurdi,Makurdi,Benue,restaurant,7.72644,8.52609,exact,false,overture,CDLA-Permissive-2.0,Overture ccc4d905-3304-437c-adf8-a06faaddc719; confidence 0.7694660425186157
wd-Q136626158,Goodnews Schools in Benue state,,Makurdi,Makurdi,Benue,place,7.811938,8.548656,exact,false,wikidata,,Wikidata Q136626158; instance-of: educational institution
wd-Q131360691,"Goonews Schools, Makurdi",,Makurdi,Makurdi,Benue,school,7.749921,8.54733,exact,false,wikidata,,Wikidata Q131360691; instance-of: school
ov-530293c5-2de6-4ef8-b116-f83e66fb25b5,Gordon Plaza Hotel,,Makurdi,Makurdi,Benue,hotel,7.733573,8.536935,exact,false,overture,CDLA-Permissive-2.0,Overture 530293c5-2de6-4ef8-b116-f83e66fb25b5; confidence 0.6673260927200317
ov-98081f1d-b8df-4d01-9bac-75b1b5ab0aa8,Gospel Pioneers Embassy,,Makurdi,Makurdi,Benue,religious-organization,7.72763,8.49421,exact,false,overture,CDLA-Permissive-2.0,Overture 98081f1d-b8df-4d01-9bac-75b1b5ab0aa8; confidence 0.5412984490394592
ov-a355ac0f-de55-447e-81ab-d5d334f8dde8,GOSPEl-LIFT INT'L,,Makurdi,Makurdi,Benue,religious-organization,7.7306,8.5361,exact,false,overture,CDLA-Permissive-2.0,Overture a355ac0f-de55-447e-81ab-d5d334f8dde8; confidence 0.9467306137084961; address locality: Abakaliki
ov-156c4a3d-c098-49fa-9491-074d2881eed8,Gotop Pharmacy,,Makurdi,Makurdi,Benue,pharmacy-and-drug-store,7.671074,8.534972,exact,false,overture,CDLA-Permissive-2.0,Overture 156c4a3d-c098-49fa-9491-074d2881eed8; confidence 0.654707670211792; address locality: Markurdi
ov-84a14217-d21a-4837-864b-3852cab27d1f,Government College Makurdi,,Makurdi,Makurdi,Benue,college-university,7.722939,8.551816,exact,false,overture,CDLA-Permissive-2.0,Overture 84a14217-d21a-4837-864b-3852cab27d1f; confidence 0.6433775424957275
ov-f3b864b4-3936-4321-b7b1-c06f621f00ef,"Government College Makurdi, Special School",,Makurdi,Makurdi,Benue,place-of-learning,7.73143,8.52099,exact,false,overture,CDLA-Permissive-2.0,Overture f3b864b4-3936-4321-b7b1-c06f621f00ef; confidence 0.8856748342514038
ov-e9114033-230a-4fec-bef5-35a8cb1bab3a,"Government Day Secondary School Aliade, Benue State.",,Makurdi,Makurdi,Benue,research-institute,7.72644,8.52609,exact,false,overture,CDLA-Permissive-2.0,Overture e9114033-230a-4fec-bef5-35a8cb1bab3a; confidence 0.9124116897583008
wd-Q131360845,"Government Girls College, Makurdi",Government Girls College Makurdi,Makurdi,Makurdi,Benue,school,7.740949,8.518449,exact,false,overture|wikidata,CDLA-Permissive-2.0,Wikidata Q131360845; instance-of: school; Overture 40f7205a-b0ff-40d4-b122-39235b80e6c4; confidence 0.6744930744171143
ng-benue-makurdi-government-house,Government House Makurdi,Benue Government House|Government House,Makurdi,Makurdi,Benue,government,7.735,8.528,approximate,false,curated|overture,CDLA-Permissive-2.0|project-owned,Draft; coords approximate; Overture ac950a32-011b-4ba3-af24-9051395b4b16; confidence 0.7211987376213074
wd-Q131361336,"Government Model Secondary School, Makurdi",,Makurdi,Makurdi,Benue,school,7.707957,8.533419,exact,false,wikidata,,Wikidata Q131361336; instance-of: school
ov-97438cbe-3214-4bb0-8838-7b39b3a1825f,Government of Benue State,,Makurdi,Makurdi,Benue,event-or-party-service,7.738693,8.530173,exact,false,overture,CDLA-Permissive-2.0,Overture 97438cbe-3214-4bb0-8838-7b39b3a1825f; confidence 0.5219570994377136
wd-Q131361074,"Government Secondary School, Makurdi, Benue State",,Makurdi,Makurdi,Benue,school,7.728637,8.519143,exact,false,wikidata,,Wikidata Q131361074; instance-of: school
ov-703a631e-3e4a-48e9-baf4-55f9d7ae3343,government technical college MAKURDI,,Makurdi,Makurdi,Benue,college-university,7.71721,8.594491,exact,false,overture,CDLA-Permissive-2.0,Overture 703a631e-3e4a-48e9-baf4-55f9d7ae3343; confidence 0.5396920442581177
ov-51cb4d9b-c349-4d74-9e8f-bf73cf6827bb,Grace and Truth Worship Center,,Makurdi,Makurdi,Benue,religious-organization,7.69547,8.534451,exact,false,overture,CDLA-Permissive-2.0,Overture 51cb4d9b-c349-4d74-9e8f-bf73cf6827bb; confidence 0.583257257938385
wd-Q130627442,"Grace Cottage Hospital, Makurdi",,Makurdi,Makurdi,Benue,hospital,7.725307,8.524169,exact,false,wikidata,,Wikidata Q130627442; instance-of: hospital
ov-00c1c4ba-b1eb-4d44-938e-9308f49cdfc4,Grace Kingdom Christian Church,,Makurdi,Makurdi,Benue,christian-place-of-worship,7.72644,8.52609,exact,false,overture,CDLA-Permissive-2.0,Overture 00c1c4ba-b1eb-4d44-938e-9308f49cdfc4; confidence 0.72700434923172
ov-c9a06445-2e5d-4aca-91d9-919e4acd97b6,Grace Life Believers Assembly - GLBA Makurdi,,Makurdi,Makurdi,Benue,religious-organization,7.724676,8.528399,exact,false,overture,CDLA-Permissive-2.0,Overture c9a06445-2e5d-4aca-91d9-919e4acd97b6; confidence 0.6816861629486084
wd-Q136785615,Grace of God Kids Academy,,Makurdi,Makurdi,Benue,school,7.722652,8.523806,exact,false,wikidata,,Wikidata Q136785615; instance-of: school
wd-Q131361645,"Grace Path Nursery & Primary Schools, Makurdi",,Makurdi,Makurdi,Benue,school,7.7189,8.538302,exact,false,wikidata,,Wikidata Q131361645; instance-of: school
ov-c0fc22a1-9d0d-4c43-ae95-d75dd49c838a,GracePath Schools,,Makurdi,Makurdi,Benue,education,7.706673,8.523399,exact,false,overture,CDLA-Permissive-2.0,Overture c0fc22a1-9d0d-4c43-ae95-d75dd49c838a; confidence 0.8961455821990967
wd-Q136733757,Gracia Domini College Aliade,,Makurdi,Makurdi,Benue,school,7.736789,8.540112,exact,false,wikidata,,Wikidata Q136733757; instance-of: school
wd-Q131360831,"Grams Schools, Makurdi",,Makurdi,Makurdi,Benue,school,7.710688,8.500694,exact,false,wikidata,,Wikidata Q131360831; instance-of: school
ov-44d241b4-01d8-4862-a2cc-28e0c8dff2b0,Grand CWJ Stores,,Makurdi,Makurdi,Benue,fashion-and-apparel-store,7.737706,8.511807,exact,false,overture,CDLA-Permissive-2.0,Overture 44d241b4-01d8-4862-a2cc-28e0c8dff2b0; confidence 0.719697117805481
ov-f63ac552-6217-4364-a281-64f519a5d52a,Grapes,,Makurdi,Makurdi,Benue,food-and-beverage-store,7.713203,8.517752,exact,false,overture,CDLA-Permissive-2.0,Overture f63ac552-6217-4364-a281-64f519a5d52a; confidence 0.7454424500465393
wd-Q131360886,"Great Star Academy, Makurdi",,Makurdi,Makurdi,Benue,school,7.74085,8.503771,exact,false,wikidata,,Wikidata Q131360886; instance-of: school
ov-d3c22ba0-52fc-433c-baeb-e41c99b10463,"Green Garden international academy,Makurdi",,Makurdi,Makurdi,Benue,place-of-learning,7.72513,8.49903,exact,false,overture,CDLA-Permissive-2.0,Overture d3c22ba0-52fc-433c-baeb-e41c99b10463; confidence 0.6509510278701782
ov-5d97fc86-7800-4786-bbf0-679acbc90065,Greenseed Hotel Limited,,Makurdi,Makurdi,Benue,hotel,7.715063,8.514314,exact,false,overture,CDLA-Permissive-2.0,Overture 5d97fc86-7800-4786-bbf0-679acbc90065; confidence 0.29270076751708984
ov-bd82b068-4c5a-4928-ba4c-bad74c0c8ef4,Greg ICT HUB,,Makurdi,Makurdi,Benue,specialty-school,7.73572,8.524187,exact,false,overture,CDLA-Permissive-2.0,Overture bd82b068-4c5a-4928-ba4c-bad74c0c8ef4; confidence 0.9459777474403381
ov-b716c822-639a-4868-b683-fdf238a78272,"GST Computers, Fisheries and Stores",,Makurdi,Makurdi,Benue,cafe,7.709204,8.553082,exact,false,overture,CDLA-Permissive-2.0,Overture b716c822-639a-4868-b683-fdf238a78272; confidence 0.44548168778419495
ov-344483d6-f334-4152-958d-098f9c2ec7d9,"Gungul Memorial College, Gungul",,Makurdi,Makurdi,Benue,place-of-learning,7.730122,8.526951,exact,false,overture,CDLA-Permissive-2.0,Overture 344483d6-f334-4152-958d-098f9c2ec7d9; confidence 0.6068242788314819
ov-8b503c19-e638-4795-bc8c-c77328e5e194,Gwalina Suite,,Makurdi,Makurdi,Benue,hotel,7.724499,8.528317,exact,false,overture,CDLA-Permissive-2.0,Overture 8b503c19-e638-4795-bc8c-c77328e5e194; confidence 0.37118470668792725
gn-makurdi-gyarkpa-ppl-9509092,Gyarkpa,,Makurdi,Makurdi,Benue,village,7.62814,8.47883,exact,false,geonames,CC-BY-4.0,GeoNames feature P.PPL
gn-makurdi-gye-gwe-adinya-ppl-2339649,Gye Gwe Adinya,,Makurdi,Makurdi,Benue,village,7.64837,8.64082,exact,false,geonames,CC-BY-4.0,GeoNames feature P.PPL
ov-71e2ce1d-926f-4b3c-a316-ae6fbe92ff7d,Habitat Integrated Services,,Makurdi,Makurdi,Benue,home-service,7.7306,8.5361,exact,false,overture,CDLA-Permissive-2.0,Overture 71e2ce1d-926f-4b3c-a316-ae6fbe92ff7d; confidence 0.5808313488960266
ov-c42539ba-8c64-4b0f-83a0-1e27aca4772a,HairbyPresh_verified,,Makurdi,Makurdi,Benue,personal-or-beauty-service,7.724633,8.526868,exact,false,overture,CDLA-Permissive-2.0,Overture c42539ba-8c64-4b0f-83a0-1e27aca4772a; confidence 0.1922345906496048
ov-f3e4e0c0-574f-4b79-8d6d-8d4264f316e2,Hairriffic Salon,,Makurdi,Makurdi,Benue,personal-or-beauty-service,7.721394,8.535445,exact,false,overture,CDLA-Permissive-2.0,Overture f3e4e0c0-574f-4b79-8d6d-8d4264f316e2; confidence 0.8839340209960938
ov-f33bb951-de0b-41df-ad0c-90de7d2ad147,"Hallydays Hotel & Resort, Makurdi-Benue State, Nigeria",,Makurdi,Makurdi,Benue,hotel,7.72644,8.52609,exact,false,overture,CDLA-Permissive-2.0,Overture f33bb951-de0b-41df-ad0c-90de7d2ad147; confidence 0.9163464307785034
ov-4df7208e-1218-4f9c-91ac-32eb3c8758bd,Hallydays Hotel and Resort,,Makurdi,Makurdi,Benue,hotel,7.714598,8.508559,exact,false,overture,CDLA-Permissive-2.0,Overture 4df7208e-1218-4f9c-91ac-32eb3c8758bd; confidence 0.7434887290000916
ng-benue-makurdi-hange,Hange,Hange District,Makurdi,Makurdi,Benue,district,7.7136,8.5839,approximate,false,curated,project-owned,Draft; district in NE Makurdi on the Gboko Rd corridor; coords approximate; verify
ov-8f3f5976-c620-4b49-bdb5-8418154fdfae,Harvest Hour Ministry,,Makurdi,Makurdi,Benue,christian-place-of-worship,7.701085,8.574476,exact,false,overture,CDLA-Permissive-2.0,Overture 8f3f5976-c620-4b49-bdb5-8418154fdfae; confidence 0.9076895117759705; address locality: Markurdi
wd-Q136503582,HAVRON PHARMACY LTD 1 ATOM  ROAD MKD,,Makurdi,Makurdi,Benue,place,7.74365,8.508442,exact,false,wikidata,,Wikidata Q136503582; instance-of: pharmacy
wd-Q136503591,HAVRON PHARMACY LTD II,,Makurdi,Makurdi,Benue,place,7.743655,8.508447,exact,false,wikidata,,Wikidata Q136503591; instance-of: pharmacy
ov-2aac9dce-3702-45f1-bbea-4dc84b08e31e,"He Reigns Ministries, Makurdi",,Makurdi,Makurdi,Benue,social-or-community-service,7.718642,8.533824,exact,false,overture,CDLA-Permissive-2.0,Overture 2aac9dce-3702-45f1-bbea-4dc84b08e31e; confidence 0.8090590238571167
wd-Q131361198,"He Reigns Schools, Makurdi",,Makurdi,Makurdi,Benue,school,7.735548,8.50894,exact,false,wikidata,,Wikidata Q131361198; instance-of: school
ov-bb12580d-0628-4c6c-927e-ca344eab8f52,Healthcare Administrators Association of Nigeria,,Makurdi,Makurdi,Benue,civic-organization,7.714418,8.518271,exact,false,overture,CDLA-Permissive-2.0,Overture bb12580d-0628-4c6c-927e-ca344eab8f52; confidence 0.558523416519165
ov-6950fdb1-bd57-4329-a12a-66e2a075885f,"Healthy Ways Kitchen, Grills and Bar",,Makurdi,Makurdi,Benue,restaurant,7.728825,8.532811,exact,false,overture,CDLA-Permissive-2.0,Overture 6950fdb1-bd57-4329-a12a-66e2a075885f; confidence 0.682710587978363
ov-f30a126c-79ee-4c0e-a0b0-7ffd48d31abb,Healthyways Gym and Spa,,Makurdi,Makurdi,Benue,gym,7.729095,8.532571,exact,false,overture,CDLA-Permissive-2.0,Overture f30a126c-79ee-4c0e-a0b0-7ffd48d31abb; confidence 0.9728127121925354
ov-1a300aab-4b8d-4e8d-a242-2767db980f27,Heaven Embassy:Kengkeng Kennedy,,Makurdi,Makurdi,Benue,christian-place-of-worship,7.729919,8.532786,exact,false,overture,CDLA-Permissive-2.0,Overture 1a300aab-4b8d-4e8d-a242-2767db980f27; confidence 0.6805802583694458
gn-makurdi-hembe-ppl-2339521,Hembe,,Makurdi,Makurdi,Benue,village,7.66543,8.56882,exact,false,geonames,CC-BY-4.0,GeoNames feature P.PPL
wd-Q130628956,"Hemko Hospital, Makurdi",,Makurdi,Makurdi,Benue,hospital,7.681113,8.534956,exact,false,wikidata,,Wikidata Q130628956; instance-of: hospital
wd-Q130633274,"Hemko Hospital,Benue",,Makurdi,Makurdi,Benue,place,7.72,8.532761,exact,false,wikidata,,Wikidata Q130633274; instance-of: health
gn-makurdi-hench-ppl-9507362,Hench,,Makurdi,Makurdi,Benue,village,7.72848,8.48674,exact,false,geonames,CC-BY-4.0,GeoNames feature P.PPL
wd-Q131360978,"Heritage Creativity Schools, Makurdi",,Makurdi,Makurdi,Benue,school,7.761225,8.557495,exact,false,wikidata,,Wikidata Q131360978; instance-of: school
ov-dac487fc-fb34-44ec-8a83-53528cd64bab,Heritage Resorts & Gardens,,Makurdi,Makurdi,Benue,hotel,7.765578,8.621162,exact,false,overture,CDLA-Permissive-2.0,Overture dac487fc-fb34-44ec-8a83-53528cd64bab; confidence 0.8261318206787109
ov-5f1c399a-baa2-46ee-9920-b6753aa561ac,Hideva Idea School,,Makurdi,Makurdi,Benue,place-of-learning,7.706567,8.536066,exact,false,overture,CDLA-Permissive-2.0,Overture 5f1c399a-baa2-46ee-9920-b6753aa561ac; confidence 0.47848257422447205
ng-benue-makurdi-high-level,High Level,Highlevel|High Level Makurdi,Makurdi,Makurdi,Benue,district,7.74,8.517,approximate,false,curated,project-owned,Draft. Area NW of town centre; coords approximate
ov-3821738c-43ba-4157-9b92-54167ca7243c,High Level Church of Christ Makurdi,,Makurdi,Makurdi,Benue,christian-place-of-worship,7.7306,8.5361,exact,false,overture,CDLA-Permissive-2.0,Overture 3821738c-43ba-4157-9b92-54167ca7243c; confidence 0.8933125734329224
wd-Q130553552,"High Level Market, Makurdi, Benue",,Makurdi,Makurdi,Benue,market,7.718121,8.527537,exact,false,wikidata,,Wikidata Q130553552; instance-of: marketplace
ov-eb2e2c9e-3477-4337-8fe7-76e9c2e4091f,Holy Child Secondary School Makurdi,,Makurdi,Makurdi,Benue,high-school,7.717732,8.507258,exact,false,overture,CDLA-Permissive-2.0,Overture eb2e2c9e-3477-4337-8fe7-76e9c2e4091f; confidence 0.7085959315299988
ov-f040bf0e-c879-475c-91d3-bcaae587b720,holy family catholic church,,Makurdi,Makurdi,Benue,christian-place-of-worship,7.683241,8.534754,exact,false,overture,CDLA-Permissive-2.0,Overture f040bf0e-c879-475c-91d3-bcaae587b720; confidence 0.7185642123222351; address locality: Kanshio
ov-b36f3b66-66e5-423a-b8e2-84306c81e2a2,Holy Family Primary School,,Makurdi,Makurdi,Benue,elementary-school,7.706568,8.53343,exact,false,overture,CDLA-Permissive-2.0,Overture b36f3b66-66e5-423a-b8e2-84306c81e2a2; confidence 0.6725676655769348
ov-e23bab6e-f783-4f84-8561-6cbafcb8bc38,Holy Family Quasi-Parish Kighir,,Makurdi,Makurdi,Benue,christian-place-of-worship,7.700222,8.503845,exact,false,overture,CDLA-Permissive-2.0,Overture e23bab6e-f783-4f84-8561-6cbafcb8bc38; confidence 0.7399375438690186
ov-5460bbd8-00cb-4e5e-ac0d-4e98c6fd9d7b,Holy Ghost Cathedral,,Makurdi,Makurdi,Benue,christian-place-of-worship,7.740379,8.516822,exact,false,overture,CDLA-Permissive-2.0,Overture 5460bbd8-00cb-4e5e-ac0d-4e98c6fd9d7b; confidence 0.5478271245956421
wd-Q131361638,"Holy Ghost Primary School, Makurdi",,Makurdi,Makurdi,Benue,school,7.739487,8.517566,exact,false,wikidata,,Wikidata Q131361638; instance-of: school
ov-93475125-5a47-4a44-88e2-1fc771d7dce0,Holy Trinity Specialist Hospital,,Makurdi,Makurdi,Benue,hospital,7.701096,8.516078,exact,false,overture,CDLA-Permissive-2.0,Overture 93475125-5a47-4a44-88e2-1fc771d7dce0; confidence 0.5863848328590393
ov-f330f6d0-9918-4bd0-8e37-ddca6ae5cda9,"Holyghost Catholic Church ,Makurdi .",,Makurdi,Makurdi,Benue,christian-place-of-worship,7.739826,8.515855,exact,false,overture,CDLA-Permissive-2.0,Overture f330f6d0-9918-4bd0-8e37-ddca6ae5cda9; confidence 0.9053964614868164
ov-627ead0c-ad2c-437a-b3b3-8cbdffbb7402,HomeZone Arena,,Makurdi,Makurdi,Benue,sport-or-fitness-facility,7.71592,8.52927,exact,false,overture,CDLA-Permissive-2.0,Overture 627ead0c-ad2c-437a-b3b3-8cbdffbb7402; confidence 0.44311797618865967
gn-makurdi-honge-ppl-9507379,Honge,,Makurdi,Makurdi,Benue,village,7.70059,8.49588,exact,false,geonames,CC-BY-4.0,GeoNames feature P.PPL
wd-Q130621858,"Hope Hospital, Makurdi",,Makurdi,Makurdi,Benue,hospital,7.743337,8.508401,exact,false,wikidata,,Wikidata Q130621858; instance-of: hospital
ov-20d3421e-157b-4327-ac6a-6458b18f0260,HOPE Ministries,,Makurdi,Makurdi,Benue,religious-organization,7.74201,8.53607,exact,false,overture,CDLA-Permissive-2.0,Overture 20d3421e-157b-4327-ac6a-6458b18f0260; confidence 0.5203220844268799
wd-Q125471638,"HOPE OF GLORY CHURCH, CHURCH OF THE FIRST BORN",,Makurdi,Makurdi,Benue,church,7.72476,8.549933,exact,false,wikidata,,Wikidata Q125471638; instance-of: church building
wd-Q125471594,Hopealive christian assembly,,Makurdi,Makurdi,Benue,church,7.719718,8.509588,exact,false,wikidata,,Wikidata Q125471594; instance-of: church building
ov-53ecfc97-7b4e-44de-b0d1-c36e6ed0b348,Hophena Hub Consult.,,Makurdi,Makurdi,Benue,education,7.740574,8.513452,exact,false,overture,CDLA-Permissive-2.0,Overture 53ecfc97-7b4e-44de-b0d1-c36e6ed0b348; confidence 0.5246687531471252
ov-6fc2c72c-5f3e-472d-98b5-79fe7edb0a7b,Hospital Health Care Service Compact,,Makurdi,Makurdi,Benue,hospital,7.71012,8.52689,exact,false,overture,CDLA-Permissive-2.0,Overture 6fc2c72c-5f3e-472d-98b5-79fe7edb0a7b; confidence 0.5618845224380493
wd-Q130622301,"Hospital of Immaculate Conception, Makurdi",,Makurdi,Makurdi,Benue,hospital,7.718631,8.51958,exact,false,wikidata,,Wikidata Q130622301; instance-of: hospital
ov-f3901ef1-9800-4b8b-8f08-198080bc25f5,Hotel Bobec,,Makurdi,Makurdi,Benue,hotel,7.699203,8.534127,exact,false,overture,CDLA-Permissive-2.0,Overture f3901ef1-9800-4b8b-8f08-198080bc25f5; confidence 0.6363469362258911
ov-78293514-564a-45e2-807e-9c9e8e00b0b8,Hotel Reuphina,,Makurdi,Makurdi,Benue,hotel,7.728032,8.53276,exact,false,overture,CDLA-Permissive-2.0,Overture 78293514-564a-45e2-807e-9c9e8e00b0b8; confidence 0.764409065246582
ov-3cc6a4c4-7674-4741-9309-5738e4b42afd,Hotspot Cafe,,Makurdi,Makurdi,Benue,cafe,7.719967,8.531703,exact,false,overture,CDLA-Permissive-2.0,Overture 3cc6a4c4-7674-4741-9309-5738e4b42afd; confidence 0.8234733939170837
ov-b116c4e3-4105-42f7-a171-c48bc526fc09,HOUSE of MERCY INT'L,,Makurdi,Makurdi,Benue,religious-organization,7.723388,8.544355,exact,false,overture,CDLA-Permissive-2.0,Overture b116c4e3-4105-42f7-a171-c48bc526fc09; confidence 0.8708915710449219
ov-13c1668a-02bb-4be6-86e4-8fb0a6a5ff04,"House On The Rock, Makurdi",,Makurdi,Makurdi,Benue,religious-organization,7.686162,8.540859,exact,false,overture,CDLA-Permissive-2.0,Overture 13c1668a-02bb-4be6-86e4-8fb0a6a5ff04; confidence 0.8722572922706604
ov-e434e6c2-26f7-4eb8-ab47-5ff7ec9ce35a,Household of Faith Int'l Christian Centre Inc. Makurdi,,Makurdi,Makurdi,Benue,religious-organization,7.715517,8.543623,exact,false,overture,CDLA-Permissive-2.0,Overture e434e6c2-26f7-4eb8-ab47-5ff7ec9ce35a; confidence 0.9566594362258911
ov-997c4130-dd19-4294-891e-8e057ccb5114,Hub 17 Innovation Space,,Makurdi,Makurdi,Benue,place,7.7287,8.5329,exact,false,overture,CDLA-Permissive-2.0,Overture 997c4130-dd19-4294-891e-8e057ccb5114; confidence 0.555356502532959
ov-c2a152fc-4694-4dc1-8f34-76760aacbddb,HUP Benue,,Makurdi,Makurdi,Benue,government-office,7.716701,8.520048,exact,false,overture,CDLA-Permissive-2.0,Overture c2a152fc-4694-4dc1-8f34-76760aacbddb; confidence 0.5607616305351257
gn-makurdi-hyohemba-ppl-6852812,Hyohemba,,Makurdi,Makurdi,Benue,village,7.71624,8.41214,exact,false,geonames,CC-BY-4.0,GeoNames feature P.PPL
ov-a724d4fc-e98b-4bb7-a72b-e3b374d8bc2a,IBB Square,,Makurdi,Makurdi,Benue,arts-and-entertainment,7.715425,8.525692,exact,false,overture,CDLA-Permissive-2.0,Overture a724d4fc-e98b-4bb7-a72b-e3b374d8bc2a; confidence 0.6249889731407166
gn-makurdi-iber-ppl-6852803,Iber,,Makurdi,Makurdi,Benue,village,7.71074,8.49668,exact,false,geonames,CC-BY-4.0,GeoNames feature P.PPL
gn-makurdi-ibuor-ppl-9507360,Ibuor,,Makurdi,Makurdi,Benue,village,7.73201,8.48369,exact,false,geonames,CC-BY-4.0,GeoNames feature P.PPL
ov-e4f20dc8-9c25-48ac-aeeb-bf47ee99cc23,"Ichama, Okpokwu LGA, Benue State",,Makurdi,Makurdi,Benue,place,7.72763,8.49421,exact,false,overture,CDLA-Permissive-2.0,Overture e4f20dc8-9c25-48ac-aeeb-bf47ee99cc23; confidence 0.62730872631073
ov-d3dd1250-da03-444b-a284-b773c761c468,Icom Mega Communications,,Makurdi,Makurdi,Benue,electronics-store,7.723537,8.534685,exact,false,overture,CDLA-Permissive-2.0,Overture d3dd1250-da03-444b-a284-b773c761c468; confidence 0.9550842642784119
gn-makurdi-iganden-ppl-6852696,Iganden,,Makurdi,Makurdi,Benue,village,7.6285,8.42973,exact,false,geonames,CC-BY-4.0,GeoNames feature P.PPL
wd-Q136503609,IGE PHARMACY LTD,,Makurdi,Makurdi,Benue,place,7.725055,8.53724,exact,false,wikidata,,Wikidata Q136503609; instance-of: pharmacy
wd-Q136824559,Ignite By Pause Cafe,,Makurdi,Makurdi,Benue,place,7.720583,8.521423,exact,false,wikidata,,Wikidata Q136824559; instance-of: restaurant
gn-makurdi-igo-ppl-9508907,Igo,,Makurdi,Makurdi,Benue,village,7.67469,8.45841,exact,false,geonames,CC-BY-4.0,GeoNames feature P.PPL
gn-makurdi-ihyev-ppl-2338468,Ihyev,,Makurdi,Makurdi,Benue,village,7.84123,8.52273,exact,false,geonames,CC-BY-4.0,GeoNames feature P.PPL
ov-4a1881c9-e154-4e09-b9df-f495c9c8e0ad,Ijaha Ikobi,,Makurdi,Makurdi,Benue,hardware-home-and-garden-store,7.74179,8.50819,exact,false,overture,CDLA-Permissive-2.0,Overture 4a1881c9-e154-4e09-b9df-f495c9c8e0ad; confidence 0.5750224590301514
gn-makurdi-ikpaam-ppl-2337877,Ikpaam,,Makurdi,Makurdi,Benue,village,7.7634,8.57829,exact,false,geonames,CC-BY-4.0,GeoNames feature P.PPL
wd-Q125470267,IMMANUEL WORSHIP CENTRE,,Makurdi,Makurdi,Benue,church,7.753481,8.553197,exact,false,wikidata,,Wikidata Q125470267; instance-of: church building
ov-71166efc-6458-40e6-937b-a03d2cea5e0c,Indelible Lounge,,Makurdi,Makurdi,Benue,dance-club,7.744818,8.523111,exact,false,overture,CDLA-Permissive-2.0,Overture 71166efc-6458-40e6-937b-a03d2cea5e0c; confidence 0.5491865873336792
ov-83129471-1b32-493b-a482-ae3283fcb266,Industrial Training Fund Makurdi Area Office,,Makurdi,Makurdi,Benue,government-office,7.7194,8.546246,exact,false,overture,CDLA-Permissive-2.0,Overture 83129471-1b32-493b-a482-ae3283fcb266; confidence 0.6366631388664246
ov-836021a1-91c9-4f8a-9c6c-3b1d8df22898,Initiative for Civic Values and Good Governance,,Makurdi,Makurdi,Benue,civic-organization,7.721028,8.544446,exact,false,overture,CDLA-Permissive-2.0,Overture 836021a1-91c9-4f8a-9c6c-3b1d8df22898; confidence 0.6195858716964722
ov-82bd5089-ed93-4c57-9673-98cce2ae627d,Inmee Studios,,Makurdi,Makurdi,Benue,professional-service,7.721317,8.531638,exact,false,overture,CDLA-Permissive-2.0,Overture 82bd5089-ed93-4c57-9673-98cce2ae627d; confidence 0.3865562677383423
ov-87703d4d-7fd9-49ed-97a1-1986d83dbbf8,InsideOut Entertainment,,Makurdi,Makurdi,Benue,movie-theater,7.702118,8.545285,exact,false,overture,CDLA-Permissive-2.0,Overture 87703d4d-7fd9-49ed-97a1-1986d83dbbf8; confidence 0.5799894332885742
ov-4a6ef117-26b3-4647-a4e9-88c7e1719437,Institute of Political Administration and Management,,Makurdi,Makurdi,Benue,education,7.708421,8.536151,exact,false,overture,CDLA-Permissive-2.0,Overture 4a6ef117-26b3-4647-a4e9-88c7e1719437; confidence 0.8732174634933472
ov-4516f1b0-3085-4c37-b751-7ed6be0a1c32,"Institute of Procurement, Environmental and Social Standards",,Makurdi,Makurdi,Benue,government-office,7.765578,8.621162,exact,false,overture,CDLA-Permissive-2.0,Overture 4516f1b0-3085-4c37-b751-7ed6be0a1c32; confidence 0.6197369694709778
ov-3ca14d33-892f-42d5-b8f5-901c2f8a93cf,Integrated Education Service Nursery and Primary,,Makurdi,Makurdi,Benue,elementary-school,7.69857,8.549479,exact,false,overture,CDLA-Permissive-2.0,Overture 3ca14d33-892f-42d5-b8f5-901c2f8a93cf; confidence 0.5487155914306641
ov-032a323c-603f-48c3-ab9d-c7cb6264ab80,Intercontinental College of Technology,,Makurdi,Makurdi,Benue,college-university,7.712475,8.542802,exact,false,overture,CDLA-Permissive-2.0,Overture 032a323c-603f-48c3-ab9d-c7cb6264ab80; confidence 0.9195899367332458
ov-6c642c8d-13b2-42de-b152-7d6be9b41d26,Intimacy Network International,,Makurdi,Makurdi,Benue,religious-organization,7.760491,8.565517,exact,false,overture,CDLA-Permissive-2.0,Overture 6c642c8d-13b2-42de-b152-7d6be9b41d26; confidence 0.6069658398628235
gn-makurdi-ior-ppl-9507353,Ior,,Makurdi,Makurdi,Benue,village,7.70858,8.43846,exact,false,geonames,CC-BY-4.0,GeoNames feature P.PPL
wd-Q136750020,Iorgema Vershima,,Makurdi,Makurdi,Benue,school,7.738901,8.542334,exact,false,wikidata,,Wikidata Q136750020; instance-of: school
ov-5adab9c5-511c-4ed5-b6b9-04f592ce18d7,Isaac Adah Photography Studio,,Makurdi,Makurdi,Benue,professional-service,7.741683,8.508039,exact,false,overture,CDLA-Permissive-2.0,Overture 5adab9c5-511c-4ed5-b6b9-04f592ce18d7; confidence 0.62900310754776
ov-d5861762-3df6-4351-9bec-0fa8eccab47a,ITODO International in Collaboration with Sekinat City Cyber Cafe. Kaduna,,Makurdi,Makurdi,Benue,education,7.75,8.55,exact,false,overture,CDLA-Permissive-2.0,Overture d5861762-3df6-4351-9bec-0fa8eccab47a; confidence 0.5522710084915161
gn-makurdi-iwa-ppl-6852804,Iwa,,Makurdi,Makurdi,Benue,village,7.71062,8.43887,exact,false,geonames,CC-BY-4.0,GeoNames feature P.PPL
gn-makurdi-iyaragega-ppl-9507349,Iyaragega,,Makurdi,Makurdi,Benue,village,7.70795,8.40361,exact,false,geonames,CC-BY-4.0,GeoNames feature P.PPL
wd-Q107020061,"Iyorchia Ayu Road, Makurdi",,Makurdi,Makurdi,Benue,place,7.726425,8.541488,exact,false,wikidata,,Wikidata Q107020061; instance-of: street
gn-makurdi-iyorge-ppl-9509086,Iyorge,,Makurdi,Makurdi,Benue,village,7.65517,8.46113,exact,false,geonames,CC-BY-4.0,GeoNames feature P.PPL
gn-makurdi-iyorkyaa-ppl-6852873,Iyorkyaa,,Makurdi,Makurdi,Benue,village,7.78033,8.52814,exact,false,geonames,CC-BY-4.0,GeoNames feature P.PPL
gn-makurdi-iyortyer-ppl-6852817,Iyortyer,,Makurdi,Makurdi,Benue,village,7.72074,8.47717,exact,false,geonames,CC-BY-4.0,GeoNames feature P.PPL
ov-b1a2c598-d449-44d6-ba1e-aa5e157f3b67,J.S Tarka Foundation,,Makurdi,Makurdi,Benue,event-or-party-service,7.716449,8.528968,exact,false,overture,CDLA-Permissive-2.0,Overture b1a2c598-d449-44d6-ba1e-aa5e157f3b67; confidence 0.48718297481536865
gn-makurdi-jabela-ppl-2336712,Jabela,,Makurdi,Makurdi,Benue,village,7.67636,8.60478,exact,false,geonames,CC-BY-4.0,GeoNames feature P.PPL
ov-e57749aa-2ac0-4989-b8b0-4ebe4c11b294,Jackis Lounge Makurdi,,Makurdi,Makurdi,Benue,lounge,7.739933,8.51928,exact,false,overture,CDLA-Permissive-2.0,Overture e57749aa-2ac0-4989-b8b0-4ebe4c11b294; confidence 0.8139327168464661
ov-187a3da1-4330-4f59-8af6-9d58907d5090,"Jamatah Properties, Tonimas Plaza, Makurdi-Nigeria",,Makurdi,Makurdi,Benue,real-estate-service,7.713888,8.531178,exact,false,overture,CDLA-Permissive-2.0,Overture 187a3da1-4330-4f59-8af6-9d58907d5090; confidence 0.8089028596878052
ov-b7ab4458-af33-42f1-ab8b-9f14d047a5ed,"Jay's Bistro, Makurdi",,Makurdi,Makurdi,Benue,restaurant,7.735219,8.532686,exact,false,overture,CDLA-Permissive-2.0,Overture b7ab4458-af33-42f1-ab8b-9f14d047a5ed; confidence 0.43173038959503174
wd-Q136824577,Jay's cravings kitchen and restaurant,,Makurdi,Makurdi,Benue,place,7.715643,8.558912,exact,false,wikidata,,Wikidata Q136824577; instance-of: restaurant
ov-58c7728c-a7a1-4421-a814-b92ebe0ff42e,Jesus Family Schools Makurdi,,Makurdi,Makurdi,Benue,education,7.72763,8.49421,exact,false,overture,CDLA-Permissive-2.0,Overture 58c7728c-a7a1-4421-a814-b92ebe0ff42e; confidence 0.6243831515312195
wd-Q125471860,Jesus Life Parish,,Makurdi,Makurdi,Benue,church,7.725638,8.512404,exact,false,wikidata,,Wikidata Q125471860; instance-of: church building
wd-Q136508853,JETASONS NIGERIA LTD,,Makurdi,Makurdi,Benue,place,7.717484,8.508081,exact,false,wikidata,,Wikidata Q136508853; instance-of: pharmacy
wd-Q131359249,"Jewel Model Schools, Makurdi",,Makurdi,Makurdi,Benue,school,7.721429,8.567447,exact,false,wikidata,,Wikidata Q131359249; instance-of: school
ov-ccfa7ceb-e0b8-44a7-b0d1-6259bb7e11f8,JIBWIS Central Mosque,,Makurdi,Makurdi,Benue,muslim-place-of-worship,7.740937,8.514662,exact,false,overture,CDLA-Permissive-2.0,Overture ccfa7ceb-e0b8-44a7-b0d1-6259bb7e11f8; confidence 0.6803240180015564
ov-618ab289-5f8b-447e-894d-310bd2dffc52,Jiggy Nonstop Studios,,Makurdi,Makurdi,Benue,professional-service,7.725449,8.539026,exact,false,overture,CDLA-Permissive-2.0,Overture 618ab289-5f8b-447e-894d-310bd2dffc52; confidence 0.6774817109107971
ov-e5ff15e2-aa35-408e-a499-9c9a41ed0ae2,Jimmy Furnitures,,Makurdi,Makurdi,Benue,hardware-home-and-garden-store,7.719168,8.529642,exact,false,overture,CDLA-Permissive-2.0,Overture e5ff15e2-aa35-408e-a499-9c9a41ed0ae2; confidence 0.6350051760673523
gn-makurdi-jindu-ppl-9507359,Jindu,,Makurdi,Makurdi,Benue,village,7.72909,8.47499,exact,false,geonames,CC-BY-4.0,GeoNames feature P.PPL
ov-85c64a4a-a739-4e46-b35b-e07fa0c41f95,JOcakes-confectionery,,Makurdi,Makurdi,Benue,casual-eatery,7.706178,8.53514,exact,false,overture,CDLA-Permissive-2.0,Overture 85c64a4a-a739-4e46-b35b-e07fa0c41f95; confidence 0.8247849345207214
ov-6190b574-baa1-4330-b97e-dd2988ea91cc,Joebest Unique Computers,,Makurdi,Makurdi,Benue,research-institute,7.72763,8.49421,exact,false,overture,CDLA-Permissive-2.0,Overture 6190b574-baa1-4330-b97e-dd2988ea91cc; confidence 0.6002801060676575
ov-a978ade1-5d4b-4f56-acc0-75d210940276,Joecamp Technologies,,Makurdi,Makurdi,Benue,design-service,7.722745,8.527343,exact,false,overture,CDLA-Permissive-2.0,Overture a978ade1-5d4b-4f56-acc0-75d210940276; confidence 0.5443754196166992
ov-0a3ef901-1a7b-43a8-8b45-b3ae4051bffa,Joecy Hotel,,Makurdi,Makurdi,Benue,hotel,7.715331,8.53875,exact,false,overture,CDLA-Permissive-2.0,Overture 0a3ef901-1a7b-43a8-8b45-b3ae4051bffa; confidence 0.4559496343135834
ov-cdf182bd-5d82-4368-bbbc-af91f0224df3,Joey's Lounge,,Makurdi,Makurdi,Benue,lounge,7.732745,8.534537,exact,false,overture,CDLA-Permissive-2.0,Overture cdf182bd-5d82-4368-bbbc-af91f0224df3; confidence 0.8784826397895813
ov-a7f5a640-01bd-484b-85ca-3472bae941e7,Johnbosco livestock care services northbank makurdi benue state,,Makurdi,Makurdi,Benue,b2b-service,7.74946,8.54743,exact,false,overture,CDLA-Permissive-2.0,Overture a7f5a640-01bd-484b-85ca-3472bae941e7; confidence 0.6480469107627869
ov-b93f5068-6058-4262-a5a5-3b63a635507c,JohnPaul Automobile,,Makurdi,Makurdi,Benue,auto-dealer,7.74446,8.52006,exact,false,overture,CDLA-Permissive-2.0,Overture b93f5068-6058-4262-a5a5-3b63a635507c; confidence 0.6966364979743958
gn-makurdi-jombo-ppl-6852676,Jombo,,Makurdi,Makurdi,Benue,village,7.61472,8.41046,exact,false,geonames,CC-BY-4.0,GeoNames feature P.PPL
gn-makurdi-joo-ppl-2335962,Joo,,Makurdi,Makurdi,Benue,village,7.76478,8.56899,exact,false,geonames,CC-BY-4.0,GeoNames feature P.PPL
ov-31cd1382-ce00-456d-aab4-be942764c67d,Josebright Beauty Center,,Makurdi,Makurdi,Benue,personal-or-beauty-service,7.722687,8.531098,exact,false,overture,CDLA-Permissive-2.0,Overture 31cd1382-ce00-456d-aab4-be942764c67d; confidence 0.6050506234169006
ov-dbc787ce-62c7-4da3-9a43-a737fab21043,"Joseph Sarwuan Tarka University, Makurdi",,Makurdi,Makurdi,Benue,college-university,7.772267,8.617381,exact,false,overture,CDLA-Permissive-2.0,Overture dbc787ce-62c7-4da3-9a43-a737fab21043; confidence 0.7048768401145935
ov-1b5c293c-5ac8-4d2e-8fc3-dd8571cc343d,Joy  prestige salon and spa,,Makurdi,Makurdi,Benue,wellness-service,7.719963,8.529586,exact,false,overture,CDLA-Permissive-2.0,Overture 1b5c293c-5ac8-4d2e-8fc3-dd8571cc343d; confidence 0.5600665807723999
wd-Q136733734,Joyful Academy,,Makurdi,Makurdi,Benue,school,7.713254,8.588,exact,false,wikidata,,Wikidata Q136733734; instance-of: school
ov-251f33e8-55b3-4f71-9562-b0e2fbba98dc,JS Tarka university Makurdi,,Makurdi,Makurdi,Benue,college-university,7.7311,8.52462,exact,false,overture,CDLA-Permissive-2.0,Overture 251f33e8-55b3-4f71-9562-b0e2fbba98dc; confidence 0.6736913323402405
ov-3d8a4cb9-7758-4567-b881-c624cd922e12,JST University of Agriculture mkd,,Makurdi,Makurdi,Benue,college-university,7.74127,8.50989,exact,false,overture,CDLA-Permissive-2.0,Overture 3d8a4cb9-7758-4567-b881-c624cd922e12; confidence 0.5692305564880371
ng-benue-makurdi-judges-quarters,Judges Quarters,Judge Crescent|Judge's Quarters|Judges Crescent|Judges Quarters Gboko Rd,Makurdi,Makurdi,Benue,district,7.718079,8.575163,exact,false,curated|overture,CDLA-Permissive-2.0|project-owned,APPROVED ENTRY. Km 4 Makurdi-Gboko Rd near Hange; coords from property listing; provider data does not cover it; Overture e3bd7c99-f8ae-4f72-aef9-12dc31dbef5f; confidence 0.690636396408081
ov-d0d8e3d3-07fb-4f43-a4f3-3cc3737a12c6,jumic collection,,Makurdi,Makurdi,Benue,fashion-and-apparel-store,7.784788,8.563671,exact,false,overture,CDLA-Permissive-2.0,Overture d0d8e3d3-07fb-4f43-a4f3-3cc3737a12c6; confidence 0.5516518354415894
ov-dba4949b-3f30-4af8-b099-34aba173c0ad,Jupeta Africa,,Makurdi,Makurdi,Benue,hotel,7.72763,8.49421,exact,false,overture,CDLA-Permissive-2.0,Overture dba4949b-3f30-4af8-b099-34aba173c0ad; confidence 0.5667790174484253
gn-makurdi-juru-ppl-6852745,Juru,,Makurdi,Makurdi,Benue,village,7.66261,8.60804,exact,false,geonames,CC-BY-4.0,GeoNames feature P.PPL
ov-6dcecedb-e2f9-4ade-9a56-6d08810ecf58,Justflex Nigeria,,Makurdi,Makurdi,Benue,professional-service,7.709893,8.52493,exact,false,overture,CDLA-Permissive-2.0,Overture 6dcecedb-e2f9-4ade-9a56-6d08810ecf58; confidence 0.9207372665405273
ov-45f9aea4-852c-4dc3-ab05-c5763872a778,JWT Wine Spirits and Drinks Store,,Makurdi,Makurdi,Benue,shopping,7.724824,8.535559,exact,false,overture,CDLA-Permissive-2.0,Overture 45f9aea4-852c-4dc3-ab05-c5763872a778; confidence 0.5476328134536743
ov-45519c0f-8272-42e2-b095-6a853885df37,JZee Confectionery,,Makurdi,Makurdi,Benue,casual-eatery,7.719745,8.523209,exact,false,overture,CDLA-Permissive-2.0,Overture 45519c0f-8272-42e2-b095-6a853885df37; confidence 0.6272354125976562
ov-a50c4a28-87bd-4c44-93fe-3aa9d77a5d74,Kadev Health Systems Limited,,Makurdi,Makurdi,Benue,place,7.70981,8.532629,exact,false,overture,CDLA-Permissive-2.0,Overture a50c4a28-87bd-4c44-93fe-3aa9d77a5d74; confidence 0.5759533047676086
gn-makurdi-kanshio-ppl-2335189,Kanshio,,Makurdi,Makurdi,Benue,village,7.68501,8.53607,exact,false,geonames,CC-BY-4.0,GeoNames feature P.PPL
wd-Q136515089,Kanshio Market,,Makurdi,Makurdi,Benue,market,7.684775,8.536293,exact,false,overture|wikidata,CDLA-Permissive-2.0,Wikidata Q136515089; instance-of: marketplace; Overture d896a62d-d83f-429f-843d-34472859c3be; confidence 0.6245095133781433
ov-e5a38b31-6984-4dca-b365-a071c993208e,Karan Beauty Hub,,Makurdi,Makurdi,Benue,personal-or-beauty-service,7.734131,8.528105,exact,false,overture,CDLA-Permissive-2.0,Overture e5a38b31-6984-4dca-b365-a071c993208e; confidence 0.5308807492256165
ov-f4d97471-2728-4de5-9a6d-2fe2355d739e,Kaushma Global Blocks and Interlocks,,Makurdi,Makurdi,Benue,building-or-construction-service,7.726555,8.548497,exact,false,overture,CDLA-Permissive-2.0,Overture f4d97471-2728-4de5-9a6d-2fe2355d739e; confidence 0.6967033743858337
gn-makurdi-kaver-ppl-6852783,Kaver,,Makurdi,Makurdi,Benue,village,7.69536,8.48348,exact,false,geonames,CC-BY-4.0,GeoNames feature P.PPL
ov-557736d8-54a6-4d74-8333-a0ea5d408494,Kaylaira Confectioners,,Makurdi,Makurdi,Benue,casual-eatery,7.7306,8.5361,exact,false,overture,CDLA-Permissive-2.0,Overture 557736d8-54a6-4d74-8333-a0ea5d408494; confidence 0.8857488036155701
ov-b780e7d0-95bb-4b23-bf48-403b751f3ad5,KC Cool Graphics and Print,,Makurdi,Makurdi,Benue,professional-service,7.719745,8.523209,exact,false,overture,CDLA-Permissive-2.0,Overture b780e7d0-95bb-4b23-bf48-403b751f3ad5; confidence 0.6161563992500305
ov-f7228db2-8a02-4f3e-8abb-fcf665e21cde,KEDI Healthcare Business and Products,,Makurdi,Makurdi,Benue,pharmacy-and-drug-store,7.785656,8.545969,exact,false,overture,CDLA-Permissive-2.0,Overture f7228db2-8a02-4f3e-8abb-fcf665e21cde; confidence 0.6409717798233032
wd-Q136784592,Kegh Chapions Academy,,Makurdi,Makurdi,Benue,school,7.748901,8.553434,exact,false,wikidata,,Wikidata Q136784592; instance-of: school
ov-9ce6022b-292a-4708-8029-2cee65d01111,Keystone Bank,,Makurdi,Makurdi,Benue,bank-or-credit-union,7.726295,8.540919,exact,false,overture,CDLA-Permissive-2.0,Overture 9ce6022b-292a-4708-8029-2cee65d01111; confidence 0.5689021348953247
ov-91ce414a-e4f3-4263-899c-0fd3686cf7a0,"Khairul-huda International Academy, Makurdi",,Makurdi,Makurdi,Benue,place-of-learning,7.749476,8.547348,exact,false,overture,CDLA-Permissive-2.0,Overture 91ce414a-e4f3-4263-899c-0fd3686cf7a0; confidence 0.7399970889091492
ov-faabd97b-3c53-40df-bb21-b6853ec222b6,KIDDO CARE Creche,,Makurdi,Makurdi,Benue,professional-service,7.7306,8.5361,exact,false,overture,CDLA-Permissive-2.0,Overture faabd97b-3c53-40df-bb21-b6853ec222b6; confidence 0.5284855365753174
ov-830ca110-6429-4c40-8625-1a6ac27a8d8f,Kimbis International HOTEL,,Makurdi,Makurdi,Benue,hotel,7.722014,8.546519,exact,false,overture,CDLA-Permissive-2.0,Overture 830ca110-6429-4c40-8625-1a6ac27a8d8f; confidence 0.6227276921272278
ov-c7c7bf5b-be48-4c6a-b738-fafb16303a4b,King Luter Tv,,Makurdi,Makurdi,Benue,hotel,7.74002,8.5209,exact,false,overture,CDLA-Permissive-2.0,Overture c7c7bf5b-be48-4c6a-b738-fafb16303a4b; confidence 0.9393576979637146
ov-12ea5db8-4204-4ae8-940e-6f4a10b47c17,King of Hope Specialist Hospital,,Makurdi,Makurdi,Benue,hospital,7.71964,8.523049,exact,false,overture,CDLA-Permissive-2.0,Overture 12ea5db8-4204-4ae8-940e-6f4a10b47c17; confidence 0.6655834913253784
wd-Q130634130,"King of Hope Specialist Hospital, Benue",,Makurdi,Makurdi,Benue,place,7.757073,8.518235,exact,false,wikidata,,Wikidata Q130634130; instance-of: health
ov-ffcf09c9-fdb7-4272-8587-6f43f394955e,"King's Construction Company,plc.",,Makurdi,Makurdi,Benue,hardware-home-and-garden-store,7.765578,8.621162,exact,false,overture,CDLA-Permissive-2.0,Overture ffcf09c9-fdb7-4272-8587-6f43f394955e; confidence 0.5334294438362122
wd-Q131359236,"King's Court Schools, Makurdi",,Makurdi,Makurdi,Benue,school,7.750308,8.564015,exact,false,wikidata,,Wikidata Q131359236; instance-of: school
ov-ae1c4b4d-8c24-40de-bfbe-1970e34555c6,KingDavid Socapa,,Makurdi,Makurdi,Benue,home-service,7.725732,8.533422,exact,false,overture,CDLA-Permissive-2.0,Overture ae1c4b4d-8c24-40de-bfbe-1970e34555c6; confidence 0.6945505738258362
ov-998d5217-5154-4b6b-904b-1cf149241c57,Kingdom Burden Bearers Network International,,Makurdi,Makurdi,Benue,place,7.729837,8.532546,exact,false,overture,CDLA-Permissive-2.0,Overture 998d5217-5154-4b6b-904b-1cf149241c57; confidence 0.11350618302822113
ov-8ff0c6d7-739a-4e0c-ad41-1ca82b9ac186,Kingdom Faith Cathedral,,Makurdi,Makurdi,Benue,religious-organization,7.730779,8.537821,exact,false,overture,CDLA-Permissive-2.0,Overture 8ff0c6d7-739a-4e0c-ad41-1ca82b9ac186; confidence 0.9259333610534668
ov-0bee73d3-e823-4d6f-b728-cb741864f0b3,Kingdom Hall of Jehovah's Witnesses,,Makurdi,Makurdi,Benue,christian-place-of-worship,7.722969,8.516784,exact,false,overture,CDLA-Permissive-2.0,Overture 0bee73d3-e823-4d6f-b728-cb741864f0b3; confidence 0.45799320936203003
wd-Q131362542,"Kingdom Heritage Model Schools, Makurdi",,Makurdi,Makurdi,Benue,school,7.709393,8.532423,exact,false,wikidata,,Wikidata Q131362542; instance-of: school
ov-c4b214e5-e55a-4a11-9156-100b3929b31f,Kingdom pillars,,Makurdi,Makurdi,Benue,religious-organization,7.7306,8.5361,exact,false,overture,CDLA-Permissive-2.0,Overture c4b214e5-e55a-4a11-9156-100b3929b31f; confidence 0.7195454835891724
gn-makurdi-konijha-stm-9509091,Konijha,River Konjiha,Makurdi,Makurdi,Benue,river,7.658,8.47092,exact,false,geonames,CC-BY-4.0,GeoNames feature H.STM
gn-makurdi-konjo-ppl-2334028,Konjo,,Makurdi,Makurdi,Benue,village,7.7121,8.63671,exact,false,geonames,CC-BY-4.0,GeoNames feature P.PPL
gn-makurdi-kpughuur-ppl-6852680,Kpughuur,,Makurdi,Makurdi,Benue,village,7.61902,8.46034,exact,false,geonames,CC-BY-4.0,GeoNames feature P.PPL
gn-makurdi-kpughuur-ppl-13420699,Kpughuur,,Makurdi,Makurdi,Benue,village,7.66072,8.46782,exact,false,geonames,CC-BY-4.0,GeoNames feature P.PPL
ov-57c3d6bc-a4bc-41f6-8994-305074f089eb,Krystal Barbers,,Makurdi,Makurdi,Benue,personal-or-beauty-service,7.74425,8.51036,exact,false,overture,CDLA-Permissive-2.0,Overture 57c3d6bc-a4bc-41f6-8994-305074f089eb; confidence 0.5713594555854797
gn-makurdi-kubeli-ppl-2333742,Kubeli,,Makurdi,Makurdi,Benue,village,7.76084,8.57116,exact,false,geonames,CC-BY-4.0,GeoNames feature P.PPL
ov-f110e67b-bb10-4a20-9b72-dea0e0b6d284,Kuma and Partners,,Makurdi,Makurdi,Benue,real-estate-service,7.73898,8.51542,exact,false,overture,CDLA-Permissive-2.0,Overture f110e67b-bb10-4a20-9b72-dea0e0b6d284; confidence 0.5750589966773987
gn-makurdi-kuman-ppl-6852754,Kuman,,Makurdi,Makurdi,Benue,village,7.67071,8.40891,exact,false,geonames,CC-BY-4.0,GeoNames feature P.PPL
gn-makurdi-kurkyor-ppl-6852705,Kurkyor,,Makurdi,Makurdi,Benue,village,7.63803,8.49919,exact,false,geonames,CC-BY-4.0,GeoNames feature P.PPL
ov-10a5e61e-bc20-4634-887e-4a630c2caa46,Kuse computer institute and business center,,Makurdi,Makurdi,Benue,technical-service,7.721404,8.588783,exact,false,overture,CDLA-Permissive-2.0,Overture 10a5e61e-bc20-4634-887e-4a630c2caa46; confidence 0.5466368198394775
gn-makurdi-kuwaghtumen-ppl-9508911,Kuwaghtumen,,Makurdi,Makurdi,Benue,village,7.67237,8.47627,exact,false,geonames,CC-BY-4.0,GeoNames feature P.PPL
gn-makurdi-kwabo-ppl-2332980,Kwabo,,Makurdi,Makurdi,Benue,village,7.80413,8.52792,exact,false,geonames,CC-BY-4.0,GeoNames feature P.PPL
gn-makurdi-kwabo-ppl-2332981,Kwabo,,Makurdi,Makurdi,Benue,village,7.77973,8.61507,exact,false,geonames,CC-BY-4.0,GeoNames feature P.PPL
gn-makurdi-kwembe-ppl-2332705,Kwembe,,Makurdi,Makurdi,Benue,village,7.63283,8.63255,exact,false,geonames,CC-BY-4.0,GeoNames feature P.PPL
ov-6ba4d108-ae1b-4d2f-b2a4-e1694a40803d,Kwiss Global Enterprise,,Makurdi,Makurdi,Benue,fashion-and-apparel-store,7.72356,8.53209,exact,false,overture,CDLA-Permissive-2.0,Overture 6ba4d108-ae1b-4d2f-b2a4-e1694a40803d; confidence 0.5279541611671448
gn-makurdi-kyaan-ppl-2332635,Kyaan,,Makurdi,Makurdi,Benue,village,7.83672,8.52054,exact,false,geonames,CC-BY-4.0,GeoNames feature P.PPL
gn-makurdi-kyabashi-ppl-2332634,Kyabashi,,Makurdi,Makurdi,Benue,village,7.67195,8.57719,exact,false,geonames,CC-BY-4.0,GeoNames feature P.PPL
ov-1463bde0-94cc-4162-a232-a08590527824,Kyabiz Hotel,,Makurdi,Makurdi,Benue,hotel,7.722206,8.574945,exact,false,overture,CDLA-Permissive-2.0,Overture 1463bde0-94cc-4162-a232-a08590527824; confidence 0.5935462117195129; address locality: Markurdi
ov-5c44c37e-e780-48d7-9c0b-971ca487a9a8,Kyabiz Nigeria Ltd,,Makurdi,Makurdi,Benue,gas-station,7.722281,8.5653,exact,false,overture,CDLA-Permissive-2.0,Overture 5c44c37e-e780-48d7-9c0b-971ca487a9a8; confidence 0.4166349470615387
gn-makurdi-kyambe-ppl-2332628,Kyambe,,Makurdi,Makurdi,Benue,village,7.83929,8.5221,exact,false,geonames,CC-BY-4.0,GeoNames feature P.PPL
gn-makurdi-kyoon-ppl-2332589,Kyoon,,Makurdi,Makurdi,Benue,village,7.78105,8.59501,exact,false,geonames,CC-BY-4.0,GeoNames feature P.PPL
ov-ae198c4e-9cdf-45a9-9551-003200c74463,La Bentoria Unisex Boutique,,Makurdi,Makurdi,Benue,fashion-and-apparel-store,7.723369,8.526525,exact,false,overture,CDLA-Permissive-2.0,Overture ae198c4e-9cdf-45a9-9551-003200c74463; confidence 0.45515382289886475
wd-Q136509333,LA MED PHARMACY LTD,,Makurdi,Makurdi,Benue,place,7.72703,8.52669,exact,false,wikidata,,Wikidata Q136509333; instance-of: pharmacy
ov-a542addb-43be-4da0-a9f5-8ad3a59790ae,La Rosone Restaurant and Bar,,Makurdi,Makurdi,Benue,restaurant,7.707871,8.520464,exact,false,overture,CDLA-Permissive-2.0,Overture a542addb-43be-4da0-a9f5-8ad3a59790ae; confidence 0.45771634578704834
gn-makurdi-labe-ppl-6852788,Labe,,Makurdi,Makurdi,Benue,village,7.69909,8.46825,exact,false,geonames,CC-BY-4.0,GeoNames feature P.PPL
wd-Q136564642,Labour Market,,Makurdi,Makurdi,Benue,market,7.730202,8.555891,exact,false,wikidata,,Wikidata Q136564642; instance-of: market
ov-ab481ad4-5e50-4725-9b5b-3a01e4fdc358,Lacedar Beauty World,,Makurdi,Makurdi,Benue,personal-or-beauty-service,7.724429,8.534858,exact,false,overture,CDLA-Permissive-2.0,Overture ab481ad4-5e50-4725-9b5b-3a01e4fdc358; confidence 0.8941234350204468
wd-Q131279246,Lady P Restaurant,,Makurdi,Makurdi,Benue,place,7.722524,8.530644,exact,false,wikidata,,Wikidata Q131279246; instance-of: restaurant
ov-10a7c878-62bc-4620-b33b-837774e33324,Lady Victoria Academy,,Makurdi,Makurdi,Benue,place-of-learning,7.71416,8.559658,exact,false,overture,CDLA-Permissive-2.0,Overture 10a7c878-62bc-4620-b33b-837774e33324; confidence 0.46695610880851746
ov-d5e57f14-605d-43b5-8d17-8205d3b35e0f,LandmaQ Multi-Media Services,,Makurdi,Makurdi,Benue,printing-service,7.72212,8.53633,exact,false,overture,CDLA-Permissive-2.0,Overture d5e57f14-605d-43b5-8d17-8205d3b35e0f; confidence 0.5353296995162964
ov-e44d546f-7299-4e1c-9949-3a33d7f9d10d,Last days messengers mission makurdi 2,,Makurdi,Makurdi,Benue,religious-organization,7.74127,8.50989,exact,false,overture,CDLA-Permissive-2.0,Overture e44d546f-7299-4e1c-9949-3a33d7f9d10d; confidence 0.5747272968292236
ov-09018f17-82ad-4c40-9af2-0431881d44df,LaVida Clinic & Maternity,,Makurdi,Makurdi,Benue,health-care,7.725985,8.53301,exact,false,overture,CDLA-Permissive-2.0,Overture 09018f17-82ad-4c40-9af2-0431881d44df; confidence 0.5952887535095215
wd-Q107020955,"Lawrence Onoja Road, Makurdi",,Makurdi,Makurdi,Benue,place,7.73055,8.5189,exact,false,wikidata,,Wikidata Q107020955; instance-of: street
ov-8417f741-119c-4ee3-8a63-691435ea62f1,Legendary Cutz & Spa,,Makurdi,Makurdi,Benue,personal-or-beauty-service,7.721056,8.534775,exact,false,overture,CDLA-Permissive-2.0,Overture 8417f741-119c-4ee3-8a63-691435ea62f1; confidence 0.4105488657951355
ov-2e22849b-f710-4a15-8cbd-d4995490f112,Lenviks Global Consults,,Makurdi,Makurdi,Benue,educational-service,7.70635,8.53347,exact,false,overture,CDLA-Permissive-2.0,Overture 2e22849b-f710-4a15-8cbd-d4995490f112; confidence 0.12791654467582703
ov-df30cf8b-2983-4157-a741-71a1dfa59def,Leo Specialist Restaurant,,Makurdi,Makurdi,Benue,restaurant,7.723804,8.533462,exact,false,overture,CDLA-Permissive-2.0,Overture df30cf8b-2983-4157-a741-71a1dfa59def; confidence 0.5449138879776001
wd-Q136824514,"Letoha Grand, Makurdi.",,Makurdi,Makurdi,Benue,place,7.722577,8.501911,exact,false,wikidata,,Wikidata Q136824514; instance-of: restaurant
ov-47e05219-e22e-4ba8-b299-8109cf7b6894,Levels Kitchen and Bar,,Makurdi,Makurdi,Benue,bar,7.739842,8.522498,exact,false,overture,CDLA-Permissive-2.0,Overture 47e05219-e22e-4ba8-b299-8109cf7b6894; confidence 0.604322612285614
ov-d9dcd24d-305b-4838-bd92-00909067eba9,Liberty Arena Family Ministry,,Makurdi,Makurdi,Benue,religious-organization,7.69547,8.534451,exact,false,overture,CDLA-Permissive-2.0,Overture d9dcd24d-305b-4838-bd92-00909067eba9; confidence 0.6258782744407654
ov-7592cc63-d520-4dd7-9136-90d11e136079,LIFE Builders Gospel Centre,,Makurdi,Makurdi,Benue,religious-organization,7.765578,8.621162,exact,false,overture,CDLA-Permissive-2.0,Overture 7592cc63-d520-4dd7-9136-90d11e136079; confidence 0.939238429069519
wd-Q136762701,Life Covenant Christian Schools,,Makurdi,Makurdi,Benue,school,7.741234,8.545667,exact,false,wikidata,,Wikidata Q136762701; instance-of: school
ov-423b78e1-dffe-4add-9b01-8eedd0217757,Light of Jesus Tabanacle Ministries int'l.,,Makurdi,Makurdi,Benue,religious-organization,7.765482,8.557864,exact,false,overture,CDLA-Permissive-2.0,Overture 423b78e1-dffe-4add-9b01-8eedd0217757; confidence 0.5457807779312134
ov-2b7ac4cd-bcb6-4c19-8bda-2039e769d840,Living Faith Church,,Makurdi,Makurdi,Benue,christian-place-of-worship,7.726445,8.548468,exact,false,overture,CDLA-Permissive-2.0,Overture 2b7ac4cd-bcb6-4c19-8bda-2039e769d840; confidence 0.8743264675140381
wd-Q136656563,"LIVING FAITH CHURCH TIONSHA, Makurdi",,Makurdi,Makurdi,Benue,church,7.709574,8.497144,exact,false,wikidata,,Wikidata Q136656563; instance-of: church building
wd-Q136655323,"Living Faith Church, Makurdi",,Makurdi,Makurdi,Benue,church,7.777758,8.531298,exact,false,wikidata,,Wikidata Q136655323; instance-of: church building
wd-Q136509931,LIYAH PHARMACY LTD,,Makurdi,Makurdi,Benue,place,7.719279,8.537913,exact,false,wikidata,,Wikidata Q136509931; instance-of: pharmacy
ov-c22775eb-aa7b-4113-a1a6-21569939b620,Lizzy Nails,,Makurdi,Makurdi,Benue,personal-or-beauty-service,7.725761,8.549734,exact,false,overture,CDLA-Permissive-2.0,Overture c22775eb-aa7b-4113-a1a6-21569939b620; confidence 0.2799282371997833
ov-6ad88fb4-cb84-4fde-b0fc-b47a35c73748,Loren Academy,,Makurdi,Makurdi,Benue,preschool,7.74425,8.51036,exact,false,overture,CDLA-Permissive-2.0,Overture 6ad88fb4-cb84-4fde-b0fc-b47a35c73748; confidence 0.6745908856391907
ov-b680cbc9-fee5-4d3f-9bd4-381cc391c1d0,Low-Budget Communication,,Makurdi,Makurdi,Benue,electronics-store,7.73681,8.52888,exact,false,overture,CDLA-Permissive-2.0,Overture b680cbc9-fee5-4d3f-9bd4-381cc391c1d0; confidence 0.5785921216011047
ov-6905e22f-2cbe-4d9d-aa67-584e53200638,Lower Benue club,,Makurdi,Makurdi,Benue,sports-and-recreation,7.7306,8.5361,exact,false,overture,CDLA-Permissive-2.0,Overture 6905e22f-2cbe-4d9d-aa67-584e53200638; confidence 0.5662016272544861
wd-Q131361408,"Lucky Stars Schools, Makurdi",,Makurdi,Makurdi,Benue,school,7.71278,8.501556,exact,false,wikidata,,Wikidata Q131361408; instance-of: school
ov-81fae829-a0fb-4fc2-88e8-bdf409137c01,Lush Events,,Makurdi,Makurdi,Benue,event-or-party-service,7.740341,8.520963,exact,false,overture,CDLA-Permissive-2.0,Overture 81fae829-a0fb-4fc2-88e8-bdf409137c01; confidence 0.7271118760108948
ov-d6d0af14-719c-4bfb-8061-d089bee46a4f,Lynda Praiz Onah,,Makurdi,Makurdi,Benue,place,7.728623,8.532927,exact,false,overture,CDLA-Permissive-2.0,Overture d6d0af14-719c-4bfb-8061-d089bee46a4f; confidence 0.27127009630203247
ov-5fdc54c7-89c0-44a8-a84b-6eba0cdf99fc,M.O.B Stitch Point,,Makurdi,Makurdi,Benue,fashion-and-apparel-store,7.714564,8.53775,exact,false,overture,CDLA-Permissive-2.0,Overture 5fdc54c7-89c0-44a8-a84b-6eba0cdf99fc; confidence 0.7163876295089722; address locality: Abuja
ov-6b6f7eef-5840-47ce-8b36-ffdc296ceef2,Mac tony Supermarket,,Makurdi,Makurdi,Benue,shopping,7.722994,8.534752,exact,false,overture,CDLA-Permissive-2.0,Overture 6b6f7eef-5840-47ce-8b36-ffdc296ceef2; confidence 0.4915814995765686
ov-dd8717bf-c5bc-4499-bb75-d14e3ab398e1,Macafa Park,,Makurdi,Makurdi,Benue,park,7.720769,8.516677,exact,false,overture,CDLA-Permissive-2.0,Overture dd8717bf-c5bc-4499-bb75-d14e3ab398e1; confidence 0.2795344591140747
wd-Q136825327,Madam P Restaurant,,Makurdi,Makurdi,Benue,place,7.719197,8.543952,exact,false,wikidata,,Wikidata Q136825327; instance-of: restaurant
ov-6daba12f-126d-460f-bec4-e84d1cac1406,Madidnon Global Services Makurdi,,Makurdi,Makurdi,Benue,technical-service,7.71413,8.41579,exact,false,overture,CDLA-Permissive-2.0,Overture 6daba12f-126d-460f-bec4-e84d1cac1406; confidence 0.6288658976554871
ov-9224ec84-0aa2-4271-b6f5-5717ac136b15,Madonna Guest House,,Makurdi,Makurdi,Benue,hotel,7.710129,8.513348,exact,false,overture,CDLA-Permissive-2.0,Overture 9224ec84-0aa2-4271-b6f5-5717ac136b15; confidence 0.4789828062057495; address locality: Markurdi
wd-Q137712865,MADONNA HEALTH SERVICE LTD,,Makurdi,Makurdi,Benue,hospital,7.723503,8.543935,exact,false,wikidata,,Wikidata Q137712865; instance-of: hospital
ov-66bf207d-9ea9-420e-bd4b-04f2684276c4,Madonna Hospital,,Makurdi,Makurdi,Benue,hospital,7.75,8.55,exact,false,overture,CDLA-Permissive-2.0,Overture 66bf207d-9ea9-420e-bd4b-04f2684276c4; confidence 0.7227709889411926
wd-Q130622739,"Madonna Hospital, Makurdi",Madonna Hospital. Makurdi.,Makurdi,Makurdi,Benue,hospital,7.723507,8.54394,exact,false,overture|wikidata,CDLA-Permissive-2.0,Wikidata Q130622739; instance-of: hospital; Overture 5e37bc61-3bd0-4021-8343-7456391641f6; confidence 0.49292299151420593
wd-Q49106155,Makurdi,MDI|Makurdu|ma ku er di|makuleudi|makuradi,Makurdi,Makurdi,Benue,government,7.73753,8.52296,exact,false,geonames|wikidata,CC-BY-4.0,Wikidata Q49106155; instance-of: local government area of nigeria; GeoNames feature P.PPLA; Wikidata Q121359430; instance-of: village
wd-Q994096,Makurdi,,Makurdi,Makurdi,Benue,city,7.730556,8.536111,exact,false,overture|wikidata,CDLA-Permissive-2.0,Wikidata Q994096; instance-of: city; Wikidata Q994096; instance-of: local government area of nigeria; Overture ec2a4d29-c5ac-48b6-b889-caa54e24736e; confidence 0.5293647646903992
ng-benue-makurdi-airport,Makurdi Airport,Makurdi Airstrip|Benue Airport,Makurdi,Makurdi,Benue,airport,7.7056,8.5994,approximate,false,curated,project-owned,Draft; coords approximate - verify
wd-Q6740484,Makurdi Airport,Aeroport de Makurdi|Aeroportul Makurdi|Aéroport de Makurdi|DNMK|Filin jirgin saman Makurdi,Makurdi,Makurdi,Benue,airport,7.703611,8.613889,exact,false,geonames|overture|wikidata,CC-BY-4.0|CDLA-Permissive-2.0,Wikidata Q6740484; instance-of: airport; GeoNames feature S.AIRP; Wikidata Q6740484; instance-of: commercial traffic aerodrome; Overture 7ca3ebfc-cb58-4b00-82ec-694575615804; confidence 0.8286299705505371
wd-Q134560619,Makurdi Barracks,,Makurdi,Makurdi,Benue,place,7.764264,8.529918,exact,false,wikidata,,Wikidata Q134560619; instance-of: military
ov-c440d38f-d012-4b92-a280-bf40502848b1,Makurdi Benue State,,Makurdi,Makurdi,Benue,place,7.712475,8.542802,exact,false,overture,CDLA-Permissive-2.0,Overture c440d38f-d012-4b92-a280-bf40502848b1; confidence 0.49699708819389343
wd-Q125373234,Makurdi Central Mosque benue  Sate Nigeria,,Makurdi,Makurdi,Benue,mosque,7.742895,8.513326,exact,false,wikidata,,Wikidata Q125373234; instance-of: mosque
ov-caac8647-db8d-4d74-909f-242a3bd85e76,Makurdi Club,,Makurdi,Makurdi,Benue,dance-club,7.731785,8.531856,exact,false,overture,CDLA-Permissive-2.0,Overture caac8647-db8d-4d74-909f-242a3bd85e76; confidence 0.4996115565299988
ov-b1e29b55-fa9f-44d8-8361-e68de75f7944,Makurdi College Of Health And Medical Laboratory Science,,Makurdi,Makurdi,Benue,college-university,7.690214,8.48112,exact,false,overture,CDLA-Permissive-2.0,Overture b1e29b55-fa9f-44d8-8361-e68de75f7944; confidence 0.9187518954277039
wd-Q131362599,Makurdi College of Nursing and Midwifery,,Makurdi,Makurdi,Benue,school,7.723462,8.560323,exact,false,wikidata,,Wikidata Q131362599; instance-of: school
ov-8962cfa2-acf4-4461-a08e-f6586b488682,Makurdi College of Nursing Sciences,,Makurdi,Makurdi,Benue,education,7.72184,8.576509,exact,false,overture,CDLA-Permissive-2.0,Overture 8962cfa2-acf4-4461-a08e-f6586b488682; confidence 0.9210790991783142
gn-makurdi-makurdi-forest-reserve-resf-6852901,Makurdi Forest Reserve,,Makurdi,Makurdi,Benue,reserve,7.8401,8.5906,exact,false,geonames,CC-BY-4.0,GeoNames feature L.RESF
ov-00fe37e1-b1ff-4988-a97c-2cdc8d7de3d6,Makurdi Golf Club,,Makurdi,Makurdi,Benue,golf-course,7.743601,8.559906,exact,false,overture,CDLA-Permissive-2.0,Overture 00fe37e1-b1ff-4988-a97c-2cdc8d7de3d6; confidence 0.44203048944473267; address locality: Markurdi
ov-e05641e2-e162-442c-b989-e8f0caa55b4a,Makurdi International Nursery and Primary,,Makurdi,Makurdi,Benue,elementary-school,7.7176,8.52248,exact,false,overture,CDLA-Permissive-2.0,Overture e05641e2-e162-442c-b989-e8f0caa55b4a; confidence 0.5273809432983398
wd-Q131359224,Makurdi International School,,Makurdi,Makurdi,Benue,school,7.713886,8.517651,exact,false,wikidata,,Wikidata Q131359224; instance-of: school
gn-makurdi-makurdi-local-government-area-adm2-9485482,Makurdi Local Government Area,Makurdi,Makurdi,Makurdi,Benue,lga_seat,7.73753,8.52296,exact,false,geonames,CC-BY-4.0,GeoNames feature A.ADM2
ov-a7c78be0-566a-42ea-91c1-9602b6850a71,Makurdi Local Government Secretariat,,Makurdi,Makurdi,Benue,government-office,7.733879,8.527038,exact,false,overture,CDLA-Permissive-2.0,Overture a7c78be0-566a-42ea-91c1-9602b6850a71; confidence 0.5263466238975525
ov-86b0f84d-d4e2-49a3-94bb-5e6f667ff7be,Makurdi Luxury Suites,,Makurdi,Makurdi,Benue,hotel,7.718441,8.575442,exact,false,overture,CDLA-Permissive-2.0,Overture 86b0f84d-d4e2-49a3-94bb-5e6f667ff7be; confidence 0.669691801071167
wd-Q115866244,Makurdi Makabra Cemetery,,Makurdi,Makurdi,Benue,place,7.727306,8.513125,exact,false,wikidata,,Wikidata Q115866244; instance-of: cemetery
wd-Q136510069,MAKURDI METRO CHEMISTS LTD,,Makurdi,Makurdi,Benue,place,7.739364,8.515197,exact,false,wikidata,,Wikidata Q136510069; instance-of: pharmacy
gn-makurdi-makurdi-north-ppl-2331138,Makurdi North,,Makurdi,Makurdi,Benue,village,7.7493,8.5508,exact,false,geonames,CC-BY-4.0,GeoNames feature P.PPL
ov-141934e5-6c90-4aa5-a247-b1bc7d0bba37,Makurdi POLO CLUB,,Makurdi,Makurdi,Benue,stadium-arena,7.726739,8.564877,exact,false,overture,CDLA-Permissive-2.0,Overture 141934e5-6c90-4aa5-a247-b1bc7d0bba37; confidence 0.8624094724655151
wd-Q110570740,Makurdi Railway Station,Makurdi Train Station|Railway Station Makurdi,Makurdi,Makurdi,Benue,station,7.727125,8.532332,exact,false,curated|wikidata,project-owned,Wikidata Q110570740; instance-of: railway station; Draft; coords approximate - verify
ov-1ef34785-beba-4877-ad69-f2dc3e1dae15,Makurdi Sheraton & Events,,Makurdi,Makurdi,Benue,arts-and-entertainment,7.73823,8.53199,exact,false,overture,CDLA-Permissive-2.0,Overture 1ef34785-beba-4877-ad69-f2dc3e1dae15; confidence 0.6991487741470337
wd-Q131361001,Makurdi Twinkle Star Secondary School,,Makurdi,Makurdi,Benue,school,7.728929,8.515566,exact,false,wikidata,,Wikidata Q131361001; instance-of: school
wd-Q135420902,Makurdi Zoo,,Makurdi,Makurdi,Benue,place,7.7306,8.562046,exact,false,wikidata,,Wikidata Q135420902; instance-of: zoo
ng-benue-makurdi-gboko-road,Makurdi-Gboko Road,Gboko Road|A3 Makurdi,Makurdi,Makurdi,Benue,road,7.73,8.55,approximate,false,curated,project-owned,East-bound road exit point; coords approximate
ng-benue-makurdi-lafia-road,Makurdi-Lafia Road,Lafia Road,Makurdi,Makurdi,Benue,road,7.715,8.525,approximate,false,curated,project-owned,South-bound road exit point; coords approximate
ng-benue-makurdi-naka-road,Makurdi-Naka Road,Naka Road,Makurdi,Makurdi,Benue,road,7.74,8.505,approximate,false,curated,project-owned,West-bound road exit point; coords approximate
ov-3aaf32d4-9d32-4fc0-a2ab-fb5db2ea1aa0,Malex Tee Concepts Nigeria Limited,,Makurdi,Makurdi,Benue,place,7.704841,8.496865,exact,false,overture,CDLA-Permissive-2.0,Overture 3aaf32d4-9d32-4fc0-a2ab-fb5db2ea1aa0; confidence 0.8315761685371399
ov-fc20b933-401f-4f04-822c-228cf4d04e97,Mama Abaiyol Children's Home,,Makurdi,Makurdi,Benue,social-or-community-service,7.720035,8.533384,exact,false,overture,CDLA-Permissive-2.0,Overture fc20b933-401f-4f04-822c-228cf4d04e97; confidence 0.2829783856868744
wd-Q136564244,Mami market,,Makurdi,Makurdi,Benue,market,7.699272,8.628629,exact,false,wikidata,,Wikidata Q136564244; instance-of: marketplace
ov-35fd4996-ef3f-4f21-afe3-7c0ca7507bd0,Mango World Makurdi,,Makurdi,Makurdi,Benue,restaurant,7.70981,8.532629,exact,false,overture,CDLA-Permissive-2.0,Overture 35fd4996-ef3f-4f21-afe3-7c0ca7507bd0; confidence 0.7027639746665955
ov-1513307f-1df4-43a7-94ec-c9bf5eb59a03,Maria Touch of Care Foundation,,Makurdi,Makurdi,Benue,social-or-community-service,7.731329,8.527052,exact,false,overture,CDLA-Permissive-2.0,Overture 1513307f-1df4-43a7-94ec-c9bf5eb59a03; confidence 0.4158526659011841
gn-makurdi-markurdi-adm2-7932059,Markurdi,Makurdi,Makurdi,Makurdi,Benue,lga_seat,7.7042,8.53588,exact,false,geonames,CC-BY-4.0,GeoNames feature A.ADM2
ov-a67229dd-d086-4b17-a0c4-ba85f5c905a0,Marshall Diner,,Makurdi,Makurdi,Benue,casual-eatery,7.717972,8.559072,exact,false,overture,CDLA-Permissive-2.0,Overture a67229dd-d086-4b17-a0c4-ba85f5c905a0; confidence 0.5442690849304199
ov-a79b9475-61ef-4b4d-9cac-386c7be0a7a4,Master  P Fashion And Design Institute.,,Makurdi,Makurdi,Benue,fashion-and-apparel-store,7.75,8.55,exact,false,overture,CDLA-Permissive-2.0,Overture a79b9475-61ef-4b4d-9cac-386c7be0a7a4; confidence 0.5724083781242371
ov-0bec4401-9bb6-4234-8d57-91c1b55eb900,Mat & T Veterinary Hospital,,Makurdi,Makurdi,Benue,animal-or-pet-service,7.75,8.55,exact,false,overture,CDLA-Permissive-2.0,Overture 0bec4401-9bb6-4234-8d57-91c1b55eb900; confidence 0.8846181035041809
ov-377608ff-6304-4715-9ef4-d8d167d7fc77,MATCHUDEX Phones & Accessories,,Makurdi,Makurdi,Benue,fashion-and-apparel-store,7.726229,8.53988,exact,false,overture,CDLA-Permissive-2.0,Overture 377608ff-6304-4715-9ef4-d8d167d7fc77; confidence 0.6095535755157471
ov-aac1ba6b-d9e4-4eac-84d7-38459c567d0a,Maths/stat/computer science uam,,Makurdi,Makurdi,Benue,college-university,7.74446,8.52006,exact,false,overture,CDLA-Permissive-2.0,Overture aac1ba6b-d9e4-4eac-84d7-38459c567d0a; confidence 0.5623128414154053
ov-4095b599-1f54-4e0a-ba51-f52f482bc577,Mathson Roy Technology Enterprise,,Makurdi,Makurdi,Benue,technical-service,7.73724,8.51595,exact,false,overture,CDLA-Permissive-2.0,Overture 4095b599-1f54-4e0a-ba51-f52f482bc577; confidence 0.7512898445129395
ov-1ee12e2b-a77e-4967-98ba-456d9b8c2c42,Max Golden Soya Oil,,Makurdi,Makurdi,Benue,place,7.72184,8.576509,exact,false,overture,CDLA-Permissive-2.0,Overture 1ee12e2b-a77e-4967-98ba-456d9b8c2c42; confidence 0.387490838766098
ov-1d172e71-89d2-46af-ad68-be283e2b3717,Max woody tech makurdi,,Makurdi,Makurdi,Benue,hardware-home-and-garden-store,7.73724,8.51595,exact,false,overture,CDLA-Permissive-2.0,Overture 1d172e71-89d2-46af-ad68-be283e2b3717; confidence 0.5870717167854309
ov-44e1f59e-d252-4581-a819-79441ed88432,MaxiTech NG,,Makurdi,Makurdi,Benue,technical-service,7.718867,8.588559,exact,false,overture,CDLA-Permissive-2.0,Overture 44e1f59e-d252-4581-a819-79441ed88432; confidence 0.6957762241363525
ov-f228f086-7f58-4b2f-aa47-41bd186e332a,May 17 Bar and Restaurant,,Makurdi,Makurdi,Benue,bar,7.709714,8.516044,exact,false,overture,CDLA-Permissive-2.0,Overture f228f086-7f58-4b2f-aa47-41bd186e332a; confidence 0.6110634803771973
wd-Q125758054,Mbanyamshi,,Makurdi,Makurdi,Benue,place,7.6299,8.4102,exact,false,wikidata,,Wikidata Q125758054; instance-of: ward of nigeria
gn-makurdi-mbaterem-ppl-9508912,Mbaterem,,Makurdi,Makurdi,Benue,village,7.66379,8.46744,exact,false,geonames,CC-BY-4.0,GeoNames feature P.PPL
wd-Q133806627,Mbatser Dzua Community Health Centre,,Makurdi,Makurdi,Benue,place,7.716707,8.61185,exact,false,wikidata,,Wikidata Q133806627; instance-of: community health center
wd-Q136824468,McFestine's,,Makurdi,Makurdi,Benue,place,7.716687,8.594873,exact,false,wikidata,,Wikidata Q136824468; instance-of: restaurant
ov-e1c2ae64-d282-448c-8606-dbf60dc9da7f,mcmikeoffficial,,Makurdi,Makurdi,Benue,lodging,7.72644,8.52609,exact,false,overture,CDLA-Permissive-2.0,Overture e1c2ae64-d282-448c-8606-dbf60dc9da7f; confidence 0.5284157395362854
ov-16afea0f-4d85-40d2-9859-dcb56aa8d90b,MCPEN,,Makurdi,Makurdi,Benue,shopping,7.722244,8.528348,exact,false,overture,CDLA-Permissive-2.0,Overture 16afea0f-4d85-40d2-9859-dcb56aa8d90b; confidence 0.5834359526634216
ov-9c6bbdbf-5874-4833-b442-2fe8b824de0d,"Mdoom Beauty Studio - Eyelashes , Eyebrows and Makeup Artistry",,Makurdi,Makurdi,Benue,personal-care-and-beauty-store,7.73295,8.5277,exact,false,overture,CDLA-Permissive-2.0,Overture 9c6bbdbf-5874-4833-b442-2fe8b824de0d; confidence 0.43205156922340393
ov-ddf732ad-0af0-4570-a6c5-e5ecea09d905,Medco Global Services and Pharmaceuticals,,Makurdi,Makurdi,Benue,pharmacy-and-drug-store,7.73333,8.53333,exact,false,overture,CDLA-Permissive-2.0,Overture ddf732ad-0af0-4570-a6c5-e5ecea09d905; confidence 0.788935661315918
wd-Q136510115,MEDCO PHARMACY LTD,,Makurdi,Makurdi,Benue,place,7.723527,8.504017,exact,false,wikidata,,Wikidata Q136510115; instance-of: pharmacy
ov-86dd06fc-a712-4833-bf82-418424d02267,Medeves Laboratory and Clinical Services,,Makurdi,Makurdi,Benue,diagnostics-imaging-or-lab-service,7.726694,8.538251,exact,false,overture,CDLA-Permissive-2.0,Overture 86dd06fc-a712-4833-bf82-418424d02267; confidence 0.5958155989646912
ov-7daec29b-0ea5-4fe0-8e25-70810f7f9725,Meeting Point Global Ltd,,Makurdi,Makurdi,Benue,professional-service,7.727345,8.533784,exact,false,overture,CDLA-Permissive-2.0,Overture 7daec29b-0ea5-4fe0-8e25-70810f7f9725; confidence 0.47978660464286804
ov-f7810104-cbad-4c7f-8d75-2b2fe359e3b3,Meeting point imagery,,Makurdi,Makurdi,Benue,professional-service,7.727365,8.533824,exact,false,overture,CDLA-Permissive-2.0,Overture f7810104-cbad-4c7f-8d75-2b2fe359e3b3; confidence 0.6791126728057861
wd-Q131361142,"Menroi Academy Nursery and Primary School, Makurdi",,Makurdi,Makurdi,Benue,school,7.732202,8.539205,exact,false,wikidata,,Wikidata Q131361142; instance-of: school
ov-d6eda22b-0f56-4cc9-be1a-551506e06d29,Mercy College of Medical Laboratories Mkd,,Makurdi,Makurdi,Benue,education,7.749476,8.547348,exact,false,overture,CDLA-Permissive-2.0,Overture d6eda22b-0f56-4cc9-be1a-551506e06d29; confidence 0.8712965846061707
ov-c1dbac70-6fd1-4f64-bb4b-5c7565a84265,Merit Kings Educational Consultancy Ltd,,Makurdi,Makurdi,Benue,place,7.77636,8.540629,exact,false,overture,CDLA-Permissive-2.0,Overture c1dbac70-6fd1-4f64-bb4b-5c7565a84265; confidence 0.5231316685676575
ov-7bf67378-c9b1-426c-86a9-2da108f2c34a,Merit Plaza,,Makurdi,Makurdi,Benue,shopping-mall,7.718723,8.515048,exact,false,overture,CDLA-Permissive-2.0,Overture 7bf67378-c9b1-426c-86a9-2da108f2c34a; confidence 0.4559464156627655
wd-Q125464012,Methodist church makurdi,Methodist church,Makurdi,Makurdi,Benue,church,7.733187,8.51181,exact,false,overture|wikidata,CDLA-Permissive-2.0,Wikidata Q125464012; instance-of: church building; Overture b83d3745-6518-4b6e-aa58-d5ea58e8302a; confidence 0.5694814920425415
wd-Q131360867,"Methodist High School, Makurdi",,Makurdi,Makurdi,Benue,school,7.724849,8.514766,exact,false,wikidata,,Wikidata Q131360867; instance-of: school
ov-80cc2173-25e2-4119-b954-783585044e0b,Metro Prime Hotel,,Makurdi,Makurdi,Benue,hotel,7.72998,8.534002,exact,false,overture,CDLA-Permissive-2.0,Overture 80cc2173-25e2-4119-b954-783585044e0b; confidence 0.5927025675773621
gn-makurdi-mgbekpa-ppl-9509087,Mgbekpa,,Makurdi,Makurdi,Benue,village,7.66176,8.4828,exact,false,geonames,CC-BY-4.0,GeoNames feature P.PPL
ov-15121a05-ed6c-4132-a1ae-d658413553ef,Micga & Sons Investment Ltd,,Makurdi,Makurdi,Benue,professional-service,7.73333,8.53333,exact,false,overture,CDLA-Permissive-2.0,Overture 15121a05-ed6c-4132-a1ae-d658413553ef; confidence 0.7456530928611755
ov-34ff8fc7-3bff-4ffe-b825-de3acb638833,Michelle Agro.,,Makurdi,Makurdi,Benue,b2b-service,7.75,8.55,exact,false,overture,CDLA-Permissive-2.0,Overture 34ff8fc7-3bff-4ffe-b825-de3acb638833; confidence 0.5344973206520081
ov-afd762e6-cefc-49e7-9cbc-16a681a21324,MiddleBelt Records,,Makurdi,Makurdi,Benue,media-service,7.725097,8.536982,exact,false,overture,CDLA-Permissive-2.0,Overture afd762e6-cefc-49e7-9cbc-16a681a21324; confidence 0.8513697981834412
ov-48e9c034-8554-43d7-a448-2415cb84e202,MiddleBelt TV,,Makurdi,Makurdi,Benue,place,7.726374,8.532679,exact,false,overture,CDLA-Permissive-2.0,Overture 48e9c034-8554-43d7-a448-2415cb84e202; confidence 0.5570515990257263
ov-964b82f1-a9bb-4c7b-8b72-a83982ed6e38,MIKAP Nigeria Limited Makurdi Benue State,,Makurdi,Makurdi,Benue,place,7.72184,8.576509,exact,false,overture,CDLA-Permissive-2.0,Overture 964b82f1-a9bb-4c7b-8b72-a83982ed6e38; confidence 0.550581693649292
ov-a054d0de-98f2-46a4-b076-33460d3fd9e4,MIM National Conference,,Makurdi,Makurdi,Benue,religious-organization,7.7306,8.5361,exact,false,overture,CDLA-Permissive-2.0,Overture a054d0de-98f2-46a4-b076-33460d3fd9e4; confidence 0.7310437560081482
ov-f078aa90-cc67-4282-9551-7d23a113ef72,Mim Nkst Gaadi,,Makurdi,Makurdi,Benue,religious-organization,7.72184,8.576509,exact,false,overture,CDLA-Permissive-2.0,Overture f078aa90-cc67-4282-9551-7d23a113ef72; confidence 0.5580095052719116
ov-aad1dd16-70c3-413c-8108-291964beeb34,MIM NKST IFAN Makurdi,,Makurdi,Makurdi,Benue,religious-organization,7.694354,8.534314,exact,false,overture,CDLA-Permissive-2.0,Overture aad1dd16-70c3-413c-8108-291964beeb34; confidence 0.5370504856109619
ov-6aee99e7-acc0-426d-ac51-ca1b378e3bc3,Ministry of Lands & Survey,,Makurdi,Makurdi,Benue,government-office,7.738222,8.526673,exact,false,overture,CDLA-Permissive-2.0,Overture 6aee99e7-acc0-426d-ac51-ca1b378e3bc3; confidence 0.5623644590377808
ov-be29e4c4-dabc-482e-a247-370dd66ecd88,Ministry of Science and Technology,,Makurdi,Makurdi,Benue,government-office,7.735652,8.533103,exact,false,overture,CDLA-Permissive-2.0,Overture be29e4c4-dabc-482e-a247-370dd66ecd88; confidence 0.5890645384788513
ov-3ff54b1b-706e-49f3-a982-11a48019518b,Mishel G,,Makurdi,Makurdi,Benue,place,7.725155,8.555203,exact,false,overture,CDLA-Permissive-2.0,Overture 3ff54b1b-706e-49f3-a982-11a48019518b; confidence 0.1571757197380066
ov-4f77b2a5-5ee1-403f-9c16-2c34592b2ce6,Miste Beauty Salon and Spa,,Makurdi,Makurdi,Benue,personal-or-beauty-service,7.7306,8.5361,exact,false,overture,CDLA-Permissive-2.0,Overture 4f77b2a5-5ee1-403f-9c16-2c34592b2ce6; confidence 0.5305801630020142
ov-fbea9fb8-d80c-4c40-8b69-4309577973bf,Miva Rice,,Makurdi,Makurdi,Benue,event-or-party-service,7.75,8.55,exact,false,overture,CDLA-Permissive-2.0,Overture fbea9fb8-d80c-4c40-8b69-4309577973bf; confidence 0.7745696306228638
ov-3b6076fb-5721-4d76-bf00-9a67cdb1249e,Mobi-Tech Integrated Solutions,,Makurdi,Makurdi,Benue,corporate-or-business-office,7.725958,8.533005,exact,false,overture,CDLA-Permissive-2.0,Overture 3b6076fb-5721-4d76-bf00-9a67cdb1249e; confidence 0.5897009372711182
ov-fb7568d7-86b9-4dea-8922-c565a78eb01e,MoboVet Veterinary Services,,Makurdi,Makurdi,Benue,animal-or-pet-service,7.74425,8.51036,exact,false,overture,CDLA-Permissive-2.0,Overture fb7568d7-86b9-4dea-8922-c565a78eb01e; confidence 0.8549225926399231
wd-Q59815285,Modern Market,Makurdi Modern Market|Modern Market Makurdi,Makurdi,Makurdi,Benue,market,7.723313,8.5069,exact,false,curated|overture|wikidata,CDLA-Permissive-2.0|project-owned,Wikidata Q59815285; instance-of: market; Landmark coords already used by the app; Wikidata Q59815285; instance-of: marketplace; Overture 29ebf582-cb30-4ee5-8a21-fec936f3fb0e; confidence 0.735702395439148
wd-Q136824607,Modes Evergreen kitchen,,Makurdi,Makurdi,Benue,place,7.744082,8.518711,exact,false,wikidata,,Wikidata Q136824607; instance-of: restaurant
ov-e950311e-0844-4b55-bfd4-74596baef06a,Modesyth Clothing,,Makurdi,Makurdi,Benue,home-service,7.725582,8.527102,exact,false,overture,CDLA-Permissive-2.0,Overture e950311e-0844-4b55-bfd4-74596baef06a; confidence 0.5263128280639648
ov-20e27c28-1dba-412d-a8f5-3549fef1e15c,Morel Studio,,Makurdi,Makurdi,Benue,professional-service,7.723198,8.506448,exact,false,overture,CDLA-Permissive-2.0,Overture 20e27c28-1dba-412d-a8f5-3549fef1e15c; confidence 0.246647447347641
wd-Q131361398,"Morning Star School, Makurdi",,Makurdi,Makurdi,Benue,school,7.738051,8.517849,exact,false,wikidata,,Wikidata Q131361398; instance-of: school
ov-1916b8cc-a2a0-4d5c-823e-224fc9993919,Moses Nyiku,,Makurdi,Makurdi,Benue,place,7.72437,8.531631,exact,false,overture,CDLA-Permissive-2.0,Overture 1916b8cc-a2a0-4d5c-823e-224fc9993919; confidence 0.10402506589889526
wd-Q136777123,Mother Premgo International School,,Makurdi,Makurdi,Benue,school,7.74789,8.552323,exact,false,wikidata,,Wikidata Q136777123; instance-of: school
wd-Q136767739,Mother Victoria/El Kwabee Nursery Primary And Secondary School,,Makurdi,Makurdi,Benue,school,7.682523,8.537334,exact,false,wikidata,,Wikidata Q136767739; instance-of: school
wd-Q131362335,Mount Carmel College Makurdi,,Makurdi,Makurdi,Benue,school,7.705957,8.496586,exact,false,wikidata,,Wikidata Q131362335; instance-of: school
wd-Q126118265,Mount Saint Gabriels Secondary School,,Makurdi,Makurdi,Benue,school,7.731789,8.517285,exact,false,wikidata,,Wikidata Q126118265; instance-of: school
ov-532c2a9f-80cb-4342-ab98-5a47f172e794,Mount Saint Gabriels Secondary School Makurdi Benue State,,Makurdi,Makurdi,Benue,place-of-learning,7.731005,8.51736,exact,false,overture,CDLA-Permissive-2.0,Overture 532c2a9f-80cb-4342-ab98-5a47f172e794; confidence 0.9474910497665405
wd-Q136762219,"Mount Zion School (Nursery, Primary & Secondary)",,Makurdi,Makurdi,Benue,school,7.736555,8.498661,exact,false,wikidata,,Wikidata Q136762219; instance-of: school
wd-Q126113647,"Mount Zion Schools, Makurdi",,Makurdi,Makurdi,Benue,school,7.72909,8.496454,exact,false,wikidata,,Wikidata Q126113647; instance-of: school
wd-Q125469981,Mountain of Fire And Miracles Ministries,,Makurdi,Makurdi,Benue,church,7.755096,8.556331,exact,false,wikidata,,Wikidata Q125469981; instance-of: church building
ov-cce7f010-f9a1-4b55-a545-00c12e744eff,Mountain Of GOD'S Assembly For All Nations.-Mogafan Makurdi.,,Makurdi,Makurdi,Benue,religious-organization,7.740574,8.513452,exact,false,overture,CDLA-Permissive-2.0,Overture cce7f010-f9a1-4b55-a545-00c12e744eff; confidence 0.5333911180496216
ov-f937c97d-3f22-4a8a-9226-4c0e5c331cfd,Mountain Of Transfiguration Evangelical And Gospel Light Ministry. MOTEM,,Makurdi,Makurdi,Benue,christian-place-of-worship,7.724719,8.505354,exact,false,overture,CDLA-Permissive-2.0,Overture f937c97d-3f22-4a8a-9226-4c0e5c331cfd; confidence 0.9075056910514832
ov-9735e582-5347-4edb-8df5-c6163c56eab8,Mozey,,Makurdi,Makurdi,Benue,hotel,7.718668,8.515138,exact,false,overture,CDLA-Permissive-2.0,Overture 9735e582-5347-4edb-8df5-c6163c56eab8; confidence 0.7182385325431824
ov-c9107f57-4042-49f5-a6c0-c1935c32afa1,Mr biggs,,Makurdi,Makurdi,Benue,fast-food-restaurant,7.785469,8.552679,exact,false,overture,CDLA-Permissive-2.0,Overture c9107f57-4042-49f5-a6c0-c1935c32afa1; confidence 0.4036165475845337
wd-Q136764373,MT. Zion Model College Jobyyundan,,Makurdi,Makurdi,Benue,school,7.729076,8.496404,exact,false,wikidata,,Wikidata Q136764373; instance-of: school
ov-a3bafb59-488d-40f4-abfc-043ada837868,MTN DataShop,,Makurdi,Makurdi,Benue,corporate-or-business-office,7.726271,8.541271,exact,false,overture,CDLA-Permissive-2.0,Overture a3bafb59-488d-40f4-abfc-043ada837868; confidence 0.8272995948791504
gn-makurdi-mtu-ppl-6852774,Mtu,,Makurdi,Makurdi,Benue,village,7.68923,8.47233,exact,false,geonames,CC-BY-4.0,GeoNames feature P.PPL
wd-Q131299824,Multi Cuisine Restaurant,,Makurdi,Makurdi,Benue,place,7.707458,8.516537,exact,false,wikidata,,Wikidata Q131299824; instance-of: restaurant
wd-Q130633120,"Multicare Hospital, benue state",,Makurdi,Makurdi,Benue,place,7.779812,8.511681,exact,false,wikidata,,Wikidata Q130633120; instance-of: health
wd-Q131193063,"Multicare Hospital, Makurdi, Benue State",,Makurdi,Makurdi,Benue,hospital,7.731275,8.510073,exact,false,wikidata,,Wikidata Q131193063; instance-of: hospital
wd-Q130633667,"Myom Hospital, benue",,Makurdi,Makurdi,Benue,place,7.718657,8.516666,exact,false,wikidata,,Wikidata Q130633667; instance-of: health
ov-ae1bec52-a74f-4e9b-8118-3951eaa70bd2,N.gee Smag Vocational School,,Makurdi,Makurdi,Benue,casual-eatery,7.72643,8.52608,exact,false,overture,CDLA-Permissive-2.0,Overture ae1bec52-a74f-4e9b-8118-3951eaa70bd2; confidence 0.5833441019058228
wd-Q136825303,NACESTICT,,Makurdi,Makurdi,Benue,place,7.760674,8.532783,exact,false,wikidata,,Wikidata Q136825303; instance-of: restaurant
ov-ed2287cb-f005-4d3e-b2a0-11d31a98ec38,"Nadi schools, makurdi.",,Makurdi,Makurdi,Benue,place-of-learning,7.7306,8.5361,exact,false,overture,CDLA-Permissive-2.0,Overture ed2287cb-f005-4d3e-b2a0-11d31a98ec38; confidence 0.8837061524391174
ov-3decd35f-26ef-4d2c-b4a8-46a1a0d1b93b,Nadoo Clinic Association Makurdi,,Makurdi,Makurdi,Benue,health-care,7.749476,8.547348,exact,false,overture,CDLA-Permissive-2.0,Overture 3decd35f-26ef-4d2c-b4a8-46a1a0d1b93b; confidence 0.5384527444839478
ov-621e8112-0afa-4ffe-a4db-2be6e9c1589c,NAF Protestant Church,,Makurdi,Makurdi,Benue,christian-place-of-worship,7.707777,8.630572,exact,false,overture,CDLA-Permissive-2.0,Overture 621e8112-0afa-4ffe-a4db-2be6e9c1589c; confidence 0.6408148407936096; address locality: Markurdi
ov-be72272a-b7b8-4c44-a9ee-7e6ce9b9d41b,"Nan-Tor Schools, Makurdi.",,Makurdi,Makurdi,Benue,education,7.721463,8.573225,exact,false,overture,CDLA-Permissive-2.0,Overture be72272a-b7b8-4c44-a9ee-7e6ce9b9d41b; confidence 0.6648468375205994
wd-Q136510187,NANKA PHARMACY LTD,,Makurdi,Makurdi,Benue,place,7.723457,8.550248,exact,false,wikidata,,Wikidata Q136510187; instance-of: pharmacy
wd-Q136510221,NANKA PHARMACY LTD II,,Makurdi,Makurdi,Benue,place,7.698763,8.55429,exact,false,wikidata,,Wikidata Q136510221; instance-of: pharmacy
wd-Q136510286,NANKA PHARMACY LTD III,,Makurdi,Makurdi,Benue,place,7.754445,8.54728,exact,false,wikidata,,Wikidata Q136510286; instance-of: pharmacy
ov-a02a336a-e7bc-4f73-92f9-3485fd6514f1,Nasme Barracks,,Makurdi,Makurdi,Benue,event-or-party-service,7.76673,8.55948,exact,false,overture,CDLA-Permissive-2.0,Overture a02a336a-e7bc-4f73-92f9-3485fd6514f1; confidence 0.5802813768386841
ov-1d65b937-bef7-4822-8185-04ef81c6139e,National Evangelical Mission lnc Makurdi,,Makurdi,Makurdi,Benue,religious-organization,7.72771,8.54649,exact,false,overture,CDLA-Permissive-2.0,Overture 1d65b937-bef7-4822-8185-04ef81c6139e; confidence 0.649323046207428
ov-06191959-3964-41b3-aa15-3935241e13b2,National Identity Management Commission - Makurdi Office,,Makurdi,Makurdi,Benue,government-office,7.70988,8.527699,exact,false,overture,CDLA-Permissive-2.0,Overture 06191959-3964-41b3-aa15-3935241e13b2; confidence 0.6434223055839539
wd-Q108887421,"National Library of Nigeria, Benue State.",,Makurdi,Makurdi,Benue,place,7.7532,8.5391,exact,false,wikidata,,Wikidata Q108887421; instance-of: national library
ov-94149d37-9f3d-47d9-a3e2-fc85c4fe7dda,National open University of Nigeria,,Makurdi,Makurdi,Benue,college-university,7.681026,8.537606,exact,false,overture,CDLA-Permissive-2.0,Overture 94149d37-9f3d-47d9-a3e2-fc85c4fe7dda; confidence 0.6423232555389404
ov-aa6d6182-03c3-4096-a771-64e91045b854,"Nativity College, Makurdi.",,Makurdi,Makurdi,Benue,place-of-learning,7.728666,8.532306,exact,false,overture,CDLA-Permissive-2.0,Overture aa6d6182-03c3-4096-a771-64e91045b854; confidence 0.7124509215354919
ov-214a7f4e-64b2-43ed-b91e-435bcf53a195,Nativity Private School Makurdi,,Makurdi,Makurdi,Benue,place-of-learning,7.729671,8.530309,exact,false,overture,CDLA-Permissive-2.0,Overture 214a7f4e-64b2-43ed-b91e-435bcf53a195; confidence 0.3344915211200714
wd-Q131359277,"Nativity Private Schools, Makurdi",,Makurdi,Makurdi,Benue,school,7.729364,8.530596,exact,false,wikidata,,Wikidata Q131359277; instance-of: school
ng-benue-makurdi-naval-base-kanshio,Naval Base Kanshio,Naval Base Makurdi|Nigerian Navy Base Kanshio,Makurdi,Makurdi,Benue,landmark,7.685,8.5361,approximate,false,curated,project-owned,Draft; district-level coords (Kanshio); exact base position needs verification
ov-9f4443d1-7b71-4d51-b751-39396aa6bc67,Nazareth Institute of Health Science and Technology ,,Makurdi,Makurdi,Benue,college-university,7.729498,8.519595,exact,false,overture,CDLA-Permissive-2.0,Overture 9f4443d1-7b71-4d51-b751-39396aa6bc67; confidence 0.8695006370544434
ov-70eff2db-b3bd-4834-bb87-b3d620a725c5,Ndupet Shopping Plaza,,Makurdi,Makurdi,Benue,shopping-mall,7.723405,8.534592,exact,false,overture,CDLA-Permissive-2.0,Overture 70eff2db-b3bd-4834-bb87-b3d620a725c5; confidence 0.7725010514259338
ov-5ba82b6e-15dc-4864-aa8e-13f3f533741c,Nellys Lounge,,Makurdi,Makurdi,Benue,dance-club,7.717561,8.529002,exact,false,overture,CDLA-Permissive-2.0,Overture 5ba82b6e-15dc-4864-aa8e-13f3f533741c; confidence 0.8811413049697876
ov-c385393b-fecd-45fc-a7dd-583fa1324677,New AGE Barbers Shop - nabs,,Makurdi,Makurdi,Benue,personal-or-beauty-service,7.708685,8.520731,exact,false,overture,CDLA-Permissive-2.0,Overture c385393b-fecd-45fc-a7dd-583fa1324677; confidence 0.6331042647361755
ov-39d9adc1-d736-4199-a680-67caccf3a07b,New Anointing Ministries,,Makurdi,Makurdi,Benue,religious-organization,7.718562,8.534251,exact,false,overture,CDLA-Permissive-2.0,Overture 39d9adc1-d736-4199-a680-67caccf3a07b; confidence 0.9462576508522034
ov-bf70298d-8086-42d0-8104-3e24f9f83cc9,New Garaga,,Makurdi,Makurdi,Benue,bar,7.744783,8.522645,exact,false,overture,CDLA-Permissive-2.0,Overture bf70298d-8086-42d0-8104-3e24f9f83cc9; confidence 0.7225207686424255
ng-benue-makurdi-new-gra,New GRA,,Makurdi,Makurdi,Benue,district,7.73,8.535,approximate,false,curated,project-owned,Draft; coords approximate
ov-cd6394cb-289a-4bfd-8cc6-86e4889d0503,New Wave,,Makurdi,Makurdi,Benue,fashion-and-apparel-store,7.727766,8.533142,exact,false,overture,CDLA-Permissive-2.0,Overture cd6394cb-289a-4bfd-8cc6-86e4889d0503; confidence 0.6806429028511047
ov-4cbeca11-675d-4560-9514-333e32c2c6ea,Next-in HR Company,,Makurdi,Makurdi,Benue,automotive-service,7.714142,8.536435,exact,false,overture,CDLA-Permissive-2.0,Overture 4cbeca11-675d-4560-9514-333e32c2c6ea; confidence 0.7838490009307861
ov-f478f148-f5e0-499d-9270-6e9a762f96f6,Ngodoo garden,,Makurdi,Makurdi,Benue,restaurant,7.70981,8.532629,exact,false,overture,CDLA-Permissive-2.0,Overture f478f148-f5e0-499d-9270-6e9a762f96f6; confidence 0.5465603470802307
wd-Q130633960,"Nia Hospital, benue",,Makurdi,Makurdi,Benue,place,7.764923,8.560612,exact,false,wikidata,,Wikidata Q130633960; instance-of: health
ov-a4bf178d-b888-4381-9fa7-4fbce1cf770d,NIFES Jostum,,Makurdi,Makurdi,Benue,religious-organization,7.72644,8.526089,exact,false,overture,CDLA-Permissive-2.0,Overture a4bf178d-b888-4381-9fa7-4fbce1cf770d; confidence 0.7533458471298218
wd-Q134600516,Nigeria Air Force Makurdi,,Makurdi,Makurdi,Benue,place,7.70098,8.618817,exact,false,wikidata,,Wikidata Q134600516; instance-of: military unit
ov-64449173-a3bc-4639-923b-ce7c4e75293c,Nigeria Immigration Service,,Makurdi,Makurdi,Benue,government-office,7.734175,8.532283,exact,false,overture,CDLA-Permissive-2.0,Overture 64449173-a3bc-4639-923b-ce7c4e75293c; confidence 0.6841781139373779
ov-80c5d920-d29b-45e8-901d-c8f912f156c0,"Nigeria Peace Corps, Benue state command.",,Makurdi,Makurdi,Benue,government-office,7.75,8.55,exact,false,overture,CDLA-Permissive-2.0,Overture 80c5d920-d29b-45e8-901d-c8f912f156c0; confidence 0.5966447591781616
ov-90aea4c1-8777-4b9b-8d38-813b127f5799,Nigerian Air Force Base,,Makurdi,Makurdi,Benue,military-site,7.718488,8.572737,exact,false,overture,CDLA-Permissive-2.0,Overture 90aea4c1-8777-4b9b-8d38-813b127f5799; confidence 0.5899775624275208
ov-d74c66da-7923-40ad-8681-99b893797305,"Nigerian Airforce Base, Markurdi",,Makurdi,Makurdi,Benue,military-site,7.72364,8.560019,exact,false,overture,CDLA-Permissive-2.0,Overture d74c66da-7923-40ad-8681-99b893797305; confidence 0.7167455554008484
wd-Q109542862,"Nigerian Army Institute of Technology and Environmental Science (NAITES) Library, Makurdi",,Makurdi,Makurdi,Benue,place,7.764192,8.529912,exact,false,wikidata,,Wikidata Q109542862; instance-of: academic library
wd-Q107477126,Nigerian Army Institute of Technology and Environmental Science (NAITES) Makurdi,,Makurdi,Makurdi,Benue,place,7.764546,8.531263,exact,false,wikidata,,Wikidata Q107477126; instance-of: polytechnic
ov-1f2a12f5-15e3-45a8-b270-a902eb9a45d6,Nigerian Breweries BOYZ,,Makurdi,Makurdi,Benue,brewery,7.71721,8.594491,exact,false,overture,CDLA-Permissive-2.0,Overture 1f2a12f5-15e3-45a8-b270-a902eb9a45d6; confidence 0.5399511456489563
ov-b9fa51f3-28ae-4a68-a9b3-08a67e123cdd,Nigerian Police Force-Railway Barracks,,Makurdi,Makurdi,Benue,police-station,7.728047,8.53522,exact,false,overture,CDLA-Permissive-2.0,Overture b9fa51f3-28ae-4a68-a9b3-08a67e123cdd; confidence 0.5238354802131653
ov-2ffe420f-9307-4704-b768-e8d90fb9ff35,NIIT Makudi,,Makurdi,Makurdi,Benue,specialty-school,7.73333,8.53333,exact,false,overture,CDLA-Permissive-2.0,Overture 2ffe420f-9307-4704-b768-e8d90fb9ff35; confidence 0.7773281335830688
ov-ab0664d2-c763-493e-a281-d98fd3e26320,NIMC BENUE,,Makurdi,Makurdi,Benue,government-office,7.711289,8.526721,exact,false,overture,CDLA-Permissive-2.0,Overture ab0664d2-c763-493e-a281-d98fd3e26320; confidence 0.687190592288971
ov-755ae4db-f2f8-4444-b1cc-b6e40179d66b,Nipples Lounge,,Makurdi,Makurdi,Benue,dance-club,7.731326,8.530984,exact,false,overture,CDLA-Permissive-2.0,Overture 755ae4db-f2f8-4444-b1cc-b6e40179d66b; confidence 0.44457757472991943
ov-c131fedc-39cf-4235-81b9-9ca72f225ef9,NKST Ama-Mkd URCC,,Makurdi,Makurdi,Benue,religious-organization,7.725155,8.555203,exact,false,overture,CDLA-Permissive-2.0,Overture c131fedc-39cf-4235-81b9-9ca72f225ef9; confidence 0.8082512021064758
ov-a8a5cea6-0518-44a1-a270-2047ed7e5c07,"NKST Asase North-Bank, Makurdi.",,Makurdi,Makurdi,Benue,christian-place-of-worship,7.763226,8.568718,exact,false,overture,CDLA-Permissive-2.0,Overture a8a5cea6-0518-44a1-a270-2047ed7e5c07; confidence 0.7470698356628418
ov-c4f677c7-bb43-4de3-a029-1d36d39c62a3,NKST Church,,Makurdi,Makurdi,Benue,christian-place-of-worship,7.721546,8.524661,exact,false,overture,CDLA-Permissive-2.0,Overture c4f677c7-bb43-4de3-a029-1d36d39c62a3; confidence 0.7135006189346313
ov-dd8d9521-93e6-4ac5-993a-bf583033d9e5,NKST Church,,Makurdi,Makurdi,Benue,christian-place-of-worship,7.724157,8.543679,exact,false,overture,CDLA-Permissive-2.0,Overture dd8d9521-93e6-4ac5-993a-bf583033d9e5; confidence 0.5933964848518372
ov-2a2cd9c1-fb3a-474f-a18f-67e2a2ce3f9d,NKST Church,,Makurdi,Makurdi,Benue,christian-place-of-worship,7.712451,8.553898,exact,false,overture,CDLA-Permissive-2.0,Overture 2a2cd9c1-fb3a-474f-a18f-67e2a2ce3f9d; confidence 0.924537718296051
ov-f1809d25-af65-4dc7-b3e4-6503c667ce2d,NKST Church Achusa,,Makurdi,Makurdi,Benue,christian-place-of-worship,7.695187,8.518012,exact,false,overture,CDLA-Permissive-2.0,Overture f1809d25-af65-4dc7-b3e4-6503c667ce2d; confidence 0.6658044457435608
wd-Q125470039,NKST Church High-Level Makurdi,,Makurdi,Makurdi,Benue,church,7.721876,8.524703,exact,false,wikidata,,Wikidata Q125470039; instance-of: church building
ov-52ba5bb1-332a-4668-b097-ae1cb2dce540,Nkst Church Ifan,,Makurdi,Makurdi,Benue,christian-place-of-worship,7.701527,8.528221,exact,false,overture,CDLA-Permissive-2.0,Overture 52ba5bb1-332a-4668-b097-ae1cb2dce540; confidence 0.5977591872215271
ov-86f96445-fa55-4038-9f9d-cf7dad67b6ac,NKST Church Iortyer,,Makurdi,Makurdi,Benue,christian-place-of-worship,7.723598,8.562534,exact,false,overture,CDLA-Permissive-2.0,Overture 86f96445-fa55-4038-9f9d-cf7dad67b6ac; confidence 0.5660579204559326
wd-Q136655520,"NKST Church Lobi, Makurdi",,Makurdi,Makurdi,Benue,place,7.788643,8.520311,exact,false,wikidata,,Wikidata Q136655520; instance-of: structure of worship
ov-42cb868d-9b31-4136-b004-828bc7da69ac,NKST Church North Bank Makurdi,,Makurdi,Makurdi,Benue,christian-place-of-worship,7.759422,8.550173,exact,false,overture,CDLA-Permissive-2.0,Overture 42cb868d-9b31-4136-b004-828bc7da69ac; confidence 0.5354764461517334
ov-63f66b0a-14ce-4277-9b0e-4f92846d5a1a,NKST Church Tionsha,,Makurdi,Makurdi,Benue,christian-place-of-worship,7.700358,8.491323,exact,false,overture,CDLA-Permissive-2.0,Overture 63f66b0a-14ce-4277-9b0e-4f92846d5a1a; confidence 0.4844304025173187; address locality: Markurdi
ov-16b1acb4-adf4-4a13-9bd4-de0d24aaa639,NKST Church VOR,,Makurdi,Makurdi,Benue,christian-place-of-worship,7.690089,8.494313,exact,false,overture,CDLA-Permissive-2.0,Overture 16b1acb4-adf4-4a13-9bd4-de0d24aaa639; confidence 0.9499167799949646
ov-77ef4d87-5f2b-4d44-96bc-f1488c30ce26,"NKST Church, Iortyer",,Makurdi,Makurdi,Benue,religious-organization,7.72184,8.576509,exact,false,overture,CDLA-Permissive-2.0,Overture 77ef4d87-5f2b-4d44-96bc-f1488c30ce26; confidence 0.8965466618537903
ov-47446967-f675-478a-a6a6-2d24abfc788c,NKST Idye,,Makurdi,Makurdi,Benue,christian-place-of-worship,7.717216,8.535369,exact,false,overture,CDLA-Permissive-2.0,Overture 47446967-f675-478a-a6a6-2d24abfc788c; confidence 0.8562086224555969
ov-4bac7067-6b03-4c71-a8a6-4555315c901e,NKST Lobi,,Makurdi,Makurdi,Benue,christian-place-of-worship,7.733654,8.524562,exact,false,overture,CDLA-Permissive-2.0,Overture 4bac7067-6b03-4c71-a8a6-4555315c901e; confidence 0.7782197594642639
ov-bed2102c-7e8c-45f6-ad84-744455b55612,"NKST Low Level, Makurdi",,Makurdi,Makurdi,Benue,christian-place-of-worship,7.669831,8.545015,exact,false,overture,CDLA-Permissive-2.0,Overture bed2102c-7e8c-45f6-ad84-744455b55612; confidence 0.8679463863372803
ov-cfcb1f04-0d80-44ca-935d-984481d9b171,"Nkst Makurdi Central, Wadata",,Makurdi,Makurdi,Benue,christian-place-of-worship,7.737882,8.506651,exact,false,overture,CDLA-Permissive-2.0,Overture cfcb1f04-0d80-44ca-935d-984481d9b171; confidence 0.6852055788040161
ov-b3f6eb50-5884-410e-b991-4d1a06f0b534,nkst nur/pris low level mkd,,Makurdi,Makurdi,Benue,place-of-learning,7.7287,8.5329,exact,false,overture,CDLA-Permissive-2.0,Overture b3f6eb50-5884-410e-b991-4d1a06f0b534; confidence 0.6110027432441711
ov-cba8716d-d5bd-45ff-a556-4e6224076f51,NNPC Mega Station,,Makurdi,Makurdi,Benue,gas-station,7.708225,8.539694,exact,false,overture,CDLA-Permissive-2.0,Overture cba8716d-d5bd-45ff-a556-4e6224076f51; confidence 0.6129031777381897
ov-3194276c-ee47-47f6-ac2d-f80c9225f911,No 8 Daniel Shinyi Street,,Makurdi,Makurdi,Benue,professional-service,7.706308,8.510784,exact,false,overture,CDLA-Permissive-2.0,Overture 3194276c-ee47-47f6-ac2d-f80c9225f911; confidence 0.7355740666389465
ov-2ff77877-19dc-4870-a2c6-ddaf50872ff1,Nobis Supermarket Limited,,Makurdi,Makurdi,Benue,food-and-beverage-store,7.727155,8.544339,exact,false,overture,CDLA-Permissive-2.0,Overture 2ff77877-19dc-4870-a2c6-ddaf50872ff1; confidence 0.786884605884552
ov-3cfdcf32-4788-42b7-95b7-a95d12d63f63,Nomslar Enterprise,,Makurdi,Makurdi,Benue,place,7.740574,8.513452,exact,false,overture,CDLA-Permissive-2.0,Overture 3cfdcf32-4788-42b7-95b7-a95d12d63f63; confidence 0.524387776851654
gn-makurdi-nongur-ppl-2328740,Nongur,,Makurdi,Makurdi,Benue,village,7.84939,8.53298,exact,false,geonames,CC-BY-4.0,GeoNames feature P.PPL
ng-benue-makurdi-north-bank,North Bank,Northbank|North Bank Makurdi,Makurdi,Makurdi,Benue,district,7.77,8.52,approximate,false,curated,project-owned,Draft. North of the Benue river; coords approximate
wd-Q59815275,North Bank I,,Makurdi,Makurdi,Benue,place,7.7803,8.5556,exact,false,wikidata,,Wikidata Q59815275; instance-of: ward of the makurdi legislative council
wd-Q59815277,North Bank II,,Makurdi,Makurdi,Benue,place,7.748,8.5556,exact,false,wikidata,,Wikidata Q59815277; instance-of: ward of the makurdi legislative council
wd-Q108548105,North bank market,North Bank Market,Makurdi,Makurdi,Benue,market,7.754362,8.546472,exact,false,overture|wikidata,CDLA-Permissive-2.0,Wikidata Q108548105; instance-of: market; Overture 0d67346f-726c-4419-959d-b1679772734d; confidence 0.6288519501686096
ov-adc4bb45-faac-4fe4-b9c2-c8dc560da100,Novel Computer Store,,Makurdi,Makurdi,Benue,electronics-store,7.736821,8.528765,exact,false,overture,CDLA-Permissive-2.0,Overture adc4bb45-faac-4fe4-b9c2-c8dc560da100; confidence 0.6085574626922607
ov-28529f79-e19c-49e5-9cc4-6d71cc6f872d,Novus Microfinance Bank,,Makurdi,Makurdi,Benue,financial-service,7.7287,8.5329,exact,false,overture,CDLA-Permissive-2.0,Overture 28529f79-e19c-49e5-9cc4-6d71cc6f872d; confidence 0.8617527484893799
ov-fbe573f8-c324-459e-8ff0-aae586cfe2bc,NTA Makurdi Network Centre,,Makurdi,Makurdi,Benue,media-service,7.739219,8.532298,exact,false,overture,CDLA-Permissive-2.0,Overture fbe573f8-c324-459e-8ff0-aae586cfe2bc; confidence 0.6821663975715637
ov-ed7cfb89-3c7a-4d84-9a47-30ae8e8b95f0,NUESA Jostum Chapter,,Makurdi,Makurdi,Benue,education,7.765578,8.621162,exact,false,overture,CDLA-Permissive-2.0,Overture ed7cfb89-3c7a-4d84-9a47-30ae8e8b95f0; confidence 0.7620589733123779
ov-195491d1-47f0-4e8b-9333-eea87e945855,"NUJ Pen College, Nyiman-Makurdi, Benue State",,Makurdi,Makurdi,Benue,place-of-learning,7.723962,8.507965,exact,false,overture,CDLA-Permissive-2.0,Overture 195491d1-47f0-4e8b-9333-eea87e945855; confidence 0.6603721976280212
gn-makurdi-nyamkor-ppl-2328519,Nyamkor,,Makurdi,Makurdi,Benue,village,7.76669,8.62134,exact,false,geonames,CC-BY-4.0,GeoNames feature P.PPL
gn-makurdi-nyamsando-ppl-6852863,Nyamsando,,Makurdi,Makurdi,Benue,village,7.75338,8.40139,exact,false,geonames,CC-BY-4.0,GeoNames feature P.PPL
gn-makurdi-nyer-ppl-9508906,Nyer,,Makurdi,Makurdi,Benue,village,7.68216,8.44441,exact,false,geonames,CC-BY-4.0,GeoNames feature P.PPL
gn-makurdi-nyikua-ppl-2328461,Nyikua,,Makurdi,Makurdi,Benue,village,7.69283,8.58707,exact,false,geonames,CC-BY-4.0,GeoNames feature P.PPL
gn-makurdi-nyili-ppl-6852748,Nyili,,Makurdi,Makurdi,Benue,village,7.6683,8.40917,exact,false,geonames,CC-BY-4.0,GeoNames feature P.PPL
ng-benue-makurdi-nyiman,Nyiman Layout,Nyiman,Makurdi,Makurdi,Benue,district,7.745,8.53,approximate,false,curated,project-owned,Draft; coords approximate
wd-Q115453094,NYSC Secretariat Makurdi,,Makurdi,Makurdi,Benue,place,7.727766,8.526711,exact,false,wikidata,,Wikidata Q115453094; instance-of: building
ov-e4e0e0f4-3303-47aa-ac36-e82b4795fa06,Oche Crystal.,,Makurdi,Makurdi,Benue,place,7.72643,8.52608,exact,false,overture,CDLA-Permissive-2.0,Overture e4e0e0f4-3303-47aa-ac36-e82b4795fa06; confidence 0.11885188519954681; address locality: Lagos
ov-8c7bf8ce-e329-4009-8d4d-43354f86a673,Oficon,,Makurdi,Makurdi,Benue,bar,7.712365,8.541061,exact,false,overture,CDLA-Permissive-2.0,Overture 8c7bf8ce-e329-4009-8d4d-43354f86a673; confidence 0.7548097968101501
ov-e7260871-5042-40ca-9889-209a7cc8143b,Oficon Nigeria Limited,,Makurdi,Makurdi,Benue,shopping,7.7306,8.5361,exact,false,overture,CDLA-Permissive-2.0,Overture e7260871-5042-40ca-9889-209a7cc8143b; confidence 0.7106196880340576
ov-e3017d7e-4dec-4a9d-b1b6-bef204e9c88a,Ogens Telecommunications,,Makurdi,Makurdi,Benue,technical-service,7.730239,8.53709,exact,false,overture,CDLA-Permissive-2.0,Overture e3017d7e-4dec-4a9d-b1b6-bef204e9c88a; confidence 0.6382646560668945
ov-73144a6d-869c-4422-b47a-d5906e4bf25e,Oj Global Services,,Makurdi,Makurdi,Benue,b2b-transportation-and-storage-service,7.721502,8.527266,exact,false,overture,CDLA-Permissive-2.0,Overture 73144a6d-869c-4422-b47a-d5906e4bf25e; confidence 0.8065710067749023
wd-Q137848969,OJILIMA HOSPITAL SERVICES LTD,,Makurdi,Makurdi,Benue,hospital,7.734994,8.533019,exact,false,wikidata,,Wikidata Q137848969; instance-of: hospital
ov-0dc329c5-11ae-4cb7-af78-e67706f723e7,"Okiky Hotels and Resort, Makurdi",,Makurdi,Makurdi,Benue,resort,7.765578,8.621162,exact,false,overture,CDLA-Permissive-2.0,Overture 0dc329c5-11ae-4cb7-af78-e67706f723e7; confidence 0.7954587936401367
gn-makurdi-okoho-ppl-2327093,Okoho,,Makurdi,Makurdi,Benue,village,7.81553,8.63605,exact,false,geonames,CC-BY-4.0,GeoNames feature P.PPL
wd-Q28457188,"Old Bridge, Makurdi",,Makurdi,Makurdi,Benue,bridge,7.7419,8.5407,exact,false,wikidata,,Wikidata Q28457188; instance-of: road bridge; Wikidata Q28457188; instance-of: railway bridge
ng-benue-makurdi-old-gra,Old GRA,,Makurdi,Makurdi,Benue,district,7.736,8.53,approximate,false,curated,project-owned,Draft; coords approximate
ng-benue-makurdi-old-otukpo-road,Old Otukpo Road,Old Otukpo Rd|Otukpo Old Road,Makurdi,Makurdi,Benue,landmark,7.71,8.495,approximate,false,curated,project-owned,Draft; approximate point on the old Otukpo road south of town; needs verification
ov-b9d27205-5c0e-4e83-8274-ae6a34661bb1,Olive Branch Deluxe Suites,,Makurdi,Makurdi,Benue,hotel,7.710548,8.52722,exact,false,overture,CDLA-Permissive-2.0,Overture b9d27205-5c0e-4e83-8274-ae6a34661bb1; confidence 0.5730527639389038
ov-70e9db72-f2ec-464d-8878-1ae069ba56cb,Olive Branch Of Righteousness Ministry,,Makurdi,Makurdi,Benue,christian-place-of-worship,7.709295,8.539499,exact,false,overture,CDLA-Permissive-2.0,Overture 70e9db72-f2ec-464d-8878-1ae069ba56cb; confidence 0.8270232677459717
wd-Q136510404,OLIVINE PHARMACY LTD,,Makurdi,Makurdi,Benue,place,7.750789,8.545694,exact,false,wikidata,,Wikidata Q136510404; instance-of: pharmacy
ov-7c0cc11e-46eb-47dc-8589-54e7da21e7ec,Omega Agri-Tech Limited,,Makurdi,Makurdi,Benue,agricultural-service,7.713888,8.531178,exact,false,overture,CDLA-Permissive-2.0,Overture 7c0cc11e-46eb-47dc-8589-54e7da21e7ec; confidence 0.536426842212677
ov-fd2ea935-a800-4125-9970-5f34827b5663,OPAL International Academy,,Makurdi,Makurdi,Benue,place-of-learning,7.719931,8.502709,exact,false,overture,CDLA-Permissive-2.0,Overture fd2ea935-a800-4125-9970-5f34827b5663; confidence 0.9215252995491028
ov-af2a4115-5f62-41e0-81da-67810899c668,Opem Media Studio,,Makurdi,Makurdi,Benue,professional-service,7.719688,8.529698,exact,false,overture,CDLA-Permissive-2.0,Overture af2a4115-5f62-41e0-81da-67810899c668; confidence 0.7681480050086975
gn-makurdi-opin-ppl-2325901,Opin,,Makurdi,Makurdi,Benue,village,7.84096,8.63545,exact,false,geonames,CC-BY-4.0,GeoNames feature P.PPL
ov-04681015-f4ff-447f-b2ee-4c43687052db,Opposite 1st Gate Benue State University Makurdi.,,Makurdi,Makurdi,Benue,college-university,7.72096,8.553011,exact,false,overture,CDLA-Permissive-2.0,Overture 04681015-f4ff-447f-b2ee-4c43687052db; confidence 0.25900864601135254
ov-6c1c8043-c9c1-443c-b9b3-2f020132d880,Oracle WildLife and Park,,Makurdi,Makurdi,Benue,sport-or-fitness-facility,7.72184,8.576509,exact,false,overture,CDLA-Permissive-2.0,Overture 6c1c8043-c9c1-443c-b9b3-2f020132d880; confidence 0.86320561170578
ov-f1559b47-bd3c-4fe6-a1cb-8ce32786e2da,Orbitel Services NIG.,,Makurdi,Makurdi,Benue,professional-service,7.7306,8.5361,exact,false,overture,CDLA-Permissive-2.0,Overture f1559b47-bd3c-4fe6-a1cb-8ce32786e2da; confidence 0.5818352699279785
gn-makurdi-orchiga-ppl-6852752,Orchiga,,Makurdi,Makurdi,Benue,village,7.6723,8.44655,exact,false,geonames,CC-BY-4.0,GeoNames feature P.PPL
wd-Q131359302,"Orenda Schools, Makurdi",Orenda Schools,Makurdi,Makurdi,Benue,school,7.72015,8.503243,exact,false,overture|wikidata,CDLA-Permissive-2.0,Wikidata Q131359302; instance-of: school; Overture 2d6b5da2-f882-4ede-ab88-4195cfe7c4e0; confidence 0.726642906665802
gn-makurdi-orkpoogh-ppl-2325728,Orkpoogh,,Makurdi,Makurdi,Benue,village,7.79001,8.61851,exact,false,geonames,CC-BY-4.0,GeoNames feature P.PPL
ov-ebc67386-dbe2-435c-a08b-20664df5631a,Orokpo & Sons Estate Ltd.,,Makurdi,Makurdi,Benue,real-estate-service,7.7306,8.5361,exact,false,overture,CDLA-Permissive-2.0,Overture ebc67386-dbe2-435c-a08b-20664df5631a; confidence 0.5351347923278809
ov-d53fad79-b1d0-4f78-ad53-d100ea1ab57d,Ortato Vocation Center,,Makurdi,Makurdi,Benue,place,7.75,8.55,exact,false,overture,CDLA-Permissive-2.0,Overture d53fad79-b1d0-4f78-ad53-d100ea1ab57d; confidence 0.5659346580505371
gn-makurdi-ortir-ppl-9507369,Ortir,,Makurdi,Makurdi,Benue,village,7.71628,8.46764,exact,false,geonames,CC-BY-4.0,GeoNames feature P.PPL
ov-d89ca250-580b-44ff-abe3-2cc31fb95967,Ortis Imagery,,Makurdi,Makurdi,Benue,professional-service,7.72285,8.525631,exact,false,overture,CDLA-Permissive-2.0,Overture d89ca250-580b-44ff-abe3-2cc31fb95967; confidence 0.45290330052375793
gn-makurdi-orwuatsaga-ppl-6852677,Orwuatsaga,,Makurdi,Makurdi,Benue,village,7.61711,8.56506,exact,false,geonames,CC-BY-4.0,GeoNames feature P.PPL
ov-7862e7d8-b331-4383-8702-3615a750febf,OT Orshitile Esq.,,Makurdi,Makurdi,Benue,legal-service,7.73898,8.51542,exact,false,overture,CDLA-Permissive-2.0,Overture 7862e7d8-b331-4383-8702-3615a750febf; confidence 0.591566801071167
ov-2e9d34db-747c-4e7f-9c64-2bd54dc47ac2,Oteeck Computers,,Makurdi,Makurdi,Benue,cafe,7.723619,8.535708,exact,false,overture,CDLA-Permissive-2.0,Overture 2e9d34db-747c-4e7f-9c64-2bd54dc47ac2; confidence 0.6261008977890015
ov-56ca391c-983e-4313-8ca8-bb197b7ffe41,Otukpa-OGBADIBO,,Makurdi,Makurdi,Benue,professional-service,7.72644,8.52609,exact,false,overture,CDLA-Permissive-2.0,Overture 56ca391c-983e-4313-8ca8-bb197b7ffe41; confidence 0.3156358003616333
ov-c7b3f7e3-6412-4ecd-8dd8-12d114dddcbd,Our Choice Water,,Makurdi,Makurdi,Benue,corporate-or-business-office,7.75,8.55,exact,false,overture,CDLA-Permissive-2.0,Overture c7b3f7e3-6412-4ecd-8dd8-12d114dddcbd; confidence 0.5596002340316772
wd-Q136647057,"Our Lady of Perpertual Help Cathedral, Makurdi",,Makurdi,Makurdi,Benue,church,7.77503,8.54777,exact,false,wikidata,,Wikidata Q136647057; instance-of: church building
ov-37169d19-0a26-4a6f-be55-a475c71bd5b0,Our Lady of Perpetual Help Altar Servers choir,,Makurdi,Makurdi,Benue,religious-organization,7.717515,8.504963,exact,false,overture,CDLA-Permissive-2.0,Overture 37169d19-0a26-4a6f-be55-a475c71bd5b0; confidence 0.4263874590396881
wd-Q123054274,Our Lady of Perpetual Help Cathedral,,Makurdi,Makurdi,Benue,place,7.71756,8.50494,exact,false,overture|wikidata,CDLA-Permissive-2.0,Wikidata Q123054274; instance-of: catholic cathedral; Overture 8f6e98df-025e-4a9d-ac68-4dea8a2dc237; confidence 0.7281343936920166
ov-6b5f1900-c2ad-4232-ad1c-493e63bcaeea,OVEMU Computers and Electronics,,Makurdi,Makurdi,Benue,electronics-store,7.75,8.55,exact,false,overture,CDLA-Permissive-2.0,Overture 6b5f1900-c2ad-4232-ad1c-493e63bcaeea; confidence 0.613871693611145
ov-bac7fb4a-59ef-4ab1-b4f4-0bf37e4c47ca,OXBEEMIXXstudio,,Makurdi,Makurdi,Benue,media-service,7.719597,8.5217,exact,false,overture,CDLA-Permissive-2.0,Overture bac7fb4a-59ef-4ab1-b4f4-0bf37e4c47ca; confidence 0.8351594805717468
ov-72761dfb-02da-49f2-969d-7631d68fdb72,Oyibe Hotel and Suites MKD,,Makurdi,Makurdi,Benue,hotel,7.706307,8.515814,exact,false,overture,CDLA-Permissive-2.0,Overture 72761dfb-02da-49f2-969d-7631d68fdb72; confidence 0.541362464427948
wd-Q136764392,Oyibo International Nursery And Primary,,Makurdi,Makurdi,Benue,school,7.743456,8.547889,exact,false,wikidata,,Wikidata Q136764392; instance-of: school
ov-b8d2e3cd-0c3a-4703-b6c6-791431c4b955,"Oyigwu entrepreneurship business, oweto agatu bunue state",,Makurdi,Makurdi,Benue,food-and-beverage-store,7.67248,8.54451,exact,false,overture,CDLA-Permissive-2.0,Overture b8d2e3cd-0c3a-4703-b6c6-791431c4b955; confidence 0.5966489315032959
ov-01ed9d46-66f7-4669-8ff3-1aed183566ff,Pacesetter Beddings,,Makurdi,Makurdi,Benue,hardware-home-and-garden-store,7.713842,8.505943,exact,false,overture,CDLA-Permissive-2.0,Overture 01ed9d46-66f7-4669-8ff3-1aed183566ff; confidence 0.39610233902931213
wd-Q136510407,PAG PHARMACY LTD,,Makurdi,Makurdi,Benue,place,7.721777,8.531253,exact,false,wikidata,,Wikidata Q136510407; instance-of: pharmacy
ov-f867976f-74ad-42ae-b3a4-da99bbb5a4a8,Palm Garden Motel,,Makurdi,Makurdi,Benue,hotel,7.708831,8.553733,exact,false,overture,CDLA-Permissive-2.0,Overture f867976f-74ad-42ae-b3a4-da99bbb5a4a8; confidence 0.9133937358856201
ov-d1ff5b2a-7502-4acc-8a4f-0421d18f86af,Pamps Hospital,,Makurdi,Makurdi,Benue,hospital,7.726384,8.541582,exact,false,overture,CDLA-Permissive-2.0,Overture d1ff5b2a-7502-4acc-8a4f-0421d18f86af; confidence 0.5859432220458984
ov-37693491-128c-46d9-90f6-b927f48faec0,Paradise Hostel,,Makurdi,Makurdi,Benue,lodging,7.772797,8.619206,exact,false,overture,CDLA-Permissive-2.0,Overture 37693491-128c-46d9-90f6-b927f48faec0; confidence 0.43848350644111633
ov-71cd880c-1fa7-4da5-86df-33f903522f85,Paradiso Media Services,,Makurdi,Makurdi,Benue,specialty-school,7.71852,8.52308,exact,false,overture,CDLA-Permissive-2.0,Overture 71cd880c-1fa7-4da5-86df-33f903522f85; confidence 0.5516167283058167
wd-Q125471747,Parrhesia Christian Centre,,Makurdi,Makurdi,Benue,church,7.721561,8.566867,exact,false,wikidata,,Wikidata Q125471747; instance-of: church building
ov-36806248-467d-4745-897a-6efb600d1bb2,Pashnet Marketplace,,Makurdi,Makurdi,Benue,professional-service,7.74002,8.5209,exact,false,overture,CDLA-Permissive-2.0,Overture 36806248-467d-4745-897a-6efb600d1bb2; confidence 0.5868590474128723
ov-8a981a0c-c462-4d2f-a5a5-0fa501fb8108,PatForest Science & Amusement Centre,,Makurdi,Makurdi,Benue,amusement-park,7.715584,8.504963,exact,false,overture,CDLA-Permissive-2.0,Overture 8a981a0c-c462-4d2f-a5a5-0fa501fb8108; confidence 0.8631355166435242
ov-3be298dc-bfa0-4e65-8e03-3e98fba6581d,"Paul Epton Academy Makurdi, Benue State",,Makurdi,Makurdi,Benue,place-of-learning,7.7306,8.5361,exact,false,overture,CDLA-Permissive-2.0,Overture 3be298dc-bfa0-4e65-8e03-3e98fba6581d; confidence 0.7415590286254883
wd-Q131362295,"Paul Epton Academy, Makurdi",,Makurdi,Makurdi,Benue,school,7.733093,8.49643,exact,false,wikidata,,Wikidata Q131362295; instance-of: school
ov-dfd113ed-0430-4c7c-aabf-9a4698d9f8c5,Pearls Care Initiative (PCI),,Makurdi,Makurdi,Benue,civic-organization,7.730805,8.507938,exact,false,overture,CDLA-Permissive-2.0,Overture dfd113ed-0430-4c7c-aabf-9a4698d9f8c5; confidence 0.5744119882583618
gn-makurdi-penda-ppl-9507371,Penda,,Makurdi,Makurdi,Benue,village,7.71161,8.47576,exact,false,geonames,CC-BY-4.0,GeoNames feature P.PPL
wd-Q130639003,Peo-Med Specialists Hospital,,Makurdi,Makurdi,Benue,place,7.737952,8.538446,exact,false,wikidata,,Wikidata Q130639003; instance-of: health
ov-d6d98b36-509f-4b8c-95f9-549ac922cd3b,Peomed,,Makurdi,Makurdi,Benue,health-care,7.7306,8.5361,exact,false,overture,CDLA-Permissive-2.0,Overture d6d98b36-509f-4b8c-95f9-549ac922cd3b; confidence 0.5483987331390381
ov-ad5d6fda-c7c5-4a53-b7cc-7c672f98e92b,PETEX,,Makurdi,Makurdi,Benue,college-university,7.72513,8.49903,exact,false,overture,CDLA-Permissive-2.0,Overture ad5d6fda-c7c5-4a53-b7cc-7c672f98e92b; confidence 0.6621096134185791
ov-aff10b0f-f3c8-4dc2-94ca-b485c8751151,Petros Information Systems Ltd,,Makurdi,Makurdi,Benue,corporate-or-business-office,7.72644,8.52609,exact,false,overture,CDLA-Permissive-2.0,Overture aff10b0f-f3c8-4dc2-94ca-b485c8751151; confidence 0.8153069615364075
ov-1a8c65a2-99ab-4ec2-bff1-564b944e2767,Peugeot Auto Services,,Makurdi,Makurdi,Benue,auto-dealer,7.686697,8.535451,exact,false,overture,CDLA-Permissive-2.0,Overture 1a8c65a2-99ab-4ec2-bff1-564b944e2767; confidence 0.31470629572868347; address locality: Kanshio
wd-Q136510438,PHILIP PHARMACY & STORES LTD,,Makurdi,Makurdi,Benue,place,7.726613,8.53945,exact,false,wikidata,,Wikidata Q136510438; instance-of: pharmacy
ov-442cf20e-a93f-4595-95d8-729e2ba0a698,Pillars Studio,,Makurdi,Makurdi,Benue,design-service,7.7306,8.5361,exact,false,overture,CDLA-Permissive-2.0,Overture 442cf20e-a93f-4595-95d8-729e2ba0a698; confidence 0.7343900203704834
wd-Q130633775,Pishon Women Specialist Clinic,,Makurdi,Makurdi,Benue,place,7.77853,8.511173,exact,false,wikidata,,Wikidata Q130633775; instance-of: health
ov-3f29961a-2fdc-4a26-9ab6-2e63d4542a43,Piwa Guest House,,Makurdi,Makurdi,Benue,bar,7.718412,8.554862,exact,false,overture,CDLA-Permissive-2.0,Overture 3f29961a-2fdc-4a26-9ab6-2e63d4542a43; confidence 0.3658519983291626; address locality: Markurdi
ov-3f9d9ec0-5d65-4e4e-afa8-35eb7822ed79,Pixa10 Studio,,Makurdi,Makurdi,Benue,professional-service,7.718593,8.531791,exact,false,overture,CDLA-Permissive-2.0,Overture 3f9d9ec0-5d65-4e4e-afa8-35eb7822ed79; confidence 0.3513558506965637
ov-16afc1ed-f2ff-467d-9e17-805ac0dd4dca,Planet Ayurveda Nigeria,,Makurdi,Makurdi,Benue,complementary-and-alternative-medicine,7.723314,8.526767,exact,false,overture,CDLA-Permissive-2.0,Overture 16afc1ed-f2ff-467d-9e17-805ac0dd4dca; confidence 0.8998482823371887
ov-2a3cc98f-b0d7-4546-83cc-2037297f2bcd,Pleasure Travels Motor Company Ltd,,Makurdi,Makurdi,Benue,corporate-or-business-office,7.726555,8.548496,exact,false,overture,CDLA-Permissive-2.0,Overture 2a3cc98f-b0d7-4546-83cc-2037297f2bcd; confidence 0.6079617738723755
ov-41f74c51-28ef-44a2-abd4-286f93b203f4,Pleasure Travels Motors Company Ltd.,,Makurdi,Makurdi,Benue,travel-and-transportation,7.715291,8.60735,exact,false,overture,CDLA-Permissive-2.0,Overture 41f74c51-28ef-44a2-abd4-286f93b203f4; confidence 0.6415910124778748
ov-799f032e-0bb1-4898-97c7-b2455a8366b4,Plot 207 Federal housing estate makurdi,,Makurdi,Makurdi,Benue,historic-site,7.755185,8.567068,exact,false,overture,CDLA-Permissive-2.0,Overture 799f032e-0bb1-4898-97c7-b2455a8366b4; confidence 0.6234055161476135
ov-00c4481d-b782-484b-adc4-235a48ce9122,PolyGuard Investment Nig. Ltd,,Makurdi,Makurdi,Benue,building-or-construction-service,7.75,8.55,exact,false,overture,CDLA-Permissive-2.0,Overture 00c4481d-b782-484b-adc4-235a48ce9122; confidence 0.6462306976318359
ov-fc98aebf-b908-4486-a668-9b65ff28763c,Posh Boutique,,Makurdi,Makurdi,Benue,shopping,7.731264,8.538426,exact,false,overture,CDLA-Permissive-2.0,Overture fc98aebf-b908-4486-a668-9b65ff28763c; confidence 0.85
ov-de9343f6-6d57-46d1-afb2-f260bacabc43,"Posh Boutique, High Level Market, Makurdi",,Makurdi,Makurdi,Benue,fashion-and-apparel-store,7.698468,8.544561,exact,false,overture,CDLA-Permissive-2.0,Overture de9343f6-6d57-46d1-afb2-f260bacabc43; confidence 0.8819624781608582
ov-f8ef04ae-9682-42f7-865f-ce1efd1fe465,Power House Int'l Ministries,,Makurdi,Makurdi,Benue,religious-organization,7.665752,8.549943,exact,false,overture,CDLA-Permissive-2.0,Overture f8ef04ae-9682-42f7-865f-ce1efd1fe465; confidence 0.924823522567749
ov-84229187-7689-4543-8cd9-3212a7f6acbe,"Power House int'l ministries, a.k.a egle rock cathedral",,Makurdi,Makurdi,Benue,religious-organization,7.70338,8.53406,exact,false,overture,CDLA-Permissive-2.0,Overture 84229187-7689-4543-8cd9-3212a7f6acbe; confidence 0.8704513311386108
ov-b8c6574e-a94b-4028-88e5-f6721c254440,Powercity International Church Makurdi Campus,,Makurdi,Makurdi,Benue,christian-place-of-worship,7.723101,8.53772,exact,false,overture,CDLA-Permissive-2.0,Overture b8c6574e-a94b-4028-88e5-f6721c254440; confidence 0.5859323143959045
ov-fdd30d87-f734-4fa1-9840-a6c4465d8338,Praiseworthy Academy School,,Makurdi,Makurdi,Benue,place-of-learning,7.710374,8.504797,exact,false,overture,CDLA-Permissive-2.0,Overture fdd30d87-f734-4fa1-9840-a6c4465d8338; confidence 0.5362438559532166; address locality: Markurdi
ov-c9df7773-f69d-49ea-95f1-31d7cea3acef,Prayer and word Chapel,,Makurdi,Makurdi,Benue,religious-organization,7.72141,8.56935,exact,false,overture,CDLA-Permissive-2.0,Overture c9df7773-f69d-49ea-95f1-31d7cea3acef; confidence 0.587039589881897
ov-bb0c14ae-5195-4da4-ba5c-bba9918c4bf0,Precious Event Center and Lounge,,Makurdi,Makurdi,Benue,restaurant,7.735902,8.53321,exact,false,overture,CDLA-Permissive-2.0,Overture bb0c14ae-5195-4da4-ba5c-bba9918c4bf0; confidence 0.8584386110305786
wd-Q131361430,"Prestige International Science and Technical Schools, Makurdi","Prestige International  Science and Technical Schools, Makurdi",Makurdi,Makurdi,Benue,school,7.73911,8.525913,exact,false,overture|wikidata,CDLA-Permissive-2.0,Wikidata Q131361430; instance-of: school; Overture a5d5857b-1298-4f65-be6f-454f05932513; confidence 0.6935933232307434
ov-62f10b66-7955-4ad9-84dc-5fea95d3f4ea,PRIME KIDS Academy Aliade,,Makurdi,Makurdi,Benue,place-of-learning,7.75,8.55,exact,false,overture,CDLA-Permissive-2.0,Overture 62f10b66-7955-4ad9-84dc-5fea95d3f4ea; confidence 0.7567485570907593
ov-19484ea5-7282-4241-8764-adea92470d92,Prison Reconciliation and Youth Evangelism Foundation,,Makurdi,Makurdi,Benue,religious-organization,7.725481,8.531311,exact,false,overture,CDLA-Permissive-2.0,Overture 19484ea5-7282-4241-8764-adea92470d92; confidence 0.5490787625312805
ov-ab9a9bdb-cc78-4e79-9e14-6d6425920506,Prove yourself global limited,,Makurdi,Makurdi,Benue,professional-service,7.73333,8.53333,exact,false,overture,CDLA-Permissive-2.0,Overture ab9a9bdb-cc78-4e79-9e14-6d6425920506; confidence 0.5681092739105225
ov-7bdfcba8-6508-41f0-bb68-585bb017bfe6,Prysd Academy Nursery & Primary School,,Makurdi,Makurdi,Benue,place-of-learning,7.706579,8.523272,exact,false,overture,CDLA-Permissive-2.0,Overture 7bdfcba8-6508-41f0-bb68-585bb017bfe6; confidence 0.9197030663490295
ov-1e1325d7-c4a3-4a27-b63a-c4b0703a9c26,Pst James Oche Ministries,,Makurdi,Makurdi,Benue,religious-organization,7.75,8.55,exact,false,overture,CDLA-Permissive-2.0,Overture 1e1325d7-c4a3-4a27-b63a-c4b0703a9c26; confidence 0.6732295155525208
ov-8f82e732-040e-496f-9b35-c2efeb158b4f,"Public Complaints Commission, Benue State Office",,Makurdi,Makurdi,Benue,government-office,7.728701,8.5329,exact,false,overture,CDLA-Permissive-2.0,Overture 8f82e732-040e-496f-9b35-c2efeb158b4f; confidence 0.5802331566810608
ov-f9be42e4-0217-458c-8439-656844dc4537,Queens Clinic High Level Makurdi,,Makurdi,Makurdi,Benue,hospital,7.724372,8.528195,exact,false,overture,CDLA-Permissive-2.0,Overture f9be42e4-0217-458c-8439-656844dc4537; confidence 0.7332926392555237
ov-566ff960-7f1a-4ed0-b160-8d47468c8538,Queens Hotel,,Makurdi,Makurdi,Benue,hotel,7.735139,8.512208,exact,false,overture,CDLA-Permissive-2.0,Overture 566ff960-7f1a-4ed0-b160-8d47468c8538; confidence 0.5934845805168152
ov-04ae3a85-7f36-4760-bdd9-802904873e7f,Queenz Cutz,,Makurdi,Makurdi,Benue,personal-or-beauty-service,7.7306,8.5361,exact,false,overture,CDLA-Permissive-2.0,Overture 04ae3a85-7f36-4760-bdd9-802904873e7f; confidence 0.6458832025527954
ov-363e3831-c5a6-4971-92cd-89834415f658,Radio Benue,,Makurdi,Makurdi,Benue,radio-station,7.703952,8.531978,exact,false,overture,CDLA-Permissive-2.0,Overture 363e3831-c5a6-4971-92cd-89834415f658; confidence 0.5147855877876282
ov-37dc80ca-fa72-4d98-92bb-6b6ea1ed3ba8,Radio Benue 2 FM,,Makurdi,Makurdi,Benue,media-service,7.703384,8.530781,exact,false,overture,CDLA-Permissive-2.0,Overture 37dc80ca-fa72-4d98-92bb-6b6ea1ed3ba8; confidence 0.3153415620326996
ov-96068eb1-c0b8-4935-8cca-de1d31c54de2,Rahmat Computer Technology,,Makurdi,Makurdi,Benue,technical-service,7.750782,8.549625,exact,false,overture,CDLA-Permissive-2.0,Overture 96068eb1-c0b8-4935-8cca-de1d31c54de2; confidence 0.5625051856040955
wd-Q130553819,"Railway market, Makurdi",,Makurdi,Makurdi,Benue,market,7.727264,8.531413,exact,false,wikidata,,Wikidata Q130553819; instance-of: market
ov-ff6ce1d6-c492-47aa-99e6-02d42eaf59c6,Railway Station,,Makurdi,Makurdi,Benue,train-station,7.727055,8.53347,exact,false,overture,CDLA-Permissive-2.0,Overture ff6ce1d6-c492-47aa-99e6-02d42eaf59c6; confidence 0.7058148384094238
ov-ee81bea3-1e29-4054-b2f9-ef448bb8c8d4,Raj-Raj Complex,,Makurdi,Makurdi,Benue,event-or-party-service,7.737903,8.511986,exact,false,overture,CDLA-Permissive-2.0,Overture ee81bea3-1e29-4054-b2f9-ef448bb8c8d4; confidence 0.38929474353790283
ov-2906832a-94d8-4fd1-a8ea-c8989b23b4a7,Rameti Schools,,Makurdi,Makurdi,Benue,place,7.728934,8.53305,exact,false,overture,CDLA-Permissive-2.0,Overture 2906832a-94d8-4fd1-a8ea-c8989b23b4a7; confidence 0.626979410648346
wd-Q136618267,"RAMETI SCHOOLS, MAKURDI",,Makurdi,Makurdi,Benue,place,7.768562,8.572044,exact,false,wikidata,,Wikidata Q136618267; instance-of: educational organization
ov-34ef4805-a7de-4092-870b-a0f92e0bddaf,Raykolorz Studio,,Makurdi,Makurdi,Benue,media-service,7.72644,8.52609,exact,false,overture,CDLA-Permissive-2.0,Overture 34ef4805-a7de-4092-870b-a0f92e0bddaf; confidence 0.5402710437774658
ov-dabc4a6e-4787-4cf6-a8e1-440dacaedb5e,RC Bar & Grill,,Makurdi,Makurdi,Benue,restaurant,7.734603,8.528413,exact,false,overture,CDLA-Permissive-2.0,Overture dabc4a6e-4787-4cf6-a8e1-440dacaedb5e; confidence 0.8777704238891602
ov-45bcc35b-f3a9-4067-8670-c003ee90574f,Rccg Mercyland Parish BP3,,Makurdi,Makurdi,Benue,christian-place-of-worship,7.73259,8.52295,exact,false,overture,CDLA-Permissive-2.0,Overture 45bcc35b-f3a9-4067-8670-c003ee90574f; confidence 0.7232574820518494
ov-9a24b465-52dd-4eed-920b-6d673c8fc49f,RCCG New Song Parish,,Makurdi,Makurdi,Benue,christian-place-of-worship,7.739739,8.524321,exact,false,overture,CDLA-Permissive-2.0,Overture 9a24b465-52dd-4eed-920b-6d673c8fc49f; confidence 0.8162797093391418
ov-3c04be6a-b9ee-4938-ae51-2e674313f0f3,RCCG Signs and Wonders Mega Parish,,Makurdi,Makurdi,Benue,christian-place-of-worship,7.722726,8.579367,exact,false,overture,CDLA-Permissive-2.0,Overture 3c04be6a-b9ee-4938-ae51-2e674313f0f3; confidence 0.7209593057632446; address locality: Markurdi
ov-17bf7cb1-d7ac-43b5-9aa2-299e6bbe0955,RCN Medical Centre,,Makurdi,Makurdi,Benue,hospital,7.72643,8.52608,exact,false,overture,CDLA-Permissive-2.0,Overture 17bf7cb1-d7ac-43b5-9aa2-299e6bbe0955; confidence 0.9538548588752747
ov-fddcef95-bce4-4bfa-9b45-c8d7dfbd4bc2,RCN Theological Seminary - Adullam,,Makurdi,Makurdi,Benue,education,7.726096,8.54358,exact,false,overture,CDLA-Permissive-2.0,Overture fddcef95-bce4-4bfa-9b45-c8d7dfbd4bc2; confidence 0.958793580532074
ov-10787f11-1e0c-4905-aab3-eca9d5967b79,RCN Youth Ministry - Pacesetters,,Makurdi,Makurdi,Benue,religious-organization,7.731074,8.531559,exact,false,overture,CDLA-Permissive-2.0,Overture 10787f11-1e0c-4905-aab3-eca9d5967b79; confidence 0.7181971669197083
ov-6a15ae35-7141-47fc-80e5-7873f833d602,Realty-Bridge Properties,,Makurdi,Makurdi,Benue,real-estate-service,7.73898,8.51542,exact,false,overture,CDLA-Permissive-2.0,Overture 6a15ae35-7141-47fc-80e5-7873f833d602; confidence 0.6899888515472412
wd-Q131359380,"Reckons International Schools, Makurdi",Reckons International Schools Makurdi,Makurdi,Makurdi,Benue,school,7.720185,8.534052,exact,false,overture|wikidata,CDLA-Permissive-2.0,Wikidata Q131359380; instance-of: school; Overture 10775df1-ce75-4f26-95d7-32469b0a6afe; confidence 0.8142393231391907
ov-e4344261-47e6-461f-9cd5-b2d110fca1ac,Reena's Beauty World,,Makurdi,Makurdi,Benue,wellness-service,7.72644,8.52609,exact,false,overture,CDLA-Permissive-2.0,Overture e4344261-47e6-461f-9cd5-b2d110fca1ac; confidence 0.5821112394332886
ov-e07f5d6c-5243-4b60-ac61-f6236fe81cd0,Rehoboth Christian Bookshop,,Makurdi,Makurdi,Benue,books-music-and-video-store,7.7306,8.5361,exact,false,overture,CDLA-Permissive-2.0,Overture e07f5d6c-5243-4b60-ac61-f6236fe81cd0; confidence 0.8215816020965576
wd-Q125470024,Rejoice Family Church International,,Makurdi,Makurdi,Benue,church,7.752528,8.556184,exact,false,wikidata,,Wikidata Q125470024; instance-of: church building
ov-c5ad206b-3b7f-46f8-9874-264c7bad417f,Remnant Christian Network,,Makurdi,Makurdi,Benue,religious-organization,7.698405,8.560893,exact,false,overture,CDLA-Permissive-2.0,Overture c5ad206b-3b7f-46f8-9874-264c7bad417f; confidence 0.859913170337677
wd-Q109667417,"Research Molecular Laboratory, Federal Medical centre, Makurdi",,Makurdi,Makurdi,Benue,place,7.729526,8.519028,exact,false,wikidata,,Wikidata Q109667417; instance-of: laboratory
ov-8d0e0c65-47a5-4536-9c4f-925d121b9539,RHEMA,,Makurdi,Makurdi,Benue,college-university,7.7306,8.5361,exact,false,overture,CDLA-Permissive-2.0,Overture 8d0e0c65-47a5-4536-9c4f-925d121b9539; confidence 0.5918017625808716
ov-14b4e78a-8964-4ebd-8888-2d6d24b3a050,Rhogic Makurdi,,Makurdi,Makurdi,Benue,religious-organization,7.681886,8.541324,exact,false,overture,CDLA-Permissive-2.0,Overture 14b4e78a-8964-4ebd-8888-2d6d24b3a050; confidence 0.8801751732826233
ov-ef599eb8-6826-4860-8e7d-4c109ea4ad94,Richraiment Fashion school,,Makurdi,Makurdi,Benue,place,7.726439,8.52609,exact,false,overture,CDLA-Permissive-2.0,Overture ef599eb8-6826-4860-8e7d-4c109ea4ad94; confidence 0.5124938488006592; address locality: Abuja
ov-4b055763-50dc-49af-bf2b-8400f279fbef,Righteousness of God Pentecostal Mission,,Makurdi,Makurdi,Benue,christian-place-of-worship,7.75,8.55,exact,false,overture,CDLA-Permissive-2.0,Overture 4b055763-50dc-49af-bf2b-8400f279fbef; confidence 0.6272843480110168
ov-506c4c40-19a7-43fa-aee2-c75c20d3cf0b,Rija-V Empire Nigeria Limited ,,Makurdi,Makurdi,Benue,professional-service,7.7287,8.5329,exact,false,overture,CDLA-Permissive-2.0,Overture 506c4c40-19a7-43fa-aee2-c75c20d3cf0b; confidence 0.22651274502277374
gn-makurdi-river-ahum-stm-6852875,River Ahum,,Makurdi,Makurdi,Benue,river,7.74487,8.60725,exact,false,geonames,CC-BY-4.0,GeoNames feature H.STM
gn-makurdi-river-ake-stm-6852847,River Ake,,Makurdi,Makurdi,Benue,river,7.74361,8.58965,exact,false,geonames,CC-BY-4.0,GeoNames feature H.STM
gn-makurdi-river-ambikapu-stm-9915498,River Ambikapu,,Makurdi,Makurdi,Benue,river,7.85346,8.63263,exact,false,geonames,CC-BY-4.0,GeoNames feature H.STM
gn-makurdi-river-arere-stm-9507354,River Arere,,Makurdi,Makurdi,Benue,river,7.71887,8.43509,exact,false,geonames,CC-BY-4.0,GeoNames feature H.STM
gn-makurdi-river-aso-stm-6852854,River Aso,,Makurdi,Makurdi,Benue,river,7.7475,8.63539,exact,false,geonames,CC-BY-4.0,GeoNames feature H.STM
gn-makurdi-river-baa-stm-6852900,River Baa,,Makurdi,Makurdi,Benue,river,7.83568,8.53399,exact,false,geonames,CC-BY-4.0,GeoNames feature H.STM
gn-makurdi-river-fete-stm-6852703,River Fete,,Makurdi,Makurdi,Benue,river,7.74546,8.42556,exact,false,geonames,CC-BY-4.0,GeoNames feature H.STM
gn-makurdi-river-jande-stm-9507355,River Jande,,Makurdi,Makurdi,Benue,river,7.73884,8.42999,exact,false,geonames,CC-BY-4.0,GeoNames feature H.STM
gn-makurdi-river-kbege-stm-6852859,River Kbege,River Koege,Makurdi,Makurdi,Benue,river,7.75043,8.53252,exact,false,geonames,CC-BY-4.0,GeoNames feature H.STM
gn-makurdi-river-kereke-stm-6852898,River Kereke,,Makurdi,Makurdi,Benue,river,7.75392,8.51955,exact,false,geonames,CC-BY-4.0,GeoNames feature H.STM
wd-Q135414642,River Oyongo and its seven tributaries,,Makurdi,Makurdi,Benue,place,7.734156,8.54922,exact,false,wikidata,,Wikidata Q135414642; instance-of: unknown
gn-makurdi-river-ukoghor-stm-6852826,River Ukoghor,,Makurdi,Makurdi,Benue,river,7.73022,8.56897,exact,false,geonames,CC-BY-4.0,GeoNames feature H.STM
gn-makurdi-road-camp-number-one-ppl-9915500,Road Camp Number One,,Makurdi,Makurdi,Benue,village,7.79005,8.5668,exact,false,geonames,CC-BY-4.0,GeoNames feature P.PPL
ng-benue-makurdi-road-safety-junction,Road Safety Junction,FRSC Junction Makurdi|Road safety office,Makurdi,Makurdi,Benue,junction,7.69284,8.53589,approximate,false,curated|overture,CDLA-Permissive-2.0|project-owned,Draft; coords taken from Overture Road safety office; junction assumed co-located; verify; Overture 783e9814-f829-4d86-923e-fbaeb86b1faf; confidence 0.49267396330833435
wd-Q136510531,ROCCIN PHARMACY LTD,,Makurdi,Makurdi,Benue,place,7.744866,8.512696,exact,false,wikidata,,Wikidata Q136510531; instance-of: pharmacy
ov-54a2c848-bf15-48f6-967a-6da23ab101db,Rocore Park,,Makurdi,Makurdi,Benue,bar,7.721112,8.50819,exact,false,overture,CDLA-Permissive-2.0,Overture 54a2c848-bf15-48f6-967a-6da23ab101db; confidence 0.45408493280410767
wd-Q131298344,Roflix Kitchen,,Makurdi,Makurdi,Benue,place,7.752966,8.546293,exact,false,wikidata,,Wikidata Q131298344; instance-of: restaurant
wd-Q136683560,Roman Catholic Church in makurdi benue state,,Makurdi,Makurdi,Benue,church,7.76924,8.48841,exact,false,wikidata,,Wikidata Q136683560; instance-of: church building
wd-Q136766087,Rophe  Rohi  Nursery And Primary School Makurdi Benue State,,Makurdi,Makurdi,Benue,school,7.690585,8.494578,exact,false,wikidata,,Wikidata Q136766087; instance-of: school
ov-372100eb-4f8f-41ba-9780-a5f6692c13bf,Roston Academy,,Makurdi,Makurdi,Benue,elementary-school,7.741678,8.509266,exact,false,overture,CDLA-Permissive-2.0,Overture 372100eb-4f8f-41ba-9780-a5f6692c13bf; confidence 0.6564631462097168
wd-Q136510590,ROVI PHARMACY LTD,,Makurdi,Makurdi,Benue,place,7.722472,8.524396,exact,false,wikidata,,Wikidata Q136510590; instance-of: pharmacy
ov-c5e9f2fd-61b3-4454-b1ae-354270a59466,Royal Ambassador's College,,Makurdi,Makurdi,Benue,elementary-school,7.74096,8.515886,exact,false,overture,CDLA-Permissive-2.0,Overture c5e9f2fd-61b3-4454-b1ae-354270a59466; confidence 0.6637017130851746
ov-8215d65a-1f96-42ab-9174-e1ede946974c,ROYAL Bar & GRILL,,Makurdi,Makurdi,Benue,bar,7.73495,8.53114,exact,false,overture,CDLA-Permissive-2.0,Overture 8215d65a-1f96-42ab-9174-e1ede946974c; confidence 0.5778682231903076
wd-Q136766064,Royal Bright Star Montessori,,Makurdi,Makurdi,Benue,school,7.698859,8.549885,exact,false,wikidata,,Wikidata Q136766064; instance-of: school
ov-bd6346fe-09dd-4f92-ada3-a1b085038768,Royal Choice Inn,,Makurdi,Makurdi,Benue,hotel,7.738076,8.524293,exact,false,overture,CDLA-Permissive-2.0,Overture bd6346fe-09dd-4f92-ada3-a1b085038768; confidence 0.9321581721305847
ov-5d7bee12-6727-48ef-a6b2-f4b13f25098c,"Royal Honour of God Ministry Inc. Makurdi, Benue State",,Makurdi,Makurdi,Benue,christian-place-of-worship,7.72958,8.51882,exact,false,overture,CDLA-Permissive-2.0,Overture 5d7bee12-6727-48ef-a6b2-f4b13f25098c; confidence 0.7195466160774231
ov-7486e84a-5715-4d63-9798-1ad4d41e1655,Royal Shopping Mall,,Makurdi,Makurdi,Benue,shopping-mall,7.729727,8.535183,exact,false,overture,CDLA-Permissive-2.0,Overture 7486e84a-5715-4d63-9798-1ad4d41e1655; confidence 0.3603132367134094
wd-Q136768679,Royal Transformation Academy,,Makurdi,Makurdi,Benue,school,7.704504,8.534076,exact,false,wikidata,,Wikidata Q136768679; instance-of: school
ov-9f4b72f6-bbd7-4253-8019-9000644ba1e4,Ruhul Adab International  Model  Academy,,Makurdi,Makurdi,Benue,place-of-learning,7.75,8.55,exact,false,overture,CDLA-Permissive-2.0,Overture 9f4b72f6-bbd7-4253-8019-9000644ba1e4; confidence 0.5891859531402588
ov-c5b017ce-1cd8-477f-8faf-03d8eecb7403,Rural Renewal and Community Health Development Initiative,,Makurdi,Makurdi,Benue,civic-organization,7.73333,8.53333,exact,false,overture,CDLA-Permissive-2.0,Overture c5b017ce-1cd8-477f-8faf-03d8eecb7403; confidence 0.7406359314918518
wd-Q131279226,Ruthies Cafe,,Makurdi,Makurdi,Benue,place,7.712273,8.518428,exact,false,wikidata,,Wikidata Q131279226; instance-of: restaurant
ov-199e6468-dec1-42ff-8eed-2b0000fb91d9,S. E. Irabor & Associates,,Makurdi,Makurdi,Benue,event-or-party-service,7.730324,8.534956,exact,false,overture,CDLA-Permissive-2.0,Overture 199e6468-dec1-42ff-8eed-2b0000fb91d9; confidence 0.316995769739151
ov-ac604e58-b70f-422c-860e-de4f8b2c88df,S.V.S TUME's poultry farm,,Makurdi,Makurdi,Benue,agricultural-service,7.724677,8.528847,exact,false,overture,CDLA-Permissive-2.0,Overture ac604e58-b70f-422c-860e-de4f8b2c88df; confidence 0.6388936638832092
ov-b091fd0c-218a-490a-8ae7-55ef3f54db73,Sababa Express,,Makurdi,Makurdi,Benue,real-estate-service,7.727529,8.546244,exact,false,overture,CDLA-Permissive-2.0,Overture b091fd0c-218a-490a-8ae7-55ef3f54db73; confidence 0.33564725518226624; address locality: Abuja
wd-Q136502846,SABEN PHARMACY  LTD,,Makurdi,Makurdi,Benue,place,7.739972,8.525945,exact,false,wikidata,,Wikidata Q136502846; instance-of: pharmacy
ov-8b67dea6-1626-43c9-b588-7c6b39b8204a,Saint Thomas Aquinas Major Seminary Makurdi ,,Makurdi,Makurdi,Benue,place-of-learning,7.703812,8.519361,exact,false,overture,CDLA-Permissive-2.0,Overture 8b67dea6-1626-43c9-b588-7c6b39b8204a; confidence 0.608709454536438; address locality: Kanshio
gn-makurdi-saka-ppl-2323960,Saka,,Makurdi,Makurdi,Benue,village,7.85328,8.53281,exact,false,geonames,CC-BY-4.0,GeoNames feature P.PPL
wd-Q136502807,SALLAT PHARMACY STORES LTD,,Makurdi,Makurdi,Benue,place,7.73425,8.534217,exact,false,wikidata,,Wikidata Q136502807; instance-of: pharmacy
ov-e36b704b-f053-40d7-9b71-478b160546e6,Salvation and life power gospel assembly,,Makurdi,Makurdi,Benue,christian-place-of-worship,7.7287,8.5329,exact,false,overture,CDLA-Permissive-2.0,Overture e36b704b-f053-40d7-9b71-478b160546e6; confidence 0.8492300510406494
ov-3fe493c1-1b32-4964-a403-e2a9e5891995,Salvation Ministries Benue,,Makurdi,Makurdi,Benue,religious-organization,7.725154,8.537015,exact,false,overture,CDLA-Permissive-2.0,Overture 3fe493c1-1b32-4964-a403-e2a9e5891995; confidence 0.8445820808410645
ov-c43ffe14-f47b-4579-85d3-7a0152bca848,Salvation pharmaceutical Limited,,Makurdi,Makurdi,Benue,health-care,7.7306,8.5361,exact,false,overture,CDLA-Permissive-2.0,Overture c43ffe14-f47b-4579-85d3-7a0152bca848; confidence 0.6474341154098511
wd-Q131361232,"Sam Alex Schools, Makurdi",,Makurdi,Makurdi,Benue,school,7.728748,8.502917,exact,false,wikidata,,Wikidata Q131361232; instance-of: school
ov-bc70c4cf-bb8e-4688-8492-f86a8d1aee7b,SAM PADDY & Friends,,Makurdi,Makurdi,Benue,event-or-party-service,7.724676,8.528399,exact,false,overture,CDLA-Permissive-2.0,Overture bc70c4cf-bb8e-4688-8492-f86a8d1aee7b; confidence 0.5219705700874329
ov-f769524a-c210-4ebf-a657-48e9f4d33459,SamJosh Best Brains International Academy,,Makurdi,Makurdi,Benue,place-of-learning,7.728701,8.5329,exact,false,overture,CDLA-Permissive-2.0,Overture f769524a-c210-4ebf-a657-48e9f4d33459; confidence 0.7682883143424988
ov-b4dc6fcf-e93f-440d-bd8b-2aaa772341fb,Samtse Industries Agribusiness Ltd,,Makurdi,Makurdi,Benue,agricultural-service,7.7231,8.53772,exact,false,overture,CDLA-Permissive-2.0,Overture b4dc6fcf-e93f-440d-bd8b-2aaa772341fb; confidence 0.5654183030128479
ov-38b5278f-0b7a-4732-b837-faa03ab9ba4c,Samuel Ioron Foundation- SIF,,Makurdi,Makurdi,Benue,civic-organization,7.7306,8.5361,exact,false,overture,CDLA-Permissive-2.0,Overture 38b5278f-0b7a-4732-b837-faa03ab9ba4c; confidence 0.8757358193397522
ov-a8ebe478-065c-444e-81fa-0404e1e427b2,Sanctuary Of Hope Assembly SOHA,,Makurdi,Makurdi,Benue,christian-place-of-worship,7.75,8.55,exact,false,overture,CDLA-Permissive-2.0,Overture a8ebe478-065c-444e-81fa-0404e1e427b2; confidence 0.7855660319328308
wd-Q130633259,"Sandra Hospital,Benue",,Makurdi,Makurdi,Benue,hospital,7.828853,8.428391,exact,false,wikidata,,Wikidata Q130633259; instance-of: hospital
wd-Q130639061,"Saviour Medical Hospital, Benue",,Makurdi,Makurdi,Benue,hospital,7.758704,8.556985,exact,false,wikidata,,Wikidata Q130639061; instance-of: hospital
ov-c8c3fb1c-9601-4da2-b205-a1efab8f7b3e,School Of Nursing,,Makurdi,Makurdi,Benue,campus-building,7.729105,8.52847,exact,false,overture,CDLA-Permissive-2.0,Overture c8c3fb1c-9601-4da2-b205-a1efab8f7b3e; confidence 0.5535889863967896
wd-Q112335004,"School of Nursing and Midwifery, Makurdi",,Makurdi,Makurdi,Benue,school,7.795776,8.514494,exact,false,wikidata,,Wikidata Q112335004; instance-of: school
ov-c383e66b-3a23-436b-899f-8647455b1bb2,Scoops Nigeria,,Makurdi,Makurdi,Benue,restaurant,7.719963,8.529586,exact,false,overture,CDLA-Permissive-2.0,Overture c383e66b-3a23-436b-899f-8647455b1bb2; confidence 0.567325234413147
ov-bcd28414-0ae2-49bf-bae7-b23af3ea213a,Scotland Investment Nig Ltd,,Makurdi,Makurdi,Benue,shopping,7.70981,8.532629,exact,false,overture,CDLA-Permissive-2.0,Overture bcd28414-0ae2-49bf-bae7-b23af3ea213a; confidence 0.5439555048942566
ov-657b586f-2e7a-494e-bb03-62364873cac5,SD Laundry and Dry Cleaning Services,,Makurdi,Makurdi,Benue,laundry-service,7.72188,8.57673,exact,false,overture,CDLA-Permissive-2.0,Overture 657b586f-2e7a-494e-bb03-62364873cac5; confidence 0.527749240398407
ov-535dbe95-9c9a-4f99-affc-d8eb7fe60130,Secylife,,Makurdi,Makurdi,Benue,agricultural-service,7.69347,8.545947,exact,false,overture,CDLA-Permissive-2.0,Overture 535dbe95-9c9a-4f99-affc-d8eb7fe60130; confidence 0.7206933498382568
ov-700cfb6f-5cee-49be-9ffc-fec1132bc322,Sedypen FOODS,,Makurdi,Makurdi,Benue,casual-eatery,7.73333,8.53333,exact,false,overture,CDLA-Permissive-2.0,Overture 700cfb6f-5cee-49be-9ffc-fec1132bc322; confidence 0.7293062210083008
wd-Q125470049,Seed-Faith Church,,Makurdi,Makurdi,Benue,church,7.765424,8.557995,exact,false,wikidata,,Wikidata Q125470049; instance-of: church building
ov-417bd199-1626-4e91-8141-3fb94957798c,Seerdy's Gallery,,Makurdi,Makurdi,Benue,wellness-service,7.74062,8.51341,exact,false,overture,CDLA-Permissive-2.0,Overture 417bd199-1626-4e91-8141-3fb94957798c; confidence 0.5379942059516907
gn-makurdi-sekonyi-ppl-2323515,Sekonyi,,Makurdi,Makurdi,Benue,village,7.80924,8.546,exact,false,geonames,CC-BY-4.0,GeoNames feature P.PPL
ov-c50dd2d9-b849-42f7-85b8-0dd89a9fdcfd,Selkud Computers,,Makurdi,Makurdi,Benue,technical-service,7.7287,8.5329,exact,false,overture,CDLA-Permissive-2.0,Overture c50dd2d9-b849-42f7-85b8-0dd89a9fdcfd; confidence 0.5745304822921753
ov-51b398a5-f3dd-40b6-923b-3180fe7a872b,Sena-Ag Global Resources ,,Makurdi,Makurdi,Benue,b2b-office-and-professional-service,7.73259,8.52295,exact,false,overture,CDLA-Permissive-2.0,Overture 51b398a5-f3dd-40b6-923b-3180fe7a872b; confidence 0.5642241835594177
ov-1b334098-1c2b-42e5-8119-76f070bdafef,SEPTO Real Estate Development & Management Company Limited,,Makurdi,Makurdi,Benue,real-estate-service,7.74425,8.51036,exact,false,overture,CDLA-Permissive-2.0,Overture 1b334098-1c2b-42e5-8119-76f070bdafef; confidence 0.5662053823471069
wd-Q136766194,SESS Divine Royal Academy,,Makurdi,Makurdi,Benue,school,7.704469,8.533912,exact,false,wikidata,,Wikidata Q136766194; instance-of: school
ov-2df4af66-2b84-4fd9-90f1-392e22f2b47b,Sev-Av Foundation,,Makurdi,Makurdi,Benue,civic-organization,7.698985,8.537149,exact,false,overture,CDLA-Permissive-2.0,Overture 2df4af66-2b84-4fd9-90f1-392e22f2b47b; confidence 0.28905802965164185
ov-c5050e79-d220-45d3-8442-b2b943ff509c,Shamisteve Global,,Makurdi,Makurdi,Benue,place,7.79058,8.61927,exact,false,overture,CDLA-Permissive-2.0,Overture c5050e79-d220-45d3-8442-b2b943ff509c; confidence 0.2901880741119385
ov-7d1cb975-bbd8-43df-9f80-9fb0aec75b5a,Shaphat bliss furniture,,Makurdi,Makurdi,Benue,hardware-home-and-garden-store,7.737846,8.510559,exact,false,overture,CDLA-Permissive-2.0,Overture 7d1cb975-bbd8-43df-9f80-9fb0aec75b5a; confidence 0.4074822962284088
ov-a4615aa0-a4e3-4256-b150-bccf2e20f58a,Shawarma Fantasy,,Makurdi,Makurdi,Benue,restaurant,7.73,8.51803,exact,false,overture,CDLA-Permissive-2.0,Overture a4615aa0-a4e3-4256-b150-bccf2e20f58a; confidence 0.5446546077728271
ov-9c51677e-23c0-4307-b0c1-236edea60476,Shelter of Glory,,Makurdi,Makurdi,Benue,christian-place-of-worship,7.702169,8.53476,exact,false,overture,CDLA-Permissive-2.0,Overture 9c51677e-23c0-4307-b0c1-236edea60476; confidence 0.6184899806976318
ov-62ffc093-e15f-4deb-91ae-b7b43125b61f,Shenghait Gbobal Ltd,,Makurdi,Makurdi,Benue,b2b-office-and-professional-service,7.726061,8.52837,exact,false,overture,CDLA-Permissive-2.0,Overture 62ffc093-e15f-4deb-91ae-b7b43125b61f; confidence 0.701994776725769
ov-ce162ba7-ec90-46ce-8bc6-30e57d5c31de,Shepherdsville Childcare Mkd,,Makurdi,Makurdi,Benue,education,7.72356,8.53209,exact,false,overture,CDLA-Permissive-2.0,Overture ce162ba7-ec90-46ce-8bc6-30e57d5c31de; confidence 0.747574508190155
wd-Q131361014,"Shepherdsvine International School, Makurdi",Shepherdsvine International School,Makurdi,Makurdi,Benue,school,7.717569,8.530035,exact,false,overture|wikidata,CDLA-Permissive-2.0,Wikidata Q131361014; instance-of: school; Overture 88a08303-3df8-4bd2-83e0-2a074ff0c5f0; confidence 0.8943079113960266
ov-053a7bd6-7264-4a4c-a2ce-9da47f4c4538,Sheraton Hotel,,Makurdi,Makurdi,Benue,hotel,7.73737,8.534738,exact,false,overture,CDLA-Permissive-2.0,Overture 053a7bd6-7264-4a4c-a2ce-9da47f4c4538; confidence 0.832240104675293
ov-c7a32517-8f2a-4c48-85b8-f37d139082bd,Sheriff Tu Tu,,Makurdi,Makurdi,Benue,bar,7.719628,8.516857,exact,false,overture,CDLA-Permissive-2.0,Overture c7a32517-8f2a-4c48-85b8-f37d139082bd; confidence 0.2514132857322693
ov-1be9b257-7200-425d-b9d4-fb0df5625df1,Shopmimy Stores,,Makurdi,Makurdi,Benue,shopping-mall,7.692611,8.544122,exact,false,overture,CDLA-Permissive-2.0,Overture 1be9b257-7200-425d-b9d4-fb0df5625df1; confidence 0.16456031799316406
ov-fb3148ec-4e60-4733-a8d4-5cb72cef1515,"Shosa, Udei",,Makurdi,Makurdi,Benue,place,7.749486,8.547348,exact,false,overture,CDLA-Permissive-2.0,Overture fb3148ec-4e60-4733-a8d4-5cb72cef1515; confidence 0.5964351296424866
gn-makurdi-shuur-ppl-9509088,Shuur,,Makurdi,Makurdi,Benue,village,7.6594,8.48737,exact,false,geonames,CC-BY-4.0,GeoNames feature P.PPL
ov-5dfee490-a33c-4674-926a-6c08642fe67d,Sime Selu Enterprise,,Makurdi,Makurdi,Benue,electronics-store,7.707349,8.51653,exact,false,overture,CDLA-Permissive-2.0,Overture 5dfee490-a33c-4674-926a-6c08642fe67d; confidence 0.35718339681625366
ov-95bf77e5-5ded-4d27-8c6b-4d2ae56cb9be,Simon-Peter's LIFE Discovery Centre,,Makurdi,Makurdi,Benue,civic-organization,7.665878,8.557007,exact,false,overture,CDLA-Permissive-2.0,Overture 95bf77e5-5ded-4d27-8c6b-4d2ae56cb9be; confidence 0.7943596839904785
wd-Q136510656,SIMPOLLY PHARMACY & STORES LTD,,Makurdi,Makurdi,Benue,place,7.744809,8.514679,exact,false,wikidata,,Wikidata Q136510656; instance-of: pharmacy
ov-cb1aadb4-2a84-493e-b0e7-b487dfa112b8,"Sir, Memes & Comic",,Makurdi,Makurdi,Benue,media-service,7.7287,8.5329,exact,false,overture,CDLA-Permissive-2.0,Overture cb1aadb4-2a84-493e-b0e7-b487dfa112b8; confidence 0.5014021396636963
ov-daf55911-28ed-4cea-a12b-99e68d2a4cdc,Slim Laundry and Dry Cleaning,,Makurdi,Makurdi,Benue,laundry-service,7.715099,8.534599,exact,false,overture,CDLA-Permissive-2.0,Overture daf55911-28ed-4cea-a12b-99e68d2a4cdc; confidence 0.30868732929229736
ov-a9bd2cbf-cd69-42c3-b6ac-4ad69399e471,"Sly Bixi Ice Block, Frozen Foods & Services.",,Makurdi,Makurdi,Benue,professional-service,7.72188,8.57673,exact,false,overture,CDLA-Permissive-2.0,Overture a9bd2cbf-cd69-42c3-b6ac-4ad69399e471; confidence 0.594003438949585
ov-1fa5057a-1e13-4527-8c8e-29449f73e25b,Smart Barbers,,Makurdi,Makurdi,Benue,personal-or-beauty-service,7.739789,8.51909,exact,false,overture,CDLA-Permissive-2.0,Overture 1fa5057a-1e13-4527-8c8e-29449f73e25b; confidence 0.4824088215827942
ov-45ef2899-c781-4381-ad4a-605b1d612c50,"SmileView Hotel, Makurdi.",,Makurdi,Makurdi,Benue,hotel,7.707653,8.519308,exact,false,overture,CDLA-Permissive-2.0,Overture 45ef2899-c781-4381-ad4a-605b1d612c50; confidence 0.9288498163223267
wd-Q131298303,Snad kitchen,,Makurdi,Makurdi,Benue,place,7.793129,8.621845,exact,false,wikidata,,Wikidata Q131298303; instance-of: restaurant
ov-47e29d4c-21f7-4339-9f0b-54203d28a365,Snazzy Empires NG,,Makurdi,Makurdi,Benue,technical-service,7.732176,8.539197,exact,false,overture,CDLA-Permissive-2.0,Overture 47e29d4c-21f7-4339-9f0b-54203d28a365; confidence 0.4613967835903168
wd-Q131361305,"Sonas Academy, Makurdi",,Makurdi,Makurdi,Benue,school,7.712088,8.556845,exact,false,wikidata,,Wikidata Q131361305; instance-of: school
ov-ebcd5ad3-e7aa-420e-8813-869b3f7e2d39,Sophia Educational Services,,Makurdi,Makurdi,Benue,professional-service,7.80649,8.56756,exact,false,overture,CDLA-Permissive-2.0,Overture ebcd5ad3-e7aa-420e-8813-869b3f7e2d39; confidence 0.5295883417129517
wd-Q131298332,SPAW Cuisine and Events,,Makurdi,Makurdi,Benue,place,7.723345,8.535516,exact,false,wikidata,,Wikidata Q131298332; instance-of: restaurant
ov-ab918de5-5b6d-47e0-8276-6617aea20f6e,Spirit-Life Christian Assembly,,Makurdi,Makurdi,Benue,religious-organization,7.730936,8.539209,exact,false,overture,CDLA-Permissive-2.0,Overture ab918de5-5b6d-47e0-8276-6617aea20f6e; confidence 0.8500957489013672
ov-4b000cb0-0b8d-49da-b03d-16eae95d1a69,SpiritLife Christian Assembly,,Makurdi,Makurdi,Benue,religious-organization,7.711439,8.50803,exact,false,overture,CDLA-Permissive-2.0,Overture 4b000cb0-0b8d-49da-b03d-16eae95d1a69; confidence 0.7273523211479187
ov-985a7f33-4d6b-4c61-96a9-ca4543480dee,Splendor-Biomedical Equipment & Devices,,Makurdi,Makurdi,Benue,college-university,7.72188,8.57673,exact,false,overture,CDLA-Permissive-2.0,Overture 985a7f33-4d6b-4c61-96a9-ca4543480dee; confidence 0.4097566306591034
ov-bddb13ed-a4c5-493c-9953-59c9918c94eb,spotless_cleaners4,,Makurdi,Makurdi,Benue,laundry-service,7.770916,8.545588,exact,false,overture,CDLA-Permissive-2.0,Overture bddb13ed-a4c5-493c-9953-59c9918c94eb; confidence 0.5650047659873962
ov-10c18070-9a72-48be-be91-4a01edbb404a,SS AUDU Ventures,,Makurdi,Makurdi,Benue,shopping,7.72644,8.52609,exact,false,overture,CDLA-Permissive-2.0,Overture 10c18070-9a72-48be-be91-4a01edbb404a; confidence 0.8727651238441467
wd-Q136656529,St Augustine's Parish Demekpe,,Makurdi,Makurdi,Benue,church,7.736961,8.50607,exact,false,wikidata,,Wikidata Q136656529; instance-of: church building
wd-Q136733745,ST Dennis Junior Stars Academy,,Makurdi,Makurdi,Benue,school,7.735678,8.539001,exact,false,wikidata,,Wikidata Q136733745; instance-of: school
ov-14244b45-55fd-44e2-9e90-aed4402f37e3,"St Dominic's Catholic Church, Shachi",,Makurdi,Makurdi,Benue,christian-place-of-worship,7.719336,8.581131,exact,false,overture,CDLA-Permissive-2.0,Overture 14244b45-55fd-44e2-9e90-aed4402f37e3; confidence 0.8230782151222229
ov-d0c3f175-9353-4547-85da-0264ad9fbf47,"St Joseph Catholic Church, Apkehe. Makurdi.",,Makurdi,Makurdi,Benue,christian-place-of-worship,7.71072,8.554581,exact,false,overture,CDLA-Permissive-2.0,Overture d0c3f175-9353-4547-85da-0264ad9fbf47; confidence 0.7464374303817749
wd-Q137849024,ST JOSEPH CLINIC & MATERNITY,,Makurdi,Makurdi,Benue,hospital,7.741207,8.507196,exact,false,wikidata,,Wikidata Q137849024; instance-of: hospital
ov-565ac5b9-7dff-405d-9630-b3cdbb6b7718,St Joseph Nyiman Parish,,Makurdi,Makurdi,Benue,christian-place-of-worship,7.714941,8.51826,exact,false,overture,CDLA-Permissive-2.0,Overture 565ac5b9-7dff-405d-9630-b3cdbb6b7718; confidence 0.9783316850662231
wd-Q136647127,St Mary's Catholic Church in makurdi,,Makurdi,Makurdi,Benue,church,7.7587,8.49559,exact,false,wikidata,,Wikidata Q136647127; instance-of: church building
ov-7c61f53d-2fd1-47d1-93c0-d9eba8823087,St Thomas Catholic Church,,Makurdi,Makurdi,Benue,christian-place-of-worship,7.724901,8.554127,exact,false,overture,CDLA-Permissive-2.0,Overture 7c61f53d-2fd1-47d1-93c0-d9eba8823087; confidence 0.4941007196903229
wd-Q136656591,"St Thomas Catholic Church, Near Modern Market, Makurdi",,Makurdi,Makurdi,Benue,church,7.732198,8.4968,exact,false,wikidata,,Wikidata Q136656591; instance-of: church building
ov-6b684e0b-7988-468b-bdbc-ffd8243e2e70,St. Augustine Church Demekpe,,Makurdi,Makurdi,Benue,christian-place-of-worship,7.733482,8.505367,exact,false,overture,CDLA-Permissive-2.0,Overture 6b684e0b-7988-468b-bdbc-ffd8243e2e70; confidence 0.7216832041740417
wd-Q131361216,"St. Catherine Primary School, Makurdi",,Makurdi,Makurdi,Benue,school,7.727318,8.530806,exact,false,wikidata,,Wikidata Q131361216; instance-of: school
ov-8562d969-52f9-474e-88bc-d04382dd37d2,St. Charles Parish Adoka,,Makurdi,Makurdi,Benue,christian-place-of-worship,7.72644,8.52609,exact,false,overture,CDLA-Permissive-2.0,Overture 8562d969-52f9-474e-88bc-d04382dd37d2; confidence 0.9276304841041565
ov-91669c83-b1a6-4822-abbb-6a1defa5fa9f,St. Francis Catholic Church Nyiekaa,,Makurdi,Makurdi,Benue,christian-place-of-worship,7.69409,8.55021,exact,false,overture,CDLA-Permissive-2.0,Overture 91669c83-b1a6-4822-abbb-6a1defa5fa9f; confidence 0.46131250262260437; address locality: Markurdi
ov-2678ec69-28ba-43dc-b55d-79695ff60730,st. John Paul II Catholic Chaplaincy Jostum ,,Makurdi,Makurdi,Benue,religious-organization,7.765578,8.621162,exact,false,overture,CDLA-Permissive-2.0,Overture 2678ec69-28ba-43dc-b55d-79695ff60730; confidence 0.8233826756477356
ov-dedcc2d9-cd0e-4347-930b-308f05890180,St. Joseph Catholic Church,,Makurdi,Makurdi,Benue,christian-place-of-worship,7.710243,8.517688,exact,false,overture,CDLA-Permissive-2.0,Overture dedcc2d9-cd0e-4347-930b-308f05890180; confidence 0.6342912912368774
wd-Q136499845,ST. JOSEPH PHARMACY LTD,,Makurdi,Makurdi,Benue,place,7.730963,8.561217,exact,false,wikidata,,Wikidata Q136499845; instance-of: pharmacy
ov-c2035a18-d68a-4fd8-88eb-fa6b854fe394,St. Mary Catholic Church,,Makurdi,Makurdi,Benue,christian-place-of-worship,7.753656,8.54684,exact,false,overture,CDLA-Permissive-2.0,Overture c2035a18-d68a-4fd8-88eb-fa6b854fe394; confidence 0.5380324125289917
ov-51e74806-0981-4282-a502-b6c43816994e,St. Michael's Catholic Parish Yagba,,Makurdi,Makurdi,Benue,christian-place-of-worship,7.784967,8.568775,exact,false,overture,CDLA-Permissive-2.0,Overture 51e74806-0981-4282-a502-b6c43816994e; confidence 0.9452328681945801
ov-56e2a106-d8d8-40c4-89f3-cb5f646c6fec,ST. Patrick's Oratory,,Makurdi,Makurdi,Benue,religious-organization,7.73777,8.51056,exact,false,overture,CDLA-Permissive-2.0,Overture 56e2a106-d8d8-40c4-89f3-cb5f646c6fec; confidence 0.6064954996109009
ov-54bfe7ef-d2fc-4c4c-9167-eb46a5b46fc3,St. Paul's Catholic Mission Ahule Makurdi,,Makurdi,Makurdi,Benue,religious-organization,7.70724,8.51885,exact,false,overture,CDLA-Permissive-2.0,Overture 54bfe7ef-d2fc-4c4c-9167-eb46a5b46fc3; confidence 0.7965947389602661
ov-cee2f35e-9746-4991-a0a5-5773546e167d,"St. Peter's Catholic Church, Wurukum, Makurdi.",,Makurdi,Makurdi,Benue,christian-place-of-worship,7.722707,8.540734,exact,false,overture,CDLA-Permissive-2.0,Overture cee2f35e-9746-4991-a0a5-5773546e167d; confidence 0.7016707062721252
ov-b8ffc743-0060-401c-8bc3-6a52bd9bfd0a,St. Peter's Parish,,Makurdi,Makurdi,Benue,christian-place-of-worship,7.724152,8.538024,exact,false,overture,CDLA-Permissive-2.0,Overture b8ffc743-0060-401c-8bc3-6a52bd9bfd0a; confidence 0.5449011325836182
wd-Q136656636,"ST. PETER'S PARISH, LOW LEVEL MAKURDI",,Makurdi,Makurdi,Benue,church,7.727435,8.537827,exact,false,wikidata,,Wikidata Q136656636; instance-of: church building
ov-323e0ef1-b65f-4c30-939c-d293ecb94b83,"St. Stephen Military Church, Nasme Makurdi",,Makurdi,Makurdi,Benue,christian-place-of-worship,7.760985,8.53134,exact,false,overture,CDLA-Permissive-2.0,Overture 323e0ef1-b65f-4c30-939c-d293ecb94b83; confidence 0.7168156504631042
ov-2ddfce6e-f5e2-4638-a0fc-465d84ae8c8f,St. Theresa High Level,,Makurdi,Makurdi,Benue,christian-place-of-worship,7.721732,8.532642,exact,false,overture,CDLA-Permissive-2.0,Overture 2ddfce6e-f5e2-4638-a0fc-465d84ae8c8f; confidence 0.8909614682197571
ov-9a973058-53b7-4a3b-b849-cf8ac4e0c910,St. Thomas Aquinas Major Seminary,,Makurdi,Makurdi,Benue,place-of-learning,7.681624,8.53915,exact,false,overture,CDLA-Permissive-2.0,Overture 9a973058-53b7-4a3b-b849-cf8ac4e0c910; confidence 0.34780555963516235; address locality: Kanshio
ov-645f1513-914e-4e07-bbca-a012579963cc,"St. Thomas Aquinas Major Seminary, Kanshio, Makurdi",,Makurdi,Makurdi,Benue,college-university,7.682561,8.540924,exact,false,overture,CDLA-Permissive-2.0,Overture 645f1513-914e-4e07-bbca-a012579963cc; confidence 0.7356892228126526; address locality: Kanshio
ov-c5997702-31b4-4e2d-917d-2f8258861a08,St. Thomas Catholic Church,,Makurdi,Makurdi,Benue,christian-place-of-worship,7.728943,8.4968,exact,false,overture,CDLA-Permissive-2.0,Overture c5997702-31b4-4e2d-917d-2f8258861a08; confidence 0.5589504241943359
ov-966ca14e-3c3f-44cb-b3a0-9736df0e2fbf,ST. URIEL Parish 1 Makurdi,,Makurdi,Makurdi,Benue,religious-organization,7.710588,8.513377,exact,false,overture,CDLA-Permissive-2.0,Overture 966ca14e-3c3f-44cb-b3a0-9736df0e2fbf; confidence 0.5633208155632019
ov-51fa8348-a769-49b1-9fd3-9db20d49325a,Standard Salon and Laundry,,Makurdi,Makurdi,Benue,personal-or-beauty-service,7.726555,8.548496,exact,false,overture,CDLA-Permissive-2.0,Overture 51fa8348-a769-49b1-9fd3-9db20d49325a; confidence 0.7824798226356506
ov-1226c657-b881-48de-b4b4-6f86db0b0084,Star Shawarma & Smoothies,,Makurdi,Makurdi,Benue,restaurant,7.73681,8.52888,exact,false,overture,CDLA-Permissive-2.0,Overture 1226c657-b881-48de-b4b4-6f86db0b0084; confidence 0.6684388518333435
ov-b9849c61-bc76-4618-9f2f-ef9fa6fe7322,Star Shawarma and smoothies,,Makurdi,Makurdi,Benue,restaurant,7.730684,8.534377,exact,false,overture,CDLA-Permissive-2.0,Overture b9849c61-bc76-4618-9f2f-ef9fa6fe7322; confidence 0.5894976854324341
gn-makurdi-stasungu-ppl-2322838,Stasungu,,Makurdi,Makurdi,Benue,village,7.6357,8.56931,exact,false,geonames,CC-BY-4.0,GeoNames feature P.PPL
ov-e25d930c-9d03-4ddf-83b2-6739a6e1f801,State Secretariat,,Makurdi,Makurdi,Benue,government-office,7.714194,8.522937,exact,false,overture,CDLA-Permissive-2.0,Overture e25d930c-9d03-4ddf-83b2-6739a6e1f801; confidence 0.650515079498291
ov-36e1bafa-a94e-40cb-ae0d-3136a15b3b93,Stayklin Laundry and Dry Cleaning Services,,Makurdi,Makurdi,Benue,laundry-service,7.726504,8.526021,exact,false,overture,CDLA-Permissive-2.0,Overture 36e1bafa-a94e-40cb-ae0d-3136a15b3b93; confidence 0.7079585790634155
ov-f297f6ea-edc2-4be6-8be8-d3bf24d29431,Stella rose villa,,Makurdi,Makurdi,Benue,hotel,7.696727,8.537967,exact,false,overture,CDLA-Permissive-2.0,Overture f297f6ea-edc2-4be6-8be8-d3bf24d29431; confidence 0.7078792452812195
ov-96068f7c-9584-4684-93c3-582ddbbb25ae,"Steps to Life Global Evangelism Church of FSDA, Nigeria",,Makurdi,Makurdi,Benue,religious-organization,7.721463,8.573225,exact,false,overture,CDLA-Permissive-2.0,Overture 96068f7c-9584-4684-93c3-582ddbbb25ae; confidence 0.7162760496139526
wd-Q131298356,Stomach bounty,,Makurdi,Makurdi,Benue,place,7.72444,8.55248,exact,false,wikidata,,Wikidata Q131298356; instance-of: restaurant
ov-a688c4ea-e5ac-464e-aaae-6fbc0997a065,Stomach Paradise Cafeteria.,,Makurdi,Makurdi,Benue,restaurant,7.7306,8.5361,exact,false,overture,CDLA-Permissive-2.0,Overture a688c4ea-e5ac-464e-aaae-6fbc0997a065; confidence 0.6594995260238647
wd-Q131298291,Stomach Paradise Restaurant,,Makurdi,Makurdi,Benue,place,7.718948,8.532481,exact,false,wikidata,,Wikidata Q131298291; instance-of: restaurant
ov-0b37ec78-6f4c-4adf-9ad5-05e8cb3949eb,Storehouse Music,,Makurdi,Makurdi,Benue,specialty-school,7.73787,8.51033,exact,false,overture,CDLA-Permissive-2.0,Overture 0b37ec78-6f4c-4adf-9ad5-05e8cb3949eb; confidence 0.5534881949424744
ov-99738b3d-b08d-45bd-9ff8-c62b82d8bb7e,Storehouse School of Music,,Makurdi,Makurdi,Benue,specialty-school,7.72275,8.53745,exact,false,overture,CDLA-Permissive-2.0,Overture 99738b3d-b08d-45bd-9ff8-c62b82d8bb7e; confidence 0.24709166586399078
ov-2db0df48-3c95-4ce7-a63c-2340e2e9c3b1,STYNO Livestock Ventures,,Makurdi,Makurdi,Benue,farm,7.75,8.55,exact,false,overture,CDLA-Permissive-2.0,Overture 2db0df48-3c95-4ce7-a63c-2340e2e9c3b1; confidence 0.6234297752380371
ov-2b1882c9-28f4-4774-9676-a2ed62aabb3f,Sughun Beauty Studio,,Makurdi,Makurdi,Benue,fashion-and-apparel-store,7.681774,8.530627,exact,false,overture,CDLA-Permissive-2.0,Overture 2b1882c9-28f4-4774-9676-a2ed62aabb3f; confidence 0.6960341930389404; address locality: Kanshio
gn-makurdi-sum-apir-ppl-2322781,Sum Apir,,Makurdi,Makurdi,Benue,village,7.62755,8.5647,exact,false,geonames,CC-BY-4.0,GeoNames feature P.PPL
ov-b8875520-24c1-4a94-af02-9b0f3116f281,Summer Shades Interior,,Makurdi,Makurdi,Benue,home-service,7.726021,8.499132,exact,false,overture,CDLA-Permissive-2.0,Overture b8875520-24c1-4a94-af02-9b0f3116f281; confidence 0.45134976506233215
ov-023049b3-034c-4120-84cf-1df3bda17364,Super Grafix,,Makurdi,Makurdi,Benue,design-service,7.721229,8.529894,exact,false,overture,CDLA-Permissive-2.0,Overture 023049b3-034c-4120-84cf-1df3bda17364; confidence 0.6253289580345154
ov-c41fd78b-5118-483b-9d09-cf7f638ce19e,Superlife Makurdi,,Makurdi,Makurdi,Benue,health-care,7.749496,8.547349,exact,false,overture,CDLA-Permissive-2.0,Overture c41fd78b-5118-483b-9d09-cf7f638ce19e; confidence 0.6143297553062439
ov-dfcfecf0-b90e-4d5f-953b-3172d2bcdb14,Supreme Garden,,Makurdi,Makurdi,Benue,bar,7.726044,8.525733,exact,false,overture,CDLA-Permissive-2.0,Overture dfcfecf0-b90e-4d5f-953b-3172d2bcdb14; confidence 0.4272443652153015
wd-Q136499793,SUTEX PHARMACY,,Makurdi,Makurdi,Benue,place,7.770938,8.512698,exact,false,wikidata,,Wikidata Q136499793; instance-of: pharmacy
ov-ae2abb9b-cb6e-43a3-99bd-275cad5c5edf,Suvcone Real estate development company,,Makurdi,Makurdi,Benue,civic-organization,7.756814,8.555861,exact,false,overture,CDLA-Permissive-2.0,Overture ae2abb9b-cb6e-43a3-99bd-275cad5c5edf; confidence 0.6477311849594116
wd-Q136593918,Suwange Fruit Market,,Makurdi,Makurdi,Benue,market,7.725161,8.545828,exact,false,wikidata,,Wikidata Q136593918; instance-of: market
ov-69132085-a379-40b4-beca-42177933db6a,Symbols Place,,Makurdi,Makurdi,Benue,restaurant,7.723448,8.560323,exact,false,overture,CDLA-Permissive-2.0,Overture 69132085-a379-40b4-beca-42177933db6a; confidence 0.6217805743217468
ov-fbb9ac7c-536f-402d-9431-c2aaeddaf286,Synajeh Global Limited,,Makurdi,Makurdi,Benue,agricultural-service,7.71168,8.5307,exact,false,overture,CDLA-Permissive-2.0,Overture fbb9ac7c-536f-402d-9431-c2aaeddaf286; confidence 0.5326281785964966
ov-0c5e4b7e-195e-492f-bd65-3deacc1b8f95,Synlab Nigeria Bsuth,,Makurdi,Makurdi,Benue,diagnostics-imaging-or-lab-service,7.724887,8.568015,exact,false,overture,CDLA-Permissive-2.0,Overture 0c5e4b7e-195e-492f-bd65-3deacc1b8f95; confidence 0.5138066411018372
gn-makurdi-tar-ppl-9508909,Tar,,Makurdi,Makurdi,Benue,village,7.67419,8.4069,exact,false,geonames,CC-BY-4.0,GeoNames feature P.PPL
wd-Q136514588,Taraku Oil mills Market,,Makurdi,Makurdi,Benue,market,7.730404,8.53534,exact,false,wikidata,,Wikidata Q136514588; instance-of: market
ng-benue-makurdi-tarka-foundation,Tarka Foundation,Tarka Foundation Road,Makurdi,Makurdi,Benue,landmark,7.7411,8.5166,approximate,false,curated,project-owned,Landmark coords already used by the app
ov-90914cda-ca3b-4fdd-b340-a9d7c72dc479,Tc Wine Bar,,Makurdi,Makurdi,Benue,bar,7.727219,8.532708,exact,false,overture,CDLA-Permissive-2.0,Overture 90914cda-ca3b-4fdd-b340-a9d7c72dc479; confidence 0.45693477988243103
ov-5e64eee0-a814-44ae-b9a3-66a44369f488,Tednas Electronics,,Makurdi,Makurdi,Benue,corporate-or-business-office,7.73681,8.52888,exact,false,overture,CDLA-Permissive-2.0,Overture 5e64eee0-a814-44ae-b9a3-66a44369f488; confidence 0.5890923142433167
wd-Q136499736,TEKOA DRUGS LTD,,Makurdi,Makurdi,Benue,place,7.736607,8.543008,exact,false,wikidata,,Wikidata Q136499736; instance-of: pharmacy
wd-Q131362258,"Temple Gate College, Makurdi",,Makurdi,Makurdi,Benue,school,7.730295,8.533138,exact,false,wikidata,,Wikidata Q131362258; instance-of: school
gn-makurdi-tepe-ppl-9509094,Tepe,,Makurdi,Makurdi,Benue,village,7.6279,8.46095,exact,false,geonames,CC-BY-4.0,GeoNames feature P.PPL
ov-2e6f6246-55a2-44a8-9f7d-5c5b3380bc3b,Ter Saloon,,Makurdi,Makurdi,Benue,personal-or-beauty-service,7.7195,8.52471,exact,false,overture,CDLA-Permissive-2.0,Overture 2e6f6246-55a2-44a8-9f7d-5c5b3380bc3b; confidence 0.8222434520721436
ov-b0c4cb8e-2b3f-4764-8573-1ecbb531f7ac,Ter Umah Ministries,,Makurdi,Makurdi,Benue,historic-site,7.72644,8.52609,exact,false,overture,CDLA-Permissive-2.0,Overture b0c4cb8e-2b3f-4764-8573-1ecbb531f7ac; confidence 0.5531215071678162
wd-Q136499698,TERJIMIN PHARMACY,,Makurdi,Makurdi,Benue,place,7.721374,8.56917,exact,false,wikidata,,Wikidata Q136499698; instance-of: pharmacy
ov-1294bc3b-fb3a-48ef-b090-ee193bcc2791,Terries Chills,,Makurdi,Makurdi,Benue,bar,7.73724,8.51595,exact,false,overture,CDLA-Permissive-2.0,Overture 1294bc3b-fb3a-48ef-b090-ee193bcc2791; confidence 0.6109607815742493
ng-benue-makurdi-terwase-agbadu-street,Terwase Agbadu Street,Terwase Agbadu St,Makurdi,Makurdi,Benue,road,7.713603,8.583866,approximate,false,curated,project-owned,Draft; street in the Hange area of Makurdi; coords from user-provided map pin
ov-db98a8e1-c49c-4c16-9c27-157de25de863,TGCI,,Makurdi,Makurdi,Benue,religious-organization,7.700104,8.525391,exact,false,overture,CDLA-Permissive-2.0,Overture db98a8e1-c49c-4c16-9c27-157de25de863; confidence 0.768772304058075
wd-Q136656611,The Apostolic Church Nigeria Makurdi,,Makurdi,Makurdi,Benue,church,7.736281,8.51019,exact,false,overture|wikidata,CDLA-Permissive-2.0,Wikidata Q136656611; instance-of: church building; Overture ec265583-ec18-4d1f-ad9e-3d38c4350464; confidence 0.5582932233810425
wd-Q131298322,The Bakesmith restaurant,,Makurdi,Makurdi,Benue,place,7.719263,8.524662,exact,false,overture|wikidata,CDLA-Permissive-2.0,Wikidata Q131298322; instance-of: restaurant; Overture 161273a3-0cd0-4444-8194-9623386f384b; confidence 0.6583518981933594
ov-9ee1381d-d686-40b1-a417-8e8ccf915b5f,The Balcony Makurdi,,Makurdi,Makurdi,Benue,dance-club,7.718599,8.578803,exact,false,overture,CDLA-Permissive-2.0,Overture 9ee1381d-d686-40b1-a417-8e8ccf915b5f; confidence 0.8110863566398621
wd-Q136764613,The Brightstar Academy,,Makurdi,Makurdi,Benue,school,7.698858,8.549873,exact,false,wikidata,,Wikidata Q136764613; instance-of: school
ov-3718ff99-7792-438b-b0ea-9b379ba5d8d2,The Church of Jesus Christ of Latter-day Saints,,Makurdi,Makurdi,Benue,religious-organization,7.7645,8.55828,exact,false,overture,CDLA-Permissive-2.0,Overture 3718ff99-7792-438b-b0ea-9b379ba5d8d2; confidence 0.85; address locality: Makurdi North
ov-19c7e183-9eca-4bd5-b4f8-cdb0267d0807,The Church of Jesus Christ of Latter-day Saints,,Makurdi,Makurdi,Benue,religious-organization,7.720448,8.584742,exact,false,overture,CDLA-Permissive-2.0,Overture 19c7e183-9eca-4bd5-b4f8-cdb0267d0807; confidence 0.85
ov-df196442-a657-40a8-8acb-dc37a00c7cab,The Church of Jesus Christ of Latter-day Saints,,Makurdi,Makurdi,Benue,religious-organization,7.723267,8.527358,exact,false,overture,CDLA-Permissive-2.0,Overture df196442-a657-40a8-8acb-dc37a00c7cab; confidence 0.85
ov-c9e2bc2b-d18d-47bc-9df2-f91dd4b7a5f8,The Church of Jesus Christ of Latter-day Saints,,Makurdi,Makurdi,Benue,religious-organization,7.71985,8.537566,exact,false,overture,CDLA-Permissive-2.0,Overture c9e2bc2b-d18d-47bc-9df2-f91dd4b7a5f8; confidence 0.85
ov-ed3abae5-115b-4b59-8942-77d262ef86cd,The Church of Jesus Christ of Latter-day Saints,,Makurdi,Makurdi,Benue,religious-organization,7.730824,8.511279,exact,false,overture,CDLA-Permissive-2.0,Overture ed3abae5-115b-4b59-8942-77d262ef86cd; confidence 0.85
ov-03dda4fb-c608-4997-b081-4aa7416695f8,The Church of the Christ's Ministry.,,Makurdi,Makurdi,Benue,religious-organization,7.71134,8.50095,exact,false,overture,CDLA-Permissive-2.0,Overture 03dda4fb-c608-4997-b081-4aa7416695f8; confidence 0.7470399737358093
ov-caa3eab0-726c-438e-a5f2-8203088767d6,The Church of the Christs,,Makurdi,Makurdi,Benue,religious-organization,7.72771,8.54649,exact,false,overture,CDLA-Permissive-2.0,Overture caa3eab0-726c-438e-a5f2-8203088767d6; confidence 0.7106637358665466
ov-d24c591f-c0c1-4350-af2e-44f5d2033d1d,The Court of Appeal,,Makurdi,Makurdi,Benue,government-office,7.731151,8.530071,exact,false,overture,CDLA-Permissive-2.0,Overture d24c591f-c0c1-4350-af2e-44f5d2033d1d; confidence 0.6436838507652283
ov-b7061216-fbb1-4bf7-9523-88d61e8bb38c,The Divine Royal Academy,,Makurdi,Makurdi,Benue,family-service,7.7306,8.5361,exact,false,overture,CDLA-Permissive-2.0,Overture b7061216-fbb1-4bf7-9523-88d61e8bb38c; confidence 0.8901971578598022
ov-357aecf8-dfc7-4f31-9d98-a7ae44ed817c,The Dream Event Centre,,Makurdi,Makurdi,Benue,event-or-party-service,7.734674,8.531673,exact,false,overture,CDLA-Permissive-2.0,Overture 357aecf8-dfc7-4f31-9d98-a7ae44ed817c; confidence 0.9526573419570923
ov-f0b69e06-b023-4b43-b7c3-9ba8e04493e1,The Elite Vain Yard,,Makurdi,Makurdi,Benue,personal-care-and-beauty-store,7.728701,8.5329,exact,false,overture,CDLA-Permissive-2.0,Overture f0b69e06-b023-4b43-b7c3-9ba8e04493e1; confidence 0.6449654698371887
ov-b1c34aa2-477d-450c-92bf-3333799c2f6d,The Glory Of His Majesty Ministries Youth Fellowship,,Makurdi,Makurdi,Benue,christian-place-of-worship,7.731122,8.540394,exact,false,overture,CDLA-Permissive-2.0,Overture b1c34aa2-477d-450c-92bf-3333799c2f6d; confidence 0.6435515284538269
ov-50b13fcd-011f-4493-b38f-7700a2247576,The glory of his majesty ministry high level branch benue state makurdi,,Makurdi,Makurdi,Benue,religious-organization,7.72432,8.53154,exact,false,overture,CDLA-Permissive-2.0,Overture 50b13fcd-011f-4493-b38f-7700a2247576; confidence 0.7092923521995544
wd-Q136824548,The Guy Eatery and lounge,,Makurdi,Makurdi,Benue,place,7.727438,8.533995,exact,false,wikidata,,Wikidata Q136824548; instance-of: restaurant
ov-b403eced-1f42-4c24-84d7-ee54611c5dba,The House of Jubilee Global,,Makurdi,Makurdi,Benue,christian-place-of-worship,7.7306,8.5361,exact,false,overture,CDLA-Permissive-2.0,Overture b403eced-1f42-4c24-84d7-ee54611c5dba; confidence 0.9348779916763306
ov-aaa8f8af-d0e4-4bd3-8ac5-8f1ae70bb399,The King's Vine Christian Centre,,Makurdi,Makurdi,Benue,religious-organization,7.73823,8.51142,exact,false,overture,CDLA-Permissive-2.0,Overture aaa8f8af-d0e4-4bd3-8ac5-8f1ae70bb399; confidence 0.5608909130096436
ov-30db31a8-2ceb-425d-9a0d-f6a6b3a616a1,The Potter's House Church,,Makurdi,Makurdi,Benue,religious-organization,7.72698,8.54298,exact,false,overture,CDLA-Permissive-2.0,Overture 30db31a8-2ceb-425d-9a0d-f6a6b3a616a1; confidence 0.7455087304115295
wd-Q131359374,The Potters House Schools Makurdi,,Makurdi,Makurdi,Benue,school,7.701288,8.52035,exact,false,wikidata,,Wikidata Q131359374; instance-of: school
ov-8fe91602-404b-4a26-8a18-b5e32c2be043,The Preaching Chef,,Makurdi,Makurdi,Benue,event-or-party-service,7.722056,8.529438,exact,false,overture,CDLA-Permissive-2.0,Overture 8fe91602-404b-4a26-8a18-b5e32c2be043; confidence 0.3920174539089203
ov-c3d36769-3cb1-4f4e-8876-fec82b9b76eb,The Revival Armies,,Makurdi,Makurdi,Benue,christian-place-of-worship,7.726281,8.499524,exact,false,overture,CDLA-Permissive-2.0,Overture c3d36769-3cb1-4f4e-8876-fec82b9b76eb; confidence 0.5180935263633728
ov-87ba3586-30cf-44b6-ad9b-7bc2a5cf079f,The Revival City Christian Exousia Center,,Makurdi,Makurdi,Benue,social-or-community-service,7.726131,8.53759,exact,false,overture,CDLA-Permissive-2.0,Overture 87ba3586-30cf-44b6-ad9b-7bc2a5cf079f; confidence 0.7626318335533142
ov-f6cc66ff-29df-4df7-9234-4ecbd130006a,The Shepherd Heritage Academy,,Makurdi,Makurdi,Benue,place-of-learning,7.7306,8.5361,exact,false,overture,CDLA-Permissive-2.0,Overture f6cc66ff-29df-4df7-9234-4ecbd130006a; confidence 0.8692322969436646
wd-Q131359298,"The Shepherd Heritage Academy, Makurdi",,Makurdi,Makurdi,Benue,school,7.711711,8.508743,exact,false,wikidata,,Wikidata Q131359298; instance-of: school
wd-Q107213292,Tilley Gyado College,,Makurdi,Makurdi,Benue,school,7.769526,8.561343,exact,false,wikidata,,Wikidata Q107213292; instance-of: secondary school
ov-1bf6727c-e27c-4a75-9176-ae84736142d5,Tims Classic,,Makurdi,Makurdi,Benue,fashion-and-apparel-store,7.72644,8.52609,exact,false,overture,CDLA-Permissive-2.0,Overture 1bf6727c-e27c-4a75-9176-ae84736142d5; confidence 0.5226036906242371
gn-makurdi-tionsha-ppl-9507378,Tionsha,,Makurdi,Makurdi,Benue,village,7.70506,8.4926,exact,false,geonames,CC-BY-4.0,GeoNames feature P.PPL
ov-a849fd54-bf47-4cdc-9df1-186c7c22b260,Tito Gate,,Makurdi,Makurdi,Benue,event-or-party-service,7.727206,8.535614,exact,false,overture,CDLA-Permissive-2.0,Overture a849fd54-bf47-4cdc-9df1-186c7c22b260; confidence 0.6877053380012512
wd-Q131279155,Tito Gate Restaurant and Cafe,,Makurdi,Makurdi,Benue,place,7.727111,8.53558,exact,false,wikidata,,Wikidata Q131279155; instance-of: restaurant
ov-59a48ce3-89ca-4d14-af73-7c3c361d17f7,Tito Multipurpose Events center,,Makurdi,Makurdi,Benue,music-venue,7.72223,8.51627,exact,false,overture,CDLA-Permissive-2.0,Overture 59a48ce3-89ca-4d14-af73-7c3c361d17f7; confidence 0.7282342314720154
ov-664e7cf3-2e31-43ea-881d-f1a4d5de4b01,Tito Yoghurt Makurdi,,Makurdi,Makurdi,Benue,fast-food-restaurant,7.727155,8.535393,exact,false,overture,CDLA-Permissive-2.0,Overture 664e7cf3-2e31-43ea-881d-f1a4d5de4b01; confidence 0.8543701171875
ov-b1500657-f9aa-49bb-8834-e2d4c5138dbc,Tito Yoghurt Plus,,Makurdi,Makurdi,Benue,fast-food-restaurant,7.73681,8.52888,exact,false,overture,CDLA-Permissive-2.0,Overture b1500657-f9aa-49bb-8834-e2d4c5138dbc; confidence 0.5579810738563538
ov-1f40350f-1e44-42a4-bbd7-6590babaa2cc,Tommyfeel Technology,,Makurdi,Makurdi,Benue,supplier-or-distributor,7.726924,8.528313,exact,false,overture,CDLA-Permissive-2.0,Overture 1f40350f-1e44-42a4-bbd7-6590babaa2cc; confidence 0.4127359986305237
ov-a6524645-364f-4730-8e0a-d51c3c9d45fe,Tony Ujah Foundation,,Makurdi,Makurdi,Benue,social-or-community-service,7.7287,8.5329,exact,false,overture,CDLA-Permissive-2.0,Overture a6524645-364f-4730-8e0a-d51c3c9d45fe; confidence 0.5457155108451843
ov-4b03a78d-92e1-418d-8805-707afdb55e13,Tosema Specialist Diagnostic Laboratory,,Makurdi,Makurdi,Benue,health-care,7.722697,8.533667,exact,false,overture,CDLA-Permissive-2.0,Overture 4b03a78d-92e1-418d-8805-707afdb55e13; confidence 0.8673267960548401
ov-87f5e4d0-6312-4607-a5c1-70fe2db2776b,Total Petrol Filling Station,,Makurdi,Makurdi,Benue,gas-station,7.729076,8.535415,exact,false,overture,CDLA-Permissive-2.0,Overture 87f5e4d0-6312-4607-a5c1-70fe2db2776b; confidence 0.5488611459732056
ov-a12326e6-6d92-4162-8de1-353cc8618498,TotalEnergies,,Makurdi,Makurdi,Benue,gas-station,7.693396,8.534837,exact,false,overture,CDLA-Permissive-2.0,Overture a12326e6-6d92-4162-8de1-353cc8618498; confidence 0.97
ov-fec8ce3d-adca-487a-a121-79a989561bf7,TotalEnergies,,Makurdi,Makurdi,Benue,gas-station,7.72729,8.556343,exact,false,overture,CDLA-Permissive-2.0,Overture fec8ce3d-adca-487a-a121-79a989561bf7; confidence 0.85
ov-51841de3-cfd0-4876-bfb5-4c38acd36380,TotalEnergies,,Makurdi,Makurdi,Benue,gas-station,7.729353,8.535169,exact,false,overture,CC0-1.0|CDLA-Permissive-2.0,Overture 51841de3-cfd0-4876-bfb5-4c38acd36380; confidence 0.85; Overture 31ec7eab-9735-4f4f-9e9c-c3b053936e20; confidence 0.8
ov-83cb3a2a-5639-4266-9f66-cafaaf805f39,TotalEnergies,,Makurdi,Makurdi,Benue,gas-station,7.744499,8.51683,exact,false,overture,CDLA-Permissive-2.0,Overture 83cb3a2a-5639-4266-9f66-cafaaf805f39; confidence 0.97
ov-c30cd1f3-f230-49d1-8358-508b27a059d8,Tower of Hope Foundation International,,Makurdi,Makurdi,Benue,social-or-community-service,7.713888,8.531178,exact,false,overture,CDLA-Permissive-2.0,Overture c30cd1f3-f230-49d1-8358-508b27a059d8; confidence 0.5553719401359558
ov-29949389-ce69-416d-b779-8e1ea250af5c,Tower of Rhema and Power Assembly,,Makurdi,Makurdi,Benue,religious-organization,7.784788,8.563671,exact,false,overture,CDLA-Permissive-2.0,Overture 29949389-ce69-416d-b779-8e1ea250af5c; confidence 0.7453082203865051
ov-b1a45585-f7a5-4a17-b28b-e37cc43fb531,Treaties Bar and Karaoke,,Makurdi,Makurdi,Benue,bar,7.71322,8.517933,exact,false,overture,CDLA-Permissive-2.0,Overture b1a45585-f7a5-4a17-b28b-e37cc43fb531; confidence 0.4848872125148773
ov-2188fa36-76c1-43ba-bf1a-72c8ced14d6e,Trinity Methodist Church,,Makurdi,Makurdi,Benue,christian-place-of-worship,7.72355,8.547009,exact,false,overture,CDLA-Permissive-2.0,Overture 2188fa36-76c1-43ba-bf1a-72c8ced14d6e; confidence 0.44813400506973267
ov-80ab72c3-092d-48b2-9864-265cf274aeb9,Trinity Model Academy,,Makurdi,Makurdi,Benue,place-of-learning,7.700929,8.534614,exact,false,overture,CDLA-Permissive-2.0,Overture 80ab72c3-092d-48b2-9864-265cf274aeb9; confidence 0.5875769257545471
ov-750879bc-aac2-43af-9649-027f91999188,Trinity secondary school,,Makurdi,Makurdi,Benue,place-of-learning,7.68644,8.535598,exact,false,overture,CDLA-Permissive-2.0,Overture 750879bc-aac2-43af-9649-027f91999188; confidence 0.8884159326553345; address locality: Kanshio
ov-e24e8cf5-106c-49bc-a528-9c366a9be51f,Trust In God Furniture,,Makurdi,Makurdi,Benue,hardware-home-and-garden-store,7.74425,8.51036,exact,false,overture,CDLA-Permissive-2.0,Overture e24e8cf5-106c-49bc-a528-9c366a9be51f; confidence 0.5204414129257202
wd-Q125463970,Truth & Life Gospel Church,,Makurdi,Makurdi,Benue,church,7.730812,8.513171,exact,false,wikidata,,Wikidata Q125463970; instance-of: church building
gn-makurdi-tse-aba-ppl-6852704,Tse Aba,,Makurdi,Makurdi,Benue,village,7.63813,8.43712,exact,false,geonames,CC-BY-4.0,GeoNames feature P.PPL
gn-makurdi-tse-ayira-ppl-9509098,Tse Ayira,,Makurdi,Makurdi,Benue,village,7.64773,8.45962,exact,false,geonames,CC-BY-4.0,GeoNames feature P.PPL
gn-makurdi-tse-gbagir-ppl-6852713,Tse Gbagir,,Makurdi,Makurdi,Benue,village,7.63858,8.58724,exact,false,geonames,CC-BY-4.0,GeoNames feature P.PPL
gn-makurdi-tse-poor-ppl-2321781,Tse Poor,,Makurdi,Makurdi,Benue,village,7.68596,8.58476,exact,false,geonames,CC-BY-4.0,GeoNames feature P.PPL
gn-makurdi-tse-akaza-ppl-9509090,Tse-Akaza,,Makurdi,Makurdi,Benue,village,7.64497,8.48274,exact,false,geonames,CC-BY-4.0,GeoNames feature P.PPL
gn-makurdi-tse-asinbe-ppl-9509095,Tse-Asinbe,,Makurdi,Makurdi,Benue,village,7.63681,8.4581,exact,false,geonames,CC-BY-4.0,GeoNames feature P.PPL
gn-makurdi-tseakom-ppl-6852839,Tseakom,,Makurdi,Makurdi,Benue,village,7.73644,8.41671,exact,false,geonames,CC-BY-4.0,GeoNames feature P.PPL
gn-makurdi-tsechia-ppl-6852708,Tsechia,,Makurdi,Makurdi,Benue,village,7.6402,8.40748,exact,false,geonames,CC-BY-4.0,GeoNames feature P.PPL
gn-makurdi-tsegbam-ppl-6852782,Tsegbam,,Makurdi,Makurdi,Benue,village,7.69355,8.45244,exact,false,geonames,CC-BY-4.0,GeoNames feature P.PPL
gn-makurdi-tsegbayi-ppl-6852707,Tsegbayi,,Makurdi,Makurdi,Benue,village,7.6418,8.46429,exact,false,geonames,CC-BY-4.0,GeoNames feature P.PPL
gn-makurdi-tsekom-ppl-6852761,Tsekom,,Makurdi,Makurdi,Benue,village,7.67919,8.49054,exact,false,geonames,CC-BY-4.0,GeoNames feature P.PPL
gn-makurdi-tsekpuu-ppl-9509100,Tsekpuu,,Makurdi,Makurdi,Benue,village,7.63125,8.40114,exact,false,geonames,CC-BY-4.0,GeoNames feature P.PPL
gn-makurdi-tsenhange-ppl-9507357,Tsenhange,,Makurdi,Makurdi,Benue,village,7.73593,8.47207,exact,false,geonames,CC-BY-4.0,GeoNames feature P.PPL
gn-makurdi-tsepeke-ppl-9508905,Tsepeke,,Makurdi,Makurdi,Benue,village,7.68293,8.43695,exact,false,geonames,CC-BY-4.0,GeoNames feature P.PPL
gn-makurdi-tsugh-ppl-9509093,Tsugh,,Makurdi,Makurdi,Benue,village,7.62756,8.48671,exact,false,geonames,CC-BY-4.0,GeoNames feature P.PPL
gn-makurdi-tsuwa-ppl-6852698,Tsuwa,,Makurdi,Makurdi,Benue,village,7.6337,8.47896,exact,false,geonames,CC-BY-4.0,GeoNames feature P.PPL
ov-c9b36328-d089-4cd9-96a8-f0bb8c97c00c,Tulip secondary school  mbaton tongov katsina Ala.,,Makurdi,Makurdi,Benue,college-university,7.72644,8.52609,exact,false,overture,CDLA-Permissive-2.0,Overture c9b36328-d089-4cd9-96a8-f0bb8c97c00c; confidence 0.8480969071388245
gn-makurdi-tume-ppl-2321514,Tume,,Makurdi,Makurdi,Benue,village,7.85189,8.61851,exact,false,geonames,CC-BY-4.0,GeoNames feature P.PPL
ov-aef72c3b-0af6-4cc0-8b98-de314f3a3c6e,Tutilo Enterprises,,Makurdi,Makurdi,Benue,rental-service,7.73681,8.52888,exact,false,overture,CDLA-Permissive-2.0,Overture aef72c3b-0af6-4cc0-8b98-de314f3a3c6e; confidence 0.5393324494361877
ov-8f15c421-dec0-416a-8b76-7a72cc9bcb5c,Tyeku Suites and Garden,,Makurdi,Makurdi,Benue,hotel,7.730651,8.51047,exact,false,overture,CDLA-Permissive-2.0,Overture 8f15c421-dec0-416a-8b76-7a72cc9bcb5c; confidence 0.474716454744339
gn-makurdi-tyogben-ppl-6852684,Tyogben,,Makurdi,Makurdi,Benue,village,7.62279,8.46519,exact,false,geonames,CC-BY-4.0,GeoNames feature P.PPL
gn-makurdi-tyohema-ppl-9507352,Tyohema,,Makurdi,Makurdi,Benue,village,7.70978,8.43304,exact,false,geonames,CC-BY-4.0,GeoNames feature P.PPL
gn-makurdi-tyokaa-ppl-2321114,Tyokaa,,Makurdi,Makurdi,Benue,village,7.63444,8.63303,exact,false,geonames,CC-BY-4.0,GeoNames feature P.PPL
gn-makurdi-tyokaa-ppl-9509163,Tyokaa,,Makurdi,Makurdi,Benue,village,7.61983,8.48118,exact,false,geonames,CC-BY-4.0,GeoNames feature P.PPL
ov-b0544091-f31c-4d5c-b931-46aab0745213,Tyowua& Sons Ventures,,Makurdi,Makurdi,Benue,agricultural-service,7.75,8.55,exact,false,overture,CDLA-Permissive-2.0,Overture b0544091-f31c-4d5c-b931-46aab0745213; confidence 0.5326709151268005
ov-ef4250bf-c5f4-4e78-92d6-0600420e3242,Tyrex Fashion / Beauty Shop,,Makurdi,Makurdi,Benue,personal-or-beauty-service,7.7306,8.5361,exact,false,overture,CDLA-Permissive-2.0,Overture ef4250bf-c5f4-4e78-92d6-0600420e3242; confidence 0.6083675026893616
ov-52672f4f-9c60-4131-a6de-2f81f66d126d,Uam Library North Core,,Makurdi,Makurdi,Benue,library,7.798062,8.61615,exact,false,overture,CDLA-Permissive-2.0,Overture 52672f4f-9c60-4131-a6de-2f81f66d126d; confidence 0.7286431789398193
ov-5cc454bd-1764-4221-8307-a49fef1954aa,UBA,,Makurdi,Makurdi,Benue,bank-or-credit-union,7.755452,8.548151,exact,false,overture,CDLA-Permissive-2.0,Overture 5cc454bd-1764-4221-8307-a49fef1954aa; confidence 0.6045312285423279
ov-2a503b69-1783-4a47-9003-a968ae758144,UBA Bank,,Makurdi,Makurdi,Benue,bank-or-credit-union,7.723713,8.544328,exact,false,overture,CDLA-Permissive-2.0,Overture 2a503b69-1783-4a47-9003-a968ae758144; confidence 0.28274497389793396
wd-Q131360880,"UBEC MODEL SMART SCHOOL, ADAKA, MAKURDI",,Makurdi,Makurdi,Benue,school,7.73217,8.529326,exact,false,wikidata,,Wikidata Q131360880; instance-of: school
gn-makurdi-ucha-ppl-9507363,Ucha,,Makurdi,Makurdi,Benue,village,7.72557,8.48625,exact,false,geonames,CC-BY-4.0,GeoNames feature P.PPL
ov-27b7a441-b27e-4626-bff5-23b1770a4c43,Uche Bassey Foundation,,Makurdi,Makurdi,Benue,hardware-home-and-garden-store,7.70981,8.532629,exact,false,overture,CDLA-Permissive-2.0,Overture 27b7a441-b27e-4626-bff5-23b1770a4c43; confidence 0.5563326478004456
gn-makurdi-ude-ppl-2320977,Ude,,Makurdi,Makurdi,Benue,village,7.76009,8.59923,exact,false,geonames,CC-BY-4.0,GeoNames feature P.PPL
ov-bbbd5a8f-909c-4303-b15c-bc086f3393af,Udeco Engineering,,Makurdi,Makurdi,Benue,building-or-construction-service,7.75,8.55,exact,false,overture,CDLA-Permissive-2.0,Overture bbbd5a8f-909c-4303-b15c-bc086f3393af; confidence 0.5224004983901978
gn-makurdi-udoma-ppl-6852790,Udoma,,Makurdi,Makurdi,Benue,village,7.70146,8.48757,exact,false,geonames,CC-BY-4.0,GeoNames feature P.PPL
gn-makurdi-uga-ppl-2320916,Uga,,Makurdi,Makurdi,Benue,village,7.782,8.52088,exact,false,geonames,CC-BY-4.0,GeoNames feature P.PPL
gn-makurdi-uga-soja-ppl-2320909,Uga Soja,,Makurdi,Makurdi,Benue,village,7.71432,8.6128,exact,false,geonames,CC-BY-4.0,GeoNames feature P.PPL
gn-makurdi-ugbe-ppl-6852725,Ugbe,,Makurdi,Makurdi,Benue,village,7.65384,8.48722,exact,false,geonames,CC-BY-4.0,GeoNames feature P.PPL
gn-makurdi-ugbonko-ppl-9507367,Ugbonko,,Makurdi,Makurdi,Benue,village,7.71685,8.49036,exact,false,geonames,CC-BY-4.0,GeoNames feature P.PPL
gn-makurdi-ugoh-ppl-2320810,Ugoh,,Makurdi,Makurdi,Benue,village,7.64007,8.55744,exact,false,geonames,CC-BY-4.0,GeoNames feature P.PPL
ov-a572430c-08d5-46c6-b24c-134bf38830de,UK&G Couture Trends,,Makurdi,Makurdi,Benue,fashion-and-apparel-store,7.73333,8.53333,exact,false,overture,CDLA-Permissive-2.0,Overture a572430c-08d5-46c6-b24c-134bf38830de; confidence 0.28628402948379517
ov-61e40109-4200-4f15-b7e8-cb2e5ce2fc91,UKmoni Real Estate Services,,Makurdi,Makurdi,Benue,real-estate-service,7.72644,8.52609,exact,false,overture,CDLA-Permissive-2.0,Overture 61e40109-4200-4f15-b7e8-cb2e5ce2fc91; confidence 0.6132673621177673
gn-makurdi-uko-ppl-9507361,Uko,,Makurdi,Makurdi,Benue,village,7.73382,8.49279,exact,false,geonames,CC-BY-4.0,GeoNames feature P.PPL
ov-45ff185b-22ea-4871-bcc6-cad7d2ae1cef,Ukum united,,Makurdi,Makurdi,Benue,college-university,7.72644,8.52609,exact,false,overture,CDLA-Permissive-2.0,Overture 45ff185b-22ea-4871-bcc6-cad7d2ae1cef; confidence 0.6071543097496033
ov-73a4f8c8-b4d5-4259-9765-3e9bc5182e20,Uncle's Place,,Makurdi,Makurdi,Benue,supplier-or-distributor,7.739555,8.523044,exact,false,overture,CDLA-Permissive-2.0,Overture 73a4f8c8-b4d5-4259-9765-3e9bc5182e20; confidence 0.23279717564582825
ov-9a25f53b-8475-4ac8-83bb-76c522cd3161,"Undergraduate Studies, College of Education Oju",,Makurdi,Makurdi,Benue,college-university,7.72212,8.53633,exact,false,overture,CDLA-Permissive-2.0,Overture 9a25f53b-8475-4ac8-83bb-76c522cd3161; confidence 0.5774982571601868
gn-makurdi-ungbea-ppl-9509135,Ungbea,,Makurdi,Makurdi,Benue,village,7.61924,8.4017,exact,false,geonames,CC-BY-4.0,GeoNames feature P.PPL
ov-e1661f88-7dd1-44f3-86d1-32a99ff55583,UniAgric Makurdi,,Makurdi,Makurdi,Benue,college-university,7.771448,8.577231,exact,false,overture,CDLA-Permissive-2.0,Overture e1661f88-7dd1-44f3-86d1-32a99ff55583; confidence 0.7621716260910034
ov-21df8cd1-f0d1-4cad-99f0-dcf1326617fc,Unique Schools Makurdi,,Makurdi,Makurdi,Benue,place-of-learning,7.69524,8.53689,exact,false,overture,CDLA-Permissive-2.0,Overture 21df8cd1-f0d1-4cad-99f0-dcf1326617fc; confidence 0.9690561890602112
wd-Q126113726,"Unique Secondary School, Makurdi",,Makurdi,Makurdi,Benue,school,7.685298,8.543916,exact,false,wikidata,,Wikidata Q126113726; instance-of: school
ov-44c6e206-1a03-4949-98b6-72330d775fba,Unique Unique Plantain Chips Spicy,,Makurdi,Makurdi,Benue,food-and-beverage-store,7.7419,8.508759,exact,false,overture,CDLA-Permissive-2.0,Overture 44c6e206-1a03-4949-98b6-72330d775fba; confidence 0.543803334236145
ov-c97e3d77-f5a3-4eec-b3d2-6a7290292b24,University of Agriculture,,Makurdi,Makurdi,Benue,college-university,7.784788,8.563671,exact,false,overture,CDLA-Permissive-2.0,Overture c97e3d77-f5a3-4eec-b3d2-6a7290292b24; confidence 0.5584545135498047
wd-Q7895023,"University of Agriculture, Makurdi",University of Agriculture Makurdi ,Makurdi,Makurdi,Benue,university,7.732187,8.539147,exact,false,overture|wikidata,CDLA-Permissive-2.0,Wikidata Q7895023; instance-of: university; Overture cb4b6510-9cd1-4740-9837-9e5b9d57a911; confidence 0.7168752551078796
wd-Q109180551,"University of Agriculture, Makurdi Library",,Makurdi,Makurdi,Benue,place,7.7322,8.5392,exact,false,wikidata,,Wikidata Q109180551; instance-of: academic library
wd-Q130633993,Urodiagnostics Specialist Medical Center,,Makurdi,Makurdi,Benue,place,7.789415,8.502934,exact,false,wikidata,,Wikidata Q130633993; instance-of: health
ov-92f9ad5c-da68-44c2-92ea-7749eb95138f,UROM Fisheries and fish farm service,,Makurdi,Makurdi,Benue,farm,7.74446,8.52006,exact,false,overture,CDLA-Permissive-2.0,Overture 92f9ad5c-da68-44c2-92ea-7749eb95138f; confidence 0.39226382970809937
gn-makurdi-usan-ppl-2319629,Usan,,Makurdi,Makurdi,Benue,village,7.85289,8.51158,exact,false,geonames,CC-BY-4.0,GeoNames feature P.PPL
ov-c286732c-8caa-4c3d-a14d-80141a042533,Usmantraveltour,,Makurdi,Makurdi,Benue,corporate-or-business-office,7.735902,8.53321,exact,false,overture,CDLA-Permissive-2.0,Overture c286732c-8caa-4c3d-a14d-80141a042533; confidence 0.38263681530952454
gn-makurdi-ute-ppl-6852834,Ute,,Makurdi,Makurdi,Benue,village,7.7303,8.48071,exact,false,geonames,CC-BY-4.0,GeoNames feature P.PPL
gn-makurdi-utenger-ppl-2319552,Utenger,,Makurdi,Makurdi,Benue,village,7.71163,8.6207,exact,false,geonames,CC-BY-4.0,GeoNames feature P.PPL
ov-b352d7c4-e6f4-487e-ae2f-51d7e2317de2,Uwokwu Students' Association for Politics.,,Makurdi,Makurdi,Benue,college-university,7.72644,8.52609,exact,false,overture,CDLA-Permissive-2.0,Overture b352d7c4-e6f4-487e-ae2f-51d7e2317de2; confidence 0.4508391320705414
ov-cdc2489b-f98a-46f5-8551-6fc33ce7f9f1,Uyauya Multipurpose Cooperative Society Ltd.,,Makurdi,Makurdi,Benue,social-or-community-service,7.726065,8.540624,exact,false,overture,CDLA-Permissive-2.0,Overture cdc2489b-f98a-46f5-8551-6fc33ce7f9f1; confidence 0.7776774764060974
gn-makurdi-uzever-ppl-6852742,Uzever,,Makurdi,Makurdi,Benue,village,7.66394,8.49662,exact,false,geonames,CC-BY-4.0,GeoNames feature P.PPL
gn-makurdi-uzeza-ppl-9507372,Uzeza,,Makurdi,Makurdi,Benue,village,7.71611,8.46514,exact,false,geonames,CC-BY-4.0,GeoNames feature P.PPL
gn-makurdi-ver-ppl-9507365,Ver,,Makurdi,Makurdi,Benue,village,7.71971,8.48234,exact,false,geonames,CC-BY-4.0,GeoNames feature P.PPL
ov-0ac489ce-2e71-4e64-a0bf-430979b40492,Veraty global,,Makurdi,Makurdi,Benue,place,7.72763,8.49421,exact,false,overture,CDLA-Permissive-2.0,Overture 0ac489ce-2e71-4e64-a0bf-430979b40492; confidence 0.29725944995880127
wd-Q136733636,Veronica Children's Academy,,Makurdi,Makurdi,Benue,school,7.734567,8.53789,exact,false,wikidata,,Wikidata Q136733636; instance-of: school
wd-Q131360798,"Vertex Nursery and Primary School, Makurdi",,Makurdi,Makurdi,Benue,school,7.732185,8.539236,exact,false,wikidata,,Wikidata Q131360798; instance-of: school
wd-Q131360907,Vertora Royal Schools Makurdi,Vertora Royal Schools,Makurdi,Makurdi,Benue,school,7.721569,8.522487,exact,false,overture|wikidata,CDLA-Permissive-2.0,Wikidata Q131360907; instance-of: school; Overture e541afdf-0b07-46ef-ab2c-8941aa059c95; confidence 0.6377861499786377
ov-ef16c2d1-13e1-48bc-bfbc-8e23508f28dc,Vet Konect,,Makurdi,Makurdi,Benue,animal-or-pet-service,7.726439,8.52609,exact,false,overture,CDLA-Permissive-2.0,Overture ef16c2d1-13e1-48bc-bfbc-8e23508f28dc; confidence 0.562915563583374
ov-5dc133f8-e71a-447b-b475-78e6e42a7081,Via Christi Society Vocation,,Makurdi,Makurdi,Benue,religious-organization,7.709567,8.573219,exact,false,overture,CDLA-Permissive-2.0,Overture 5dc133f8-e71a-447b-b475-78e6e42a7081; confidence 0.6019394993782043
gn-makurdi-viashima-ppl-9507356,Viashima,,Makurdi,Makurdi,Benue,village,7.73828,8.46706,exact,false,geonames,CC-BY-4.0,GeoNames feature P.PPL
wd-Q136723934,Vibrant Academy,,Makurdi,Makurdi,Benue,school,7.78811,8.562566,exact,false,wikidata,,Wikidata Q136723934; instance-of: school
ov-e2a36b2d-0869-4eab-aa7c-f1ca2add788c,Victory Life Impartation Ministry,,Makurdi,Makurdi,Benue,christian-place-of-worship,7.706541,8.5044,exact,false,overture,CDLA-Permissive-2.0,Overture e2a36b2d-0869-4eab-aa7c-f1ca2add788c; confidence 0.550713300704956; address locality: Markurdi
wd-Q125471764,Victory Methodist CHURCH,,Makurdi,Makurdi,Benue,church,7.680688,8.526516,exact,false,wikidata,,Wikidata Q125471764; instance-of: church building
ov-d00f1876-d95b-40b5-922b-74fd3ef17d67,VILLA Academy,,Makurdi,Makurdi,Benue,elementary-school,7.723128,8.568414,exact,false,overture,CDLA-Permissive-2.0,Overture d00f1876-d95b-40b5-922b-74fd3ef17d67; confidence 0.8338019847869873
ov-79641d8c-44e2-4caf-bb3d-617e47454f03,Vincal Pharmacy,,Makurdi,Makurdi,Benue,pharmacy-and-drug-store,7.740219,8.51509,exact,false,overture,CDLA-Permissive-2.0,Overture 79641d8c-44e2-4caf-bb3d-617e47454f03; confidence 0.5686767101287842
wd-Q136499670,VINCAL PHARMACY LTD,,Makurdi,Makurdi,Benue,place,7.740245,8.514947,exact,false,wikidata,,Wikidata Q136499670; instance-of: pharmacy
ov-c6c2d6ad-4045-4ab3-9447-7fcf41320e9d,Vintage Beauty Bar By Candy,,Makurdi,Makurdi,Benue,personal-or-beauty-service,7.732147,8.539065,exact,false,overture,CDLA-Permissive-2.0,Overture c6c2d6ad-4045-4ab3-9447-7fcf41320e9d; confidence 0.4879927933216095
ov-ed1c2d17-60b8-4361-8f5a-f9d47774f0d9,VirasotGroup,,Makurdi,Makurdi,Benue,civic-organization,7.72645,8.5414,exact,false,overture,CDLA-Permissive-2.0,Overture ed1c2d17-60b8-4361-8f5a-f9d47774f0d9; confidence 0.5251655578613281
ov-a4acf44f-0a4d-4fe7-9436-2aaf0a0ff8e9,Vironys Stores,,Makurdi,Makurdi,Benue,shopping,7.727713,8.535622,exact,false,overture,CDLA-Permissive-2.0,Overture a4acf44f-0a4d-4fe7-9436-2aaf0a0ff8e9; confidence 0.7893106937408447
ov-5eef9cb4-1def-4a0c-9877-6881c2e01a41,Virtue Heights Academy for Girls ,,Makurdi,Makurdi,Benue,place-of-learning,7.70435,8.534101,exact,false,overture,CDLA-Permissive-2.0,Overture 5eef9cb4-1def-4a0c-9877-6881c2e01a41; confidence 0.896709144115448
ov-f50cc707-285c-470e-82db-7ba1fed729ac,Virtue Heights Women and Girl Child Foundation,,Makurdi,Makurdi,Benue,place-of-learning,7.726184,8.490651,exact,false,overture,CDLA-Permissive-2.0,Overture f50cc707-285c-470e-82db-7ba1fed729ac; confidence 0.5817016363143921
ov-f01518c9-72c3-4d4f-abe2-9baa6931d6a7,"Visual health HSE center, Markurdi",,Makurdi,Makurdi,Benue,health-care,7.71852,8.52308,exact,false,overture,CDLA-Permissive-2.0,Overture f01518c9-72c3-4d4f-abe2-9baa6931d6a7; confidence 0.5737553834915161
ov-04474f6d-1905-4ee5-8dfe-d763373c3b94,Visual Lounge & Resort,,Makurdi,Makurdi,Benue,lounge,7.765578,8.621162,exact,false,overture,CDLA-Permissive-2.0,Overture 04474f6d-1905-4ee5-8dfe-d763373c3b94; confidence 0.6046008467674255
wd-Q130639037,"Vitality clinic and maternity, Benue",,Makurdi,Makurdi,Benue,clinic,7.718901,8.538446,exact,false,wikidata,,Wikidata Q130639037; instance-of: clinic; Wikidata Q130639037; instance-of: maternity clinic
ng-benue-makurdi-wadata,Wadata,,Makurdi,Makurdi,Benue,district,7.725,8.53,approximate,false,curated,project-owned,Draft; coords approximate
ov-18c6ab75-75f2-45fc-9aff-74ed032a794d,Wadata Guest House Club,,Makurdi,Makurdi,Benue,hotel,7.74525,8.50735,exact,false,overture,CDLA-Permissive-2.0,Overture 18c6ab75-75f2-45fc-9aff-74ed032a794d; confidence 0.5112562775611877
wd-Q108548167,Wadata main market,,Makurdi,Makurdi,Benue,market,7.745191,8.512596,exact,false,wikidata,,Wikidata Q108548167; instance-of: market
ov-eb568abd-0ec1-48fd-9b65-48db94da7e70,Wadata TV- NG,,Makurdi,Makurdi,Benue,place,7.743041,8.507366,exact,false,overture,CDLA-Permissive-2.0,Overture eb568abd-0ec1-48fd-9b65-48db94da7e70; confidence 0.5790255069732666
wd-Q59815279,Wailomayo,,Makurdi,Makurdi,Benue,place,7.7189,8.5309,exact,false,wikidata,,Wikidata Q59815279; instance-of: ward of the makurdi legislative council
ov-dee64afe-2767-4ba8-9824-9cef3caa474e,Wajina Int'l Schools,,Makurdi,Makurdi,Benue,place-of-learning,7.725154,8.537015,exact,false,overture,CDLA-Permissive-2.0,Overture dee64afe-2767-4ba8-9824-9cef3caa474e; confidence 0.7709959149360657
wd-Q126118347,Wajina International School,,Makurdi,Makurdi,Benue,school,7.732221,8.539162,exact,false,wikidata,,Wikidata Q126118347; instance-of: school
gn-makurdi-waku-ppl-6852905,Waku,,Makurdi,Makurdi,Benue,village,7.85236,8.52829,exact,false,geonames,CC-BY-4.0,GeoNames feature P.PPL
gn-makurdi-walmayo-ppl-2319268,Walmayo,,Makurdi,Makurdi,Benue,village,7.73092,8.54306,exact,false,geonames,CC-BY-4.0,GeoNames feature P.PPL
wd-Q136499623,WANO PHARMACY LTD,,Makurdi,Makurdi,Benue,place,7.738581,8.51033,exact,false,wikidata,,Wikidata Q136499623; instance-of: pharmacy
ov-fdfbbd40-1474-43c4-a5e1-7b9d5b94bc65,WashBarn laundry services,,Makurdi,Makurdi,Benue,laundry-service,7.72223,8.51627,exact,false,overture,CDLA-Permissive-2.0,Overture fdfbbd40-1474-43c4-a5e1-7b9d5b94bc65; confidence 0.5409631729125977
ov-cb2fec32-684b-44d1-a437-6ed76b5a14d4,Wellington Workplace Ltd,,Makurdi,Makurdi,Benue,technical-service,7.735038,8.5284,exact,false,overture,CDLA-Permissive-2.0,Overture cb2fec32-684b-44d1-a437-6ed76b5a14d4; confidence 0.5923646688461304
wd-Q136762893,Wellspring Schools Makurdi,,Makurdi,Makurdi,Benue,school,7.735219,8.522537,exact,false,wikidata,,Wikidata Q136762893; instance-of: school
ov-d7338630-0467-4903-9d8e-d44ad1f3fda8,White Castle Hotel,,Makurdi,Makurdi,Benue,hotel,7.695331,8.53475,exact,false,overture,CDLA-Permissive-2.0,Overture d7338630-0467-4903-9d8e-d44ad1f3fda8; confidence 0.6591299772262573
ov-11cbfc34-fa37-4d73-8bee-1ceaa5f43d8f,Whyte-Lily's Rice,,Makurdi,Makurdi,Benue,farm,7.708529,8.503716,exact,false,overture,CDLA-Permissive-2.0,Overture 11cbfc34-fa37-4d73-8bee-1ceaa5f43d8f; confidence 0.595172107219696
ov-c424a11e-c979-4a5c-9f38-f836cecdbbb6,Wills Delight Enterprise,,Makurdi,Makurdi,Benue,home-service,7.74127,8.50989,exact,false,overture,CDLA-Permissive-2.0,Overture c424a11e-c979-4a5c-9f38-f836cecdbbb6; confidence 0.856415867805481
ov-5df61e91-2d7a-4223-a6f4-adb165f90fa4,Wind Of Revival Ministries Makurdi,,Makurdi,Makurdi,Benue,religious-organization,7.73777,8.51056,exact,false,overture,CDLA-Permissive-2.0,Overture 5df61e91-2d7a-4223-a6f4-adb165f90fa4; confidence 0.5486027598381042
ov-d473aa15-89b1-470b-9699-74d05676a439,Window On America Makurdi,,Makurdi,Makurdi,Benue,research-institute,7.723712,8.552062,exact,false,overture,CDLA-Permissive-2.0,Overture d473aa15-89b1-470b-9699-74d05676a439; confidence 0.6873964071273804
ov-17b5b91e-326d-49a6-8d2d-237c6bb87b6d,Winners Campus Fellowship FUAM,,Makurdi,Makurdi,Benue,religious-organization,7.766784,8.63079,exact,false,overture,CDLA-Permissive-2.0,Overture 17b5b91e-326d-49a6-8d2d-237c6bb87b6d; confidence 0.6651616096496582
ov-b70438a9-e346-4793-9cdc-2373290d6e4c,Winning Finance,,Makurdi,Makurdi,Benue,financial-service,7.72643,8.52608,exact,false,overture,CDLA-Permissive-2.0,Overture b70438a9-e346-4793-9cdc-2373290d6e4c; confidence 0.09697378426790237; address locality: Abuja
ov-046740c3-6a19-4ac1-a654-d9549f629349,Winplus Academy,,Makurdi,Makurdi,Benue,education,7.72212,8.53633,exact,false,overture,CDLA-Permissive-2.0,Overture 046740c3-6a19-4ac1-a654-d9549f629349; confidence 0.5803706049919128
ov-e8f881f0-bcca-4634-a48c-2fa4b70aaa54,Wishford Engineering,,Makurdi,Makurdi,Benue,home-service,7.726216,8.535861,exact,false,overture,CDLA-Permissive-2.0,Overture e8f881f0-bcca-4634-a48c-2fa4b70aaa54; confidence 0.8460694551467896
ov-8478313c-452a-4cca-93ff-b543babbfd90,Wolama Nigeria Limited,,Makurdi,Makurdi,Benue,professional-service,7.74069,8.51642,exact,false,overture,CDLA-Permissive-2.0,Overture 8478313c-452a-4cca-93ff-b543babbfd90; confidence 0.586290180683136
ov-19fd54ed-b132-44f3-ac0c-a03caf03b74a,Women's Midlife Support Initiative,,Makurdi,Makurdi,Benue,civic-organization,7.733482,8.505367,exact,false,overture,CDLA-Permissive-2.0,Overture 19fd54ed-b132-44f3-ac0c-a03caf03b74a; confidence 0.5837136507034302
ov-00494d99-93ad-4c1d-9cd4-465dfad00ee7,Wonderlust Farms,,Makurdi,Makurdi,Benue,b2b-service,7.7287,8.5329,exact,false,overture,CDLA-Permissive-2.0,Overture 00494d99-93ad-4c1d-9cd4-465dfad00ee7; confidence 0.7030816674232483
wd-Q125471871,Word Aflame Family Church,,Makurdi,Makurdi,Benue,church,7.717706,8.538356,exact,false,wikidata,,Wikidata Q125471871; instance-of: church building
wd-Q136655417,Word Aflame Family Church Makurdi Benue State,,Makurdi,Makurdi,Benue,place,7.777758,8.542284,exact,false,wikidata,,Wikidata Q136655417; instance-of: structure of worship
ov-97d594cd-2507-4be9-9f24-a06949abae02,Word Power Ministries Worldwide.     Aka. Power Chapel,,Makurdi,Makurdi,Benue,religious-organization,7.72513,8.49903,exact,false,overture,CDLA-Permissive-2.0,Overture 97d594cd-2507-4be9-9f24-a06949abae02; confidence 0.5357332229614258
ov-2e4b6964-82c1-4d7f-a5ac-6e0c511e1a10,World Impact Church International,,Makurdi,Makurdi,Benue,religious-organization,7.72544,8.545521,exact,false,overture,CDLA-Permissive-2.0,Overture 2e4b6964-82c1-4d7f-a5ac-6e0c511e1a10; confidence 0.8935317993164062
ov-a9d90c5e-5e1d-4234-8ba6-431daca32942,WOYECC,,Makurdi,Makurdi,Benue,social-or-community-service,7.73333,8.53333,exact,false,overture,CDLA-Permissive-2.0,Overture a9d90c5e-5e1d-4234-8ba6-431daca32942; confidence 0.5499794483184814
gn-makurdi-wuana-ppl-9507376,Wuana,,Makurdi,Makurdi,Benue,village,7.69986,8.47495,exact,false,geonames,CC-BY-4.0,GeoNames feature P.PPL
wd-Q123317127,Wukurun market Makurdi,,Makurdi,Makurdi,Benue,market,7.725628,8.536051,exact,false,wikidata,,Wikidata Q123317127; instance-of: market
gn-makurdi-wuna-ppl-9507377,Wuna,,Makurdi,Makurdi,Benue,village,7.70002,8.48031,exact,false,geonames,CC-BY-4.0,GeoNames feature P.PPL
ng-benue-makurdi-wurukum,Wurukum (Low Level),Wurukum|Low Level|Wurukum Roundabout,Makurdi,Makurdi,Benue,district,7.7322,8.5245,approximate,false,curated,project-owned,Coords from Wurukum Market landmark in app
ng-benue-makurdi-wurukum-market,Wurukum Market,Wurukum Roundabout Market|Makurdi Wurukum Market,Makurdi,Makurdi,Benue,market,7.7322,8.5245,approximate,false,curated,project-owned,Landmark coords already used by the app
wd-Q108548209,Wurukum market,,Makurdi,Makurdi,Benue,market,7.724753,8.552929,exact,false,wikidata,,Wikidata Q108548209; instance-of: market
ov-6faae2ab-c27d-4086-9655-f4ccb9f8e596,XanderSub,,Makurdi,Makurdi,Benue,shopping,7.721406,8.535607,exact,false,overture,CDLA-Permissive-2.0,Overture 6faae2ab-c27d-4086-9655-f4ccb9f8e596; confidence 0.3490375578403473
ov-18f66bb9-cf33-4cc4-8912-bb7ea27e437e,Xclusive Wine Bar,,Makurdi,Makurdi,Benue,bar,7.730885,8.534667,exact,false,overture,CDLA-Permissive-2.0,Overture 18f66bb9-cf33-4cc4-8912-bb7ea27e437e; confidence 0.6847448348999023
gn-makurdi-yaiko-ppl-2318486,Yaiko,,Makurdi,Makurdi,Benue,village,7.67686,8.57016,exact,false,geonames,CC-BY-4.0,GeoNames feature P.PPL
wd-Q136564074,Yaikyo Market,,Makurdi,Makurdi,Benue,market,7.672503,8.541748,exact,false,wikidata,,Wikidata Q136564074; instance-of: marketplace
ov-b3a91020-c8ef-4d81-bd82-cf86ea5ed3c3,Yealead Nigeria,,Makurdi,Makurdi,Benue,financial-service,7.75,8.55,exact,false,overture,CDLA-Permissive-2.0,Overture b3a91020-c8ef-4d81-bd82-cf86ea5ed3c3; confidence 0.31151723861694336
ov-c5952aac-9ab2-4fa7-a8ff-3dd9335bfd79,Yellow Diamonds,,Makurdi,Makurdi,Benue,fashion-and-apparel-store,7.75,8.55,exact,false,overture,CDLA-Permissive-2.0,Overture c5952aac-9ab2-4fa7-a8ff-3dd9335bfd79; confidence 0.5552861094474792
gn-makurdi-yenge-ppl-6852753,Yenge,,Makurdi,Makurdi,Benue,village,7.6726,8.45943,exact,false,geonames,CC-BY-4.0,GeoNames feature P.PPL
gn-makurdi-yesa-ppl-9507375,Yesa,,Makurdi,Makurdi,Benue,village,7.70389,8.46825,exact,false,geonames,CC-BY-4.0,GeoNames feature P.PPL
wd-Q130633295,Yima Hospital,,Makurdi,Makurdi,Benue,place,7.760727,8.558014,exact,false,wikidata,,Wikidata Q130633295; instance-of: health
ov-6c072289-a08f-4c6c-9ab4-3c7fb5f06cbd,Yima Hospital,,Makurdi,Makurdi,Benue,hospital,7.714983,8.553626,exact,false,overture,CDLA-Permissive-2.0,Overture 6c072289-a08f-4c6c-9ab4-3c7fb5f06cbd; confidence 0.8013448119163513; address locality: Markurdi
gn-makurdi-yomgbea-ppl-9507346,Yomgbea,,Makurdi,Makurdi,Benue,village,7.72966,8.41251,exact,false,geonames,CC-BY-4.0,GeoNames feature P.PPL
ov-96aeaf44-cee8-4fe7-9bdb-9a837c87d013,Yonash Services Nigeria Limited,,Makurdi,Makurdi,Benue,professional-service,7.72958,8.51882,exact,false,overture,CDLA-Permissive-2.0,Overture 96aeaf44-cee8-4fe7-9bdb-9a837c87d013; confidence 0.6447042226791382
gn-makurdi-youngu-ppl-2317995,Youngu,,Makurdi,Makurdi,Benue,village,7.82491,8.5147,exact,false,geonames,CC-BY-4.0,GeoNames feature P.PPL
gn-makurdi-ywa-ppl-9507350,Ywa,,Makurdi,Makurdi,Benue,village,7.70756,8.41076,exact,false,geonames,CC-BY-4.0,GeoNames feature P.PPL
ov-fb01dedd-8b39-47af-955a-001253822e94,Zaginas Suites,,Makurdi,Makurdi,Benue,hotel,7.7306,8.5361,exact,false,overture,CDLA-Permissive-2.0,Overture fb01dedd-8b39-47af-955a-001253822e94; confidence 0.6817464828491211
ov-d903342e-4d51-427b-96fa-4d8be842b781,Zaron Makurdi,,Makurdi,Makurdi,Benue,personal-care-and-beauty-store,7.7306,8.5361,exact,false,overture,CDLA-Permissive-2.0,Overture d903342e-4d51-427b-96fa-4d8be842b781; confidence 0.7353001832962036
ov-9a183138-dc91-4d67-9212-c3e4a4a86dc4,Zeewell Fresh Foods LTD,,Makurdi,Makurdi,Benue,place,7.70981,8.532629,exact,false,overture,CDLA-Permissive-2.0,Overture 9a183138-dc91-4d67-9212-c3e4a4a86dc4; confidence 0.27616962790489197; address locality: Abuja
ov-53545970-0f18-4628-9c12-4e615fed7ffd,Zenith Bank,,Makurdi,Makurdi,Benue,bank-or-credit-union,7.725446,8.546563,exact,false,overture,CDLA-Permissive-2.0,Overture 53545970-0f18-4628-9c12-4e615fed7ffd; confidence 0.6835834383964539
gn-makurdi-zezo-ppl-9507351,Zezo,,Makurdi,Makurdi,Benue,village,7.72472,8.42621,exact,false,geonames,CC-BY-4.0,GeoNames feature P.PPL
ov-26dca779-acd6-42f6-8746-a3e33e43eaae,Zilany Schools,,Makurdi,Makurdi,Benue,place-of-learning,7.71852,8.52308,exact,false,overture,CDLA-Permissive-2.0,Overture 26dca779-acd6-42f6-8746-a3e33e43eaae; confidence 0.7110308408737183
ov-e24c1434-6a39-43d2-aa5b-4d5e8f5bc55f,ZionTech Computers,,Makurdi,Makurdi,Benue,electronics-store,7.723725,8.53484,exact,false,overture,CDLA-Permissive-2.0,Overture e24c1434-6a39-43d2-aa5b-4d5e8f5bc55f; confidence 0.3531995415687561
ov-93c0672d-f809-41dd-abed-b56fde7f28d0,ZionVet Global Ventures,,Makurdi,Makurdi,Benue,animal-or-pet-service,7.699049,8.564292,exact,false,overture,CDLA-Permissive-2.0,Overture 93c0672d-f809-41dd-abed-b56fde7f28d0; confidence 0.832175076007843
ov-78c24208-a7a8-4bb7-91bd-9fb170d98e5b,Zoe-Ease Healthcare and Diagnostics HubI'm,,Makurdi,Makurdi,Benue,hospital,7.736823,8.50816,exact,false,overture,CDLA-Permissive-2.0,Overture 78c24208-a7a8-4bb7-91bd-9fb170d98e5b; confidence 0.43637269735336304
ov-57ecdc92-5855-40d2-89f1-8d3e9d73e600,ชุดชั้นในไร้ขอบ ของแท้Cha-Bra,,Makurdi,Makurdi,Benue,fashion-and-apparel-store,7.847811,8.528505,exact,false,overture,CDLA-Permissive-2.0,Overture 57ecdc92-5855-40d2-89f1-8d3e9d73e600; confidence 0.08976921439170837
ov-94574ef5-17c3-4115-8550-21024e3370ef,𝐁𝐃𝐎 𝐔𝐈𝐓𝐅 𝐈𝐍𝐕𝐄𝐒𝐓𝐌𝐄𝐍𝐓 𝐏𝐋𝐀𝐓𝐅𝐎𝐑𝐌 𝐓𝐑𝐔𝐒𝐓 𝐅𝐔𝐍𝐃𝐒,,Makurdi,Makurdi,Benue,financial-service,7.74127,8.50989,exact,false,overture,CDLA-Permissive-2.0,Overture 94574ef5-17c3-4115-8550-21024e3370ef; confidence 0.3802497684955597
gn-otukpo-aloma-ppl-6914564,Aloma,,Otukpo,Otukpo,Benue,village,6.80605,8.23045,exact,false,geonames,CC-BY-4.0,GeoNames feature P.PPL
gn-otukpo-egbella-ppl-2343918,Egbella,,Otukpo,Otukpo,Benue,village,6.87915,8.15092,exact,false,geonames,CC-BY-4.0,GeoNames feature P.PPL
wd-Q139488263,Ekile,,Otukpo,Otukpo,Benue,settlement,6.819893,8.14478,exact,false,wikidata,,Wikidata Q139488263; instance-of: human settlement
ng-benue-otukpo-fgc,Federal Government College Otukpo,FGC Otukpo|Federal Government College Otukpo,Otukpo,Otukpo,Benue,school,6.87,8.18,approximate,false,curated,project-owned,Draft; existence likely - coords approximate - verify
gn-otukpo-idelele-ppl-6914561,Idelele,,Otukpo,Otukpo,Benue,village,6.88014,8.15693,exact,false,geonames,CC-BY-4.0,GeoNames feature P.PPL
gn-otukpo-ijigbam-ppl-6914557,Ijigbam,Igbam,Otukpo,Otukpo,Benue,village,6.77623,8.08721,exact,false,geonames,CC-BY-4.0,GeoNames feature P.PPL
gn-otukpo-ikahi-ppl-6914563,Ikahi,,Otukpo,Otukpo,Benue,village,6.84883,8.27262,exact,false,geonames,CC-BY-4.0,GeoNames feature P.PPL
ov-84a35618-4855-48ec-a89a-93f13b0dcc3b,Majesty Learning Fields Owode Yewa,,Otukpo,Otukpo,Benue,place-of-learning,6.77082,8.158692,exact,false,overture,CDLA-Permissive-2.0,Overture 84a35618-4855-48ec-a89a-93f13b0dcc3b; confidence 0.6818224787712097
gn-otukpo-obe-jelili-ppl-6914558,Obe Jelili,,Otukpo,Otukpo,Benue,village,6.94213,8.10261,exact,false,geonames,CC-BY-4.0,GeoNames feature P.PPL
gn-otukpo-okpoko-river-stm-2326943,Okpoko River,Okpauku|Okpoko|River Kpoku|River Okpoko,Otukpo,Otukpo,Benue,river,6.79177,8.23071,exact,false,geonames,CC-BY-4.0,GeoNames feature H.STM
ng-benue-otukpo-lga-secretariat,Otukpo LGA Secretariat,Otukpo LGA Headquarters|Otukpo Council Secretariat,Otukpo,Otukpo,Benue,government,6.866,8.182,approximate,false,curated,project-owned,Draft; coords approximate - verify
ng-benue-otukpo-main-market,Otukpo Main Market,Otukpo Market|Otukpo Central Market,Otukpo,Otukpo,Benue,market,6.867,8.184,approximate,false,curated,project-owned,Draft; coords approximate - verify
ng-benue-otukpo-roundabout,Otukpo Roundabout,Otukpo Junction,Otukpo,Otukpo,Benue,landmark,6.868,8.183,approximate,false,curated,project-owned,Draft - name/placement unconfirmed; verify before shipping
ng-benue-otukpo-town-centre,Otukpo Town Centre,Otukpo town|Otukpo centre,Otukpo,Otukpo,Benue,district,6.8667,8.1833,approximate,false,curated,project-owned,Draft; town centre coords - verify
gn-otukpo-oye-ppl-6914559,Oye,,Otukpo,Otukpo,Benue,village,6.9048,8.1607,exact,false,geonames,CC-BY-4.0,GeoNames feature P.PPL
gn-otukpo-river-icheri-stm-2339173,River Icheri,,Otukpo,Otukpo,Benue,river,6.78557,8.10434,exact,false,geonames,CC-BY-4.0,GeoNames feature H.STM
gn-otukpo-river-ogege-stm-2327705,River Ogege,Ogene River,Otukpo,Otukpo,Benue,river,6.79813,8.22945,exact,false,geonames,CC-BY-4.0,GeoNames feature H.STM
wd-Q129930471,River Okpokwu,,Otukpo,Otukpo,Benue,river,6.860278,8.243333,exact,false,geonames|wikidata,CC-BY-4.0,Wikidata Q129930471; instance-of: river; GeoNames feature H.STM
gn-otukpo-river-ombi-stm-2326266,River Ombi,Ombi|Ombi River,Otukpo,Otukpo,Benue,river,6.87747,8.25765,exact,false,geonames,CC-BY-4.0,GeoNames feature H.STM
wd-Q139495282,Royongo,,Otukpo,Otukpo,Benue,settlement,6.958706,8.112012,exact,false,wikidata,,Wikidata Q139495282; instance-of: human settlement
wd-Q109919055,Abep,,Vandeikya,Vandeikya,Benue,settlement,6.688887,9.017382,exact,false,wikidata,,Wikidata Q109919055; instance-of: human settlement
gn-vandeikya-bawo-ppl-9277015,Bawo,,Vandeikya,Vandeikya,Benue,village,6.70352,8.96911,exact,false,geonames,CC-BY-4.0,GeoNames feature P.PPL
wd-Q109918962,Be,,Vandeikya,Vandeikya,Benue,settlement,6.690734,9.015828,exact,false,wikidata,,Wikidata Q109918962; instance-of: human settlement
gn-vandeikya-bedia-stm-2347392,Bedia,Abep|Be|River Be,Vandeikya,Vandeikya,Benue,river,6.69111,9.0047,exact,false,geonames,CC-BY-4.0,GeoNames feature H.STM
gn-vandeikya-betem-ppl-9276839,Betem,,Vandeikya,Vandeikya,Benue,village,6.7622,8.97574,exact,false,geonames,CC-BY-4.0,GeoNames feature P.PPL
gn-vandeikya-gakem-ppl-2342291,Gakem,,Vandeikya,Vandeikya,Benue,village,6.76963,8.9912,exact,false,geonames,CC-BY-4.0,GeoNames feature P.PPL
gn-vandeikya-mbaafon-forest-reserve-resf-2330459,Mbaafon Forest Reserve,Mbaakon Forest Reserve|Mbakon|Tiv Native Area Number 3,Vandeikya,Vandeikya,Benue,reserve,6.8766,9.1352,exact,false,geonames,CC-BY-4.0,GeoNames feature L.RESF
gn-vandeikya-mbacub-ppl-2330453,Mbacub,,Vandeikya,Vandeikya,Benue,village,6.69301,9.15262,exact,false,geonames,CC-BY-4.0,GeoNames feature P.PPL
wd-Q131152665,Mbatyough,,Vandeikya,Vandeikya,Benue,place,6.71821,9.14432,exact,false,wikidata,,Wikidata Q131152665; instance-of: ward of nigeria
gn-vandeikya-otegbo-ppl-6914679,Otegbo,,Vandeikya,Vandeikya,Benue,village,6.7099,8.99527,exact,false,geonames,CC-BY-4.0,GeoNames feature P.PPL
wd-Q109923064,Otegbo,,Vandeikya,Vandeikya,Benue,settlement,6.71285,9.009094,exact,false,wikidata,,Wikidata Q109923064; instance-of: human settlement
wd-Q7914377,Vandeikya,Vande Ikya,Vandeikya,Vandeikya,Benue,government,6.782346,9.069257,exact,false,geonames|wikidata,CC-BY-4.0,Wikidata Q7914377; instance-of: local government area of nigeria; GeoNames feature P.PPLA2; Wikidata Q109910677; instance-of: human settlement
ng-benue-vandeikya-lga-secretariat,Vandeikya LGA Secretariat,Vandeikya LGA Headquarters,Vandeikya,Vandeikya,Benue,government,6.785,9.0685,approximate,false,curated,project-owned,Draft; coords approximate - verify
ng-benue-vandeikya-main-market,Vandeikya Main Market,Vandeikya Market,Vandeikya,Vandeikya,Benue,market,6.784,9.067,approximate,false,curated,project-owned,Draft; coords approximate - verify
ng-benue-vandeikya-rock,Vandeikya Rock,,Vandeikya,Vandeikya,Benue,landmark,6.79,9.07,approximate,false,curated,project-owned,Draft; also on Wikidata (Q113997776) - coords to be merged from source pull
ng-benue-vandeikya-town-centre,Vandeikya Town Centre,Vandeikya town|Vandeikya centre,Vandeikya,Vandeikya,Benue,district,6.7848,9.068,approximate,false,curated,project-owned,Town coords from GeoNames PPLA2 record - verify
